
> socket-service@1.0.0 start
> node -e "const fs = require('fs'); fs.mkdirSync('dist/config', { recursive: true }); if (fs.existsSync('config/schema.sql')) fs.copyFileSync('config/schema.sql', 'dist/config/schema.sql');" && tsx server.js

📦 cargando ruta notifica (/routes/notifica.js)
✅ [Database] Esquema SQLite cargado correctamente desde config/schema.sql
📦 cargando ruta openpay (/routes/openpay.js)
✅ [Database] Esquema SQLite cargado correctamente desde config/schema.sql
🗄️ [WikiWatcherService] Indexación inicial: 6 archivos .md en C:/yii/ciudadan_app_monorepo/ciudadan_backend_26/socket-service/wiki
👁️ [WikiWatcherService] Monitoreando cambios, carpetas y subcarpetas en C:/yii/ciudadan_app_monorepo/ciudadan_backend_26/socket-service/wiki
🤖 Chatbot inicializado
[Watcher DB] Sin cambios (ya indexado): wiki/faq/preguntas-frecuentes.md
[Watcher DB] Sin cambios (ya indexado): wiki/help/como-funciona.md
[Watcher DB] Sin cambios (ya indexado): wiki/help/como-usar-wikilinks.md
[Watcher DB] Sin cambios (ya indexado): wiki/help/guia-usuario.md
[Watcher DB] Sin cambios (ya indexado): wiki/main/mi-primer-articulo.md
[Watcher DB] Sin cambios (ya indexado): wiki/main/otro-articulo.md
✅ Chatbot montado correctamente: {
  webhookPath: '/webhook',
  publicWebhook: 'https://chatbot.ciudadan.org/webhook'
}
[meta]: Agregar esta url "Webhook"
[meta]: POST http://localhost:33432/webhook
[meta]: Más información en la documentación
🚀 Servidor escuchando en el puerto 33035
🌐 CORS habilitado para: ["http://localhost:3001","http://localhost:3000","http://localhost","http://localhost:33422","http://localhost:33033","https://chatbot.ciudadan.org"," https://ciudadan.org"," https://marihuanas.club"]
🔎 Rutas registradas:
middleware: query
middleware: expressInit
middleware: corsMiddleware
middleware: jsonParser
-- router montado: /^\/api\/?(?=\/|$)/i { fast_star: false, fast_slash: false }
-- router montado: /^\/wiki\/?(?=\/|$)/i { fast_star: false, fast_slash: false }
-- router montado: /^\/?(?=\/|$)/i { fast_star: false, fast_slash: true }
-- router montado: /^\/?(?=\/|$)/i { fast_star: false, fast_slash: true }
-- router montado: /^\/?(?=\/|$)/i { fast_star: false, fast_slash: true }
-- router montado: /^\/notifica\/?(?=\/|$)/i { fast_star: false, fast_slash: false }
-- router montado: /^\/test\/?(?=\/|$)/i { fast_star: false, fast_slash: false }
-- router montado: /^\/api\/?(?=\/|$)/i { fast_star: false, fast_slash: false }
-- router montado: /^\/api\/?(?=\/|$)/i { fast_star: false, fast_slash: false }
-- router montado: /^\/webhook\/?(?=\/|$)/i { fast_star: false, fast_slash: false }
✅ Cliente conectado a WebSocket: ncNQlXRBfhpAGrMPAAAG
✅ Cliente conectado a WebSocket: M_K1QlMVpWt3e0-6AAAH
✅ Cliente conectado a WebSocket: vB98LufDKLcacjQOAAAJ
✅ Cliente conectado a WebSocket: Tx1RqDe4FauOu3cCAAAM
✅ Cliente conectado a WebSocket: nRm2y6NYRm1tronmAAAN
✅ Cliente conectado a WebSocket: _jNxFY61-rWAlzxoAAAP
❌ Cliente desconectado: Tx1RqDe4FauOu3cCAAAM
❌ Cliente desconectado: _jNxFY61-rWAlzxoAAAP
❌ Cliente desconectado: nRm2y6NYRm1tronmAAAN
❌ Cliente desconectado: M_K1QlMVpWt3e0-6AAAH
❌ Cliente desconectado: ncNQlXRBfhpAGrMPAAAG
❌ Cliente desconectado: vB98LufDKLcacjQOAAAJ
✅ Cliente conectado a WebSocket: yKvzXzMKYTXk1lDnAAAU
✅ Cliente conectado a WebSocket: _fh6JSt552lZN_U8AAAV
✅ Cliente conectado a WebSocket: zZCZmf2-XGbygV7iAAAW
✅ Cliente conectado a WebSocket: GCKhE0Yf2Hg49xDCAAAX
✅ Cliente conectado a WebSocket: HNiL_Yd47s23d2JgAAAa
✅ Cliente conectado a WebSocket: 62uewehIFoNlwKrAAAAb
❌ Cliente desconectado: GCKhE0Yf2Hg49xDCAAAX
❌ Cliente desconectado: _fh6JSt552lZN_U8AAAV
❌ Cliente desconectado: 62uewehIFoNlwKrAAAAb
❌ Cliente desconectado: zZCZmf2-XGbygV7iAAAW
❌ Cliente desconectado: yKvzXzMKYTXk1lDnAAAU
❌ Cliente desconectado: HNiL_Yd47s23d2JgAAAa
✅ Cliente conectado a WebSocket: gkHPOnR6iSh4hM1wAAAd
✅ Cliente conectado a WebSocket: 3lCOdEMYJPWkQ18CAAAi
✅ Cliente conectado a WebSocket: UMv1dzmxlYk1EMg_AAAj
✅ Cliente conectado a WebSocket: DsVh_Fzy-4lW0-CdAAAk
✅ Cliente conectado a WebSocket: wI18bK6ti5QVaJFIAAAl
✅ Cliente conectado a WebSocket: x2TrYJRM2Vi-sHhcAAAn
❌ Cliente desconectado: x2TrYJRM2Vi-sHhcAAAn
❌ Cliente desconectado: DsVh_Fzy-4lW0-CdAAAk
❌ Cliente desconectado: 3lCOdEMYJPWkQ18CAAAi
❌ Cliente desconectado: gkHPOnR6iSh4hM1wAAAd
❌ Cliente desconectado: UMv1dzmxlYk1EMg_AAAj
❌ Cliente desconectado: wI18bK6ti5QVaJFIAAAl
✅ Cliente conectado a WebSocket: 9LfDcwS3czmTln94AAAq
✅ Cliente conectado a WebSocket: IRQZD5NPT_8uRiynAAAr
✅ Cliente conectado a WebSocket: 7KnC9BUMBgq8hIZoAAAu
✅ Cliente conectado a WebSocket: NseiNhadSnnOyH06AAAv
✅ Cliente conectado a WebSocket: 5FsLF8K-xZnZp8yxAAAy
✅ Cliente conectado a WebSocket: kpqqrWax2VOp9NCPAAAz
❌ Cliente desconectado: 9LfDcwS3czmTln94AAAq
❌ Cliente desconectado: IRQZD5NPT_8uRiynAAAr
❌ Cliente desconectado: 5FsLF8K-xZnZp8yxAAAy
❌ Cliente desconectado: NseiNhadSnnOyH06AAAv
❌ Cliente desconectado: 7KnC9BUMBgq8hIZoAAAu
❌ Cliente desconectado: kpqqrWax2VOp9NCPAAAz
✅ Cliente conectado a WebSocket: 7L1DWYty89MJm_ZVAAA1
✅ Cliente conectado a WebSocket: rYdLzYrDacgXZPisAAA4
✅ Cliente conectado a WebSocket: k_zXEygMUi4flItmAAA5
✅ Cliente conectado a WebSocket: Q2CvdGqiDn9WGId4AAA8
✅ Cliente conectado a WebSocket: RfuY1jYg8y3naBUPAAA-
✅ Cliente conectado a WebSocket: BBvSxASnu0ODBNlXAAA_
❌ Cliente desconectado: rYdLzYrDacgXZPisAAA4
❌ Cliente desconectado: RfuY1jYg8y3naBUPAAA-
❌ Cliente desconectado: BBvSxASnu0ODBNlXAAA_
❌ Cliente desconectado: 7L1DWYty89MJm_ZVAAA1
❌ Cliente desconectado: Q2CvdGqiDn9WGId4AAA8
❌ Cliente desconectado: k_zXEygMUi4flItmAAA5
✅ Cliente conectado a WebSocket: Sfb1W31kIlHMU_GvAABE
✅ Cliente conectado a WebSocket: X5-H-ZMRSSE6zWFkAABF
✅ Cliente conectado a WebSocket: 4z-SVEr4ncPASKv0AABG
✅ Cliente conectado a WebSocket: 18THi66vB4eMs4zVAABH
✅ Cliente conectado a WebSocket: 6w5PLZaBTk7F9OLVAABJ
✅ Cliente conectado a WebSocket: sCV6I5uEVSXZ9379AABL
❌ Cliente desconectado: 4z-SVEr4ncPASKv0AABG
❌ Cliente desconectado: 6w5PLZaBTk7F9OLVAABJ
❌ Cliente desconectado: X5-H-ZMRSSE6zWFkAABF
✅ Cliente conectado a WebSocket: Vi6830RZhwTaCq6vAABN
✅ Cliente conectado a WebSocket: 9rCNgd2G2Qi7GFvTAABQ
✅ Cliente conectado a WebSocket: Dny6gRYmJUQFK89OAABR
❌ Cliente desconectado: 18THi66vB4eMs4zVAABH
❌ Cliente desconectado: sCV6I5uEVSXZ9379AABL
❌ Cliente desconectado: Sfb1W31kIlHMU_GvAABE
✅ Cliente conectado a WebSocket: kiV6ccZkjyRcBWGSAABV
📂 [Watcher] Cambio detectado (change) en: help/guia-usuario.md
[Watcher DB] Sin cambios (ya indexado): wiki/help/guia-usuario.md
✅ Cliente conectado a WebSocket: FmSYs0fOtH5dKovtAABZ
✅ Cliente conectado a WebSocket: 998_4aROL5Xlwe1AAABa
✅ Cliente conectado a WebSocket: F_OJLYKp5NUxBBdRAABb
❌ Cliente desconectado: Vi6830RZhwTaCq6vAABN
❌ Cliente desconectado: Dny6gRYmJUQFK89OAABR
❌ Cliente desconectado: 9rCNgd2G2Qi7GFvTAABQ
❌ Cliente desconectado: 998_4aROL5Xlwe1AAABa
❌ Cliente desconectado: FmSYs0fOtH5dKovtAABZ
❌ Cliente desconectado: F_OJLYKp5NUxBBdRAABb
✅ Cliente conectado a WebSocket: MM__hoRhenLaMry1AABf
✅ Cliente conectado a WebSocket: dNApwF2Qci_HPJHcAABg
✅ Cliente conectado a WebSocket: 1sf-BwYNMmTPib8hAABh
✅ Cliente conectado a WebSocket: xRPSrDO8i2oqYaPZAABk
✅ Cliente conectado a WebSocket: BD9-kDfkcyABe-czAABl
✅ Cliente conectado a WebSocket: VzjhSeDeae1zN4GrAABn
❌ Cliente desconectado: 1sf-BwYNMmTPib8hAABh
❌ Cliente desconectado: VzjhSeDeae1zN4GrAABn
❌ Cliente desconectado: MM__hoRhenLaMry1AABf
✅ Cliente conectado a WebSocket: ppuWyVshLzsza8gNAABr
✅ Cliente conectado a WebSocket: 6W92hNnI_ElQISRsAABs
✅ Cliente conectado a WebSocket: cQnexAgyJrCfmjP5AABt
❌ Cliente desconectado: dNApwF2Qci_HPJHcAABg
❌ Cliente desconectado: xRPSrDO8i2oqYaPZAABk
❌ Cliente desconectado: BD9-kDfkcyABe-czAABl
✅ Cliente conectado a WebSocket: e4BYWKqTqTewEHJdAABv
❌ Cliente desconectado: ppuWyVshLzsza8gNAABr
❌ Cliente desconectado: cQnexAgyJrCfmjP5AABt
❌ Cliente desconectado: 6W92hNnI_ElQISRsAABs
✅ Cliente conectado a WebSocket: QwxP2SQGKnR39fqCAABx
✅ Cliente conectado a WebSocket: K92QdFKb_Qo8CjIMAABz
✅ Cliente conectado a WebSocket: WtvZ53IRN2r-DTEYAAB3
✅ Cliente conectado a WebSocket: FnTOI9EuU7kgxwj7AAB4
✅ Cliente conectado a WebSocket: 9DDSsXD3D0ykGGHLAAB5
✅ Cliente conectado a WebSocket: Fm302Ag6JTeeQ5y7AAB9
📂 [Watcher] Cambio detectado (change) en: main/otro-articulo.md
[Watcher DB] Sin cambios (ya indexado): wiki/main/otro-articulo.md
❌ Cliente desconectado: e4BYWKqTqTewEHJdAABv
❌ Cliente desconectado: QwxP2SQGKnR39fqCAABx
❌ Cliente desconectado: K92QdFKb_Qo8CjIMAABz
❌ Cliente desconectado: WtvZ53IRN2r-DTEYAAB3
❌ Cliente desconectado: FnTOI9EuU7kgxwj7AAB4
❌ Cliente desconectado: 9DDSsXD3D0ykGGHLAAB5
✅ Cliente conectado a WebSocket: qyp4bBbQFp-cciyEAAB_
✅ Cliente conectado a WebSocket: X9btqHFv_UZrWjszAACC
✅ Cliente conectado a WebSocket: Ev3GgHvtp9OV82RvAACD
❌ Cliente desconectado: kiV6ccZkjyRcBWGSAABV
✅ Cliente conectado a WebSocket: 3ZKUqSd76rJAl0FgAACH
✅ Cliente conectado a WebSocket: G2_NHl5Hy-lmO54jAACI
✅ Cliente conectado a WebSocket: al8Ld79nFGOWq5cpAACJ
❌ Cliente desconectado: qyp4bBbQFp-cciyEAAB_
❌ Cliente desconectado: X9btqHFv_UZrWjszAACC
❌ Cliente desconectado: Ev3GgHvtp9OV82RvAACD
❌ Cliente desconectado: 3ZKUqSd76rJAl0FgAACH
❌ Cliente desconectado: G2_NHl5Hy-lmO54jAACI
❌ Cliente desconectado: al8Ld79nFGOWq5cpAACJ
✅ Cliente conectado a WebSocket: GFk9lCyFGdoBzEvbAACL
✅ Cliente conectado a WebSocket: WGK0VrvCMiZN3NjBAACN
✅ Cliente conectado a WebSocket: -O-jbFGTVbGJBsnBAACP
✅ Cliente conectado a WebSocket: cdMZg4IZOpzE3FUlAACR
✅ Cliente conectado a WebSocket: zc3Ur26s3UAEIpayAACT
✅ Cliente conectado a WebSocket: pgdnJlDvxKbTLhuZAACV
❌ Cliente desconectado: Fm302Ag6JTeeQ5y7AAB9
✅ Cliente conectado a WebSocket: s7x-A2Dcovy6sj-MAACX
❌ Cliente desconectado: GFk9lCyFGdoBzEvbAACL
❌ Cliente desconectado: WGK0VrvCMiZN3NjBAACN
❌ Cliente desconectado: -O-jbFGTVbGJBsnBAACP
❌ Cliente desconectado: cdMZg4IZOpzE3FUlAACR
❌ Cliente desconectado: zc3Ur26s3UAEIpayAACT
❌ Cliente desconectado: pgdnJlDvxKbTLhuZAACV
✅ Cliente conectado a WebSocket: 1LxhuITO6MNlo14UAACa
✅ Cliente conectado a WebSocket: WSxF0KW15D4ZapPlAACb
❌ Cliente desconectado: s7x-A2Dcovy6sj-MAACX
✅ Cliente conectado a WebSocket: wVTSxM4SsjS9uzr-AACe
✅ Cliente conectado a WebSocket: sUHAQuGtbgnzHKR6AACf
✅ Cliente conectado a WebSocket: rBthKPFErGXS4AiLAACj
✅ Cliente conectado a WebSocket: N4guSTCMxK6YgiEQAACk
✅ Cliente conectado a WebSocket: Qz7FK-OTXLiv1ax3AACl
❌ Cliente desconectado: wVTSxM4SsjS9uzr-AACe
❌ Cliente desconectado: Qz7FK-OTXLiv1ax3AACl
❌ Cliente desconectado: N4guSTCMxK6YgiEQAACk
❌ Cliente desconectado: rBthKPFErGXS4AiLAACj
❌ Cliente desconectado: 1LxhuITO6MNlo14UAACa
❌ Cliente desconectado: sUHAQuGtbgnzHKR6AACf
❌ Cliente desconectado: WSxF0KW15D4ZapPlAACb
✅ Cliente conectado a WebSocket: N4r1vC7QcENWWiDgAACo
✅ Cliente conectado a WebSocket: tsMOsHXD80ylhvlMAACp
✅ Cliente conectado a WebSocket: wk5JsgdEfHIUQHQRAACv
✅ Cliente conectado a WebSocket: pgqve4M-NkdpVFQrAACw
✅ Cliente conectado a WebSocket: xSdryKEG8Ik86AljAACx
✅ Cliente conectado a WebSocket: H3haHYafTQZQ8FsoAACy
✅ Cliente conectado a WebSocket: gYz2dApq-aq6uQlrAACz
❌ Cliente desconectado: N4r1vC7QcENWWiDgAACo
❌ Cliente desconectado: wk5JsgdEfHIUQHQRAACv
❌ Cliente desconectado: tsMOsHXD80ylhvlMAACp
❌ Cliente desconectado: pgqve4M-NkdpVFQrAACw
❌ Cliente desconectado: gYz2dApq-aq6uQlrAACz
❌ Cliente desconectado: H3haHYafTQZQ8FsoAACy
❌ Cliente desconectado: xSdryKEG8Ik86AljAACx
✅ Cliente conectado a WebSocket: 8E4ayy3_TPhkNvkjAAC3
✅ Cliente conectado a WebSocket: nfXSnS9VveGu4ACuAAC4
✅ Cliente conectado a WebSocket: FFNHDjpu06naRi7uAAC5
✅ Cliente conectado a WebSocket: 2K4a4aH_AHs0rp0OAAC7
✅ Cliente conectado a WebSocket: TJwOxb-y6LB5bGkPAAC9
✅ Cliente conectado a WebSocket: TUKBpUXZ7FvKiQa9AADA
✅ Cliente conectado a WebSocket: YMtTWlO2GsZtArAhAADB
❌ Cliente desconectado: 2K4a4aH_AHs0rp0OAAC7
❌ Cliente desconectado: TJwOxb-y6LB5bGkPAAC9
❌ Cliente desconectado: YMtTWlO2GsZtArAhAADB
❌ Cliente desconectado: TUKBpUXZ7FvKiQa9AADA
❌ Cliente desconectado: FFNHDjpu06naRi7uAAC5
❌ Cliente desconectado: 8E4ayy3_TPhkNvkjAAC3
❌ Cliente desconectado: nfXSnS9VveGu4ACuAAC4
✅ Cliente conectado a WebSocket: II_ozgjjRuKiGnrqAADD
✅ Cliente conectado a WebSocket: g661W2pFxvzhDSLIAADJ
✅ Cliente conectado a WebSocket: gQlvfEjJCBcRlPtjAADK
✅ Cliente conectado a WebSocket: Vhzm9s60aTfOPrcvAADL
✅ Cliente conectado a WebSocket: x1U5ExDER1uKr8AOAADM
✅ Cliente conectado a WebSocket: sivWF-QNCcU1N3GAAADN
✅ Cliente conectado a WebSocket: 1vTztb9fBBry3KzUAADP
❌ Cliente desconectado: II_ozgjjRuKiGnrqAADD
❌ Cliente desconectado: gQlvfEjJCBcRlPtjAADK
❌ Cliente desconectado: 1vTztb9fBBry3KzUAADP
❌ Cliente desconectado: x1U5ExDER1uKr8AOAADM
❌ Cliente desconectado: g661W2pFxvzhDSLIAADJ
❌ Cliente desconectado: Vhzm9s60aTfOPrcvAADL
❌ Cliente desconectado: sivWF-QNCcU1N3GAAADN
✅ Cliente conectado a WebSocket: 2gzyw1_ySs3G_o7uAADS
✅ Cliente conectado a WebSocket: RSKf4oVMfz8Idx_QAADU
✅ Cliente conectado a WebSocket: c6Gsbqon4pgoUycJAADV
✅ Cliente conectado a WebSocket: yvZrEvADqQgHWqlVAADZ
✅ Cliente conectado a WebSocket: LD_0-BmnQFy4VzWUAADa
✅ Cliente conectado a WebSocket: mJaa-LFv4UdbZWkBAADb
✅ Cliente conectado a WebSocket: cnfPiacU2Zsm4EmoAADd
❌ Cliente desconectado: RSKf4oVMfz8Idx_QAADU
❌ Cliente desconectado: yvZrEvADqQgHWqlVAADZ
❌ Cliente desconectado: cnfPiacU2Zsm4EmoAADd
❌ Cliente desconectado: c6Gsbqon4pgoUycJAADV
❌ Cliente desconectado: LD_0-BmnQFy4VzWUAADa
❌ Cliente desconectado: mJaa-LFv4UdbZWkBAADb
✅ Cliente conectado a WebSocket: LnEtBkOBn_fjgfYxAADf
✅ Cliente conectado a WebSocket: joYhSisPdgN_VztyAADj
✅ Cliente conectado a WebSocket: KFkgeqEMAup2CWdhAADk
✅ Cliente conectado a WebSocket: gsNDK28y0TdzkKPxAADl
✅ Cliente conectado a WebSocket: sNIBeAbrBb9_vl18AADo
✅ Cliente conectado a WebSocket: 3ykCBoxptvGH1QhsAADp
❌ Cliente desconectado: joYhSisPdgN_VztyAADj
❌ Cliente desconectado: sNIBeAbrBb9_vl18AADo
❌ Cliente desconectado: 3ykCBoxptvGH1QhsAADp
❌ Cliente desconectado: LnEtBkOBn_fjgfYxAADf
❌ Cliente desconectado: gsNDK28y0TdzkKPxAADl
❌ Cliente desconectado: KFkgeqEMAup2CWdhAADk
✅ Cliente conectado a WebSocket: NcQGZQWt1kfxyV2YAADu
✅ Cliente conectado a WebSocket: NEZB2uS1G4DzzCDMAADv
✅ Cliente conectado a WebSocket: 0IWAdmxl9IQe7a5NAADw
✅ Cliente conectado a WebSocket: 1mDv0rk_upDMz7xDAADx
✅ Cliente conectado a WebSocket: jRfwy_2oQyejClRaAAD0
✅ Cliente conectado a WebSocket: itO3K_LKuLMAQXLuAAD1
📂 [Watcher] Cambio detectado (rename) en: help/indice.md
🗄️ [Watcher DB] Documento sincronizado en SQLite: wiki/help/indice.md
❌ Cliente desconectado: NcQGZQWt1kfxyV2YAADu
❌ Cliente desconectado: itO3K_LKuLMAQXLuAAD1
❌ Cliente desconectado: jRfwy_2oQyejClRaAAD0
❌ Cliente desconectado: 0IWAdmxl9IQe7a5NAADw
❌ Cliente desconectado: 1mDv0rk_upDMz7xDAADx
❌ Cliente desconectado: NEZB2uS1G4DzzCDMAADv
✅ Cliente conectado a WebSocket: dUd_uI6YWB2xZmdAAAD4
✅ Cliente conectado a WebSocket: rKk5XTJDWYY0eHEzAAD5
✅ Cliente conectado a WebSocket: NADv6P9vKah5idVtAAD7
✅ Cliente conectado a WebSocket: qlebHg010QTN0KXXAAD9
✅ Cliente conectado a WebSocket: CeJAzPHgyPJeifZ2AAD_
✅ Cliente conectado a WebSocket: rOm5uLc6y3ewxn38AAEB
❌ Cliente desconectado: dUd_uI6YWB2xZmdAAAD4
❌ Cliente desconectado: rOm5uLc6y3ewxn38AAEB
❌ Cliente desconectado: qlebHg010QTN0KXXAAD9
❌ Cliente desconectado: rKk5XTJDWYY0eHEzAAD5
❌ Cliente desconectado: CeJAzPHgyPJeifZ2AAD_
❌ Cliente desconectado: NADv6P9vKah5idVtAAD7
✅ Cliente conectado a WebSocket: iXuxOAo4t8xQ9DQsAAEE
✅ Cliente conectado a WebSocket: 9KP9gdgAEANf2EjgAAEF
✅ Cliente conectado a WebSocket: MfsBGg-wmfurvh8GAAEH
✅ Cliente conectado a WebSocket: --vqOGwC46kKQcT5AAEK
✅ Cliente conectado a WebSocket: AaxNmEMT8jamjf2ZAAEL
❌ Cliente desconectado: 9KP9gdgAEANf2EjgAAEF
❌ Cliente desconectado: iXuxOAo4t8xQ9DQsAAEE
✅ Cliente conectado a WebSocket: rT8EckEx1F-XJ_kaAAEN
✅ Cliente conectado a WebSocket: im_BJbHuIC2k4dd0AAEP
✅ Cliente conectado a WebSocket: nZs8dT2zKdzq_-3qAAER
❌ Cliente desconectado: MfsBGg-wmfurvh8GAAEH
❌ Cliente desconectado: AaxNmEMT8jamjf2ZAAEL
❌ Cliente desconectado: --vqOGwC46kKQcT5AAEK
✅ Cliente conectado a WebSocket: 3oNEV4gC-LeIQLxkAAET
✅ Cliente conectado a WebSocket: RCRh5NS3-CyYH9BbAAEV
✅ Cliente conectado a WebSocket: FJDIOUBYvQRIKNfvAAEX
❌ Cliente desconectado: nZs8dT2zKdzq_-3qAAER
❌ Cliente desconectado: im_BJbHuIC2k4dd0AAEP
❌ Cliente desconectado: rT8EckEx1F-XJ_kaAAEN
❌ Cliente desconectado: RCRh5NS3-CyYH9BbAAEV
❌ Cliente desconectado: 3oNEV4gC-LeIQLxkAAET
❌ Cliente desconectado: FJDIOUBYvQRIKNfvAAEX
✅ Cliente conectado a WebSocket: E2Wh5sugzXFp_DW-AAEb
✅ Cliente conectado a WebSocket: y6hUPkNtfLxq3BpoAAEc
✅ Cliente conectado a WebSocket: Y0JwqalDZMiU7KJJAAEd
✅ Cliente conectado a WebSocket: iDMrZa8cA5NupW5sAAEh
✅ Cliente conectado a WebSocket: et64Y65Ui7sCr_T4AAEi
✅ Cliente conectado a WebSocket: aSN3PYDWh3t0ubYuAAEj
❌ Cliente desconectado: y6hUPkNtfLxq3BpoAAEc
❌ Cliente desconectado: iDMrZa8cA5NupW5sAAEh
❌ Cliente desconectado: Y0JwqalDZMiU7KJJAAEd
✅ Cliente conectado a WebSocket: j2myVvjmpBjImTsNAAEl
✅ Cliente conectado a WebSocket: 1GT9A6CH_GL_4YX0AAEn
✅ Cliente conectado a WebSocket: 6wk9ColnpFfuWBYyAAEp
❌ Cliente desconectado: E2Wh5sugzXFp_DW-AAEb
❌ Cliente desconectado: et64Y65Ui7sCr_T4AAEi
❌ Cliente desconectado: aSN3PYDWh3t0ubYuAAEj
✅ Cliente conectado a WebSocket: R9k3XXw8k960UiQcAAEr
✅ Cliente conectado a WebSocket: uMG_x65y0lgkvJ3SAAEu
✅ Cliente conectado a WebSocket: DDUS-VlwPiz1kHLOAAEv
📂 [Watcher] Cambio detectado (change) en: help/indice.md
🗄️ [Watcher DB] Documento sincronizado en SQLite: wiki/help/indice.md
❌ Cliente desconectado: j2myVvjmpBjImTsNAAEl
❌ Cliente desconectado: 1GT9A6CH_GL_4YX0AAEn
❌ Cliente desconectado: 6wk9ColnpFfuWBYyAAEp
❌ Cliente desconectado: R9k3XXw8k960UiQcAAEr
❌ Cliente desconectado: uMG_x65y0lgkvJ3SAAEu
❌ Cliente desconectado: DDUS-VlwPiz1kHLOAAEv
✅ Cliente conectado a WebSocket: NROYqf38x68DlUiCAAEy
✅ Cliente conectado a WebSocket: RwVRDfuJOP9V5rcoAAEz
✅ Cliente conectado a WebSocket: EnzA1ea36KKhHaDoAAE1
✅ Cliente conectado a WebSocket: orBbSVGHN1QlMyjOAAE5
❌ Cliente desconectado: NROYqf38x68DlUiCAAEy
❌ Cliente desconectado: RwVRDfuJOP9V5rcoAAEz
❌ Cliente desconectado: EnzA1ea36KKhHaDoAAE1
❌ Cliente desconectado: orBbSVGHN1QlMyjOAAE5
✅ Cliente conectado a WebSocket: nUaWcHeYjbpUh0bYAAE8
✅ Cliente conectado a WebSocket: t3LFUyfJFuU8LZrtAAE9
✅ Cliente conectado a WebSocket: dcqaws6-VdzbiGetAAE_
❌ Cliente desconectado: 2gzyw1_ySs3G_o7uAADS
✅ Cliente conectado a WebSocket: OqtptVMSiHpf1q2wAAFD
❌ Cliente desconectado: nUaWcHeYjbpUh0bYAAE8
❌ Cliente desconectado: t3LFUyfJFuU8LZrtAAE9
❌ Cliente desconectado: dcqaws6-VdzbiGetAAE_
✅ Cliente conectado a WebSocket: XI2lCZH6BH0Qf6b_AAFF
✅ Cliente conectado a WebSocket: r3qgzpwWxbwd0R7FAAFH
✅ Cliente conectado a WebSocket: GZHvP9vqrQcgye-hAAFJ
✅ Cliente conectado a WebSocket: zfuHszl-jupaon8CAAFL
✅ Cliente conectado a WebSocket: YGRk3aQ6r21v454qAAFN
✅ Cliente conectado a WebSocket: Qpp-6cqRt91tMltHAAFP
❌ Cliente desconectado: OqtptVMSiHpf1q2wAAFD
✅ Cliente conectado a WebSocket: i2xhwHP_qxQqKnAcAAFR
❌ Cliente desconectado: XI2lCZH6BH0Qf6b_AAFF
❌ Cliente desconectado: r3qgzpwWxbwd0R7FAAFH
❌ Cliente desconectado: GZHvP9vqrQcgye-hAAFJ
❌ Cliente desconectado: zfuHszl-jupaon8CAAFL
❌ Cliente desconectado: YGRk3aQ6r21v454qAAFN
❌ Cliente desconectado: Qpp-6cqRt91tMltHAAFP
📂 [Watcher] Cambio detectado (rename) en: help/cuenta.md
🗄️ [Watcher DB] Documento sincronizado en SQLite: wiki/help/cuenta.md
✅ Cliente conectado a WebSocket: vE8nTY3rQavlfbFdAAFV
✅ Cliente conectado a WebSocket: 2XBV7Tg8YlSsdB1qAAFW
✅ Cliente conectado a WebSocket: JroOUKDmoREjqZV_AAFX
✅ Cliente conectado a WebSocket: CTnC0HlSc_mbyuEOAAFZ
✅ Cliente conectado a WebSocket: IEeKq4_cgapOZC-UAAFc
✅ Cliente conectado a WebSocket: hyr2hZSlxZW6efSNAAFd
❌ Cliente desconectado: i2xhwHP_qxQqKnAcAAFR
✅ Cliente conectado a WebSocket: IPAjGqTlk_F_xRx9AAFf
❌ Cliente desconectado: vE8nTY3rQavlfbFdAAFV
❌ Cliente desconectado: 2XBV7Tg8YlSsdB1qAAFW
❌ Cliente desconectado: JroOUKDmoREjqZV_AAFX
❌ Cliente desconectado: CTnC0HlSc_mbyuEOAAFZ
❌ Cliente desconectado: IEeKq4_cgapOZC-UAAFc
❌ Cliente desconectado: hyr2hZSlxZW6efSNAAFd
✅ Cliente conectado a WebSocket: 8flJcCzRvdOK85gGAAFi
✅ Cliente conectado a WebSocket: dZj_pb624JjxLFbcAAFj
✅ Cliente conectado a WebSocket: ySB3exblpCh2IpQ8AAFl
✅ Cliente conectado a WebSocket: e_OrugqP07rdcuq5AAFn
✅ Cliente conectado a WebSocket: PaHL5hNGCUKRqMV0AAFp
✅ Cliente conectado a WebSocket: 4wz5DJZUOr_ynL4lAAFr
❌ Cliente desconectado: IPAjGqTlk_F_xRx9AAFf
✅ Cliente conectado a WebSocket: 6Ix-bLSleen7rXOcAAFt
📂 [Watcher] Cambio detectado (rename) en: help/membresias.md
🗄️ [Watcher DB] Documento sincronizado en SQLite: wiki/help/membresias.md
❌ Cliente desconectado: 8flJcCzRvdOK85gGAAFi
❌ Cliente desconectado: dZj_pb624JjxLFbcAAFj
❌ Cliente desconectado: ySB3exblpCh2IpQ8AAFl
❌ Cliente desconectado: e_OrugqP07rdcuq5AAFn
❌ Cliente desconectado: PaHL5hNGCUKRqMV0AAFp
❌ Cliente desconectado: 4wz5DJZUOr_ynL4lAAFr
✅ Cliente conectado a WebSocket: 87Lj-dZlD7BDdNFqAAFx
✅ Cliente conectado a WebSocket: WE9oQifoZNXJqC0QAAFy
✅ Cliente conectado a WebSocket: C_serSqKxPK9mgd9AAFz
✅ Cliente conectado a WebSocket: UmmM73r-BlQeMDr9AAF3
✅ Cliente conectado a WebSocket: 39nsIGp6gU6_1KINAAF4
✅ Cliente conectado a WebSocket: t3DXeo0neVVOla7-AAF5
❌ Cliente desconectado: 6Ix-bLSleen7rXOcAAFt
✅ Cliente conectado a WebSocket: WO34yru6NPBapOmrAAF7
❌ Cliente desconectado: C_serSqKxPK9mgd9AAFz
❌ Cliente desconectado: 87Lj-dZlD7BDdNFqAAFx
❌ Cliente desconectado: WE9oQifoZNXJqC0QAAFy
❌ Cliente desconectado: UmmM73r-BlQeMDr9AAF3
❌ Cliente desconectado: t3DXeo0neVVOla7-AAF5
❌ Cliente desconectado: 39nsIGp6gU6_1KINAAF4
✅ Cliente conectado a WebSocket: bf546zUVMMBrOsPhAAF9
✅ Cliente conectado a WebSocket: ZAPDwXyer78Cgu3nAAGA
✅ Cliente conectado a WebSocket: 2N9cr_cHf4lfkk6fAAGB
✅ Cliente conectado a WebSocket: Yw-94EQLpfH5gTZDAAGF
✅ Cliente conectado a WebSocket: q7rJho3VrhU7_U2rAAGG
✅ Cliente conectado a WebSocket: yBDbmrDu0YPKYa_tAAGH
❌ Cliente desconectado: WO34yru6NPBapOmrAAF7
✅ Cliente conectado a WebSocket: MavzuFquvSr-seR1AAGJ
❌ Cliente desconectado: bf546zUVMMBrOsPhAAF9
❌ Cliente desconectado: 2N9cr_cHf4lfkk6fAAGB
❌ Cliente desconectado: ZAPDwXyer78Cgu3nAAGA
❌ Cliente desconectado: yBDbmrDu0YPKYa_tAAGH
❌ Cliente desconectado: Yw-94EQLpfH5gTZDAAGF
❌ Cliente desconectado: q7rJho3VrhU7_U2rAAGG
✅ Cliente conectado a WebSocket: n_2-2Q4RtfwCjUGNAAGM
✅ Cliente conectado a WebSocket: 0AAuRW8ozl0i1Jg9AAGN
✅ Cliente conectado a WebSocket: 8ysOm93_5ab1jk4pAAGP
✅ Cliente conectado a WebSocket: cnheZuuwjeBnot4fAAGT
✅ Cliente conectado a WebSocket: bLA6EsxsFX4yNvl0AAGU
✅ Cliente conectado a WebSocket: 0FVhKUfhWNgkQiKkAAGV
❌ Cliente desconectado: MavzuFquvSr-seR1AAGJ
📂 [Watcher] Cambio detectado (rename) en: help/cowork.md
🗄️ [Watcher DB] Documento sincronizado en SQLite: wiki/help/cowork.md
✅ Cliente conectado a WebSocket: YOaCv2S0FqOrX00dAAGX
❌ Cliente desconectado: 0AAuRW8ozl0i1Jg9AAGN
❌ Cliente desconectado: n_2-2Q4RtfwCjUGNAAGM
❌ Cliente desconectado: 8ysOm93_5ab1jk4pAAGP
❌ Cliente desconectado: bLA6EsxsFX4yNvl0AAGU
❌ Cliente desconectado: cnheZuuwjeBnot4fAAGT
❌ Cliente desconectado: 0FVhKUfhWNgkQiKkAAGV
✅ Cliente conectado a WebSocket: 63n3qVeb0vnpeH_jAAGb
✅ Cliente conectado a WebSocket: WButF83ToxrsBolHAAGc
✅ Cliente conectado a WebSocket: BleIv8pSTLDcKb0pAAGd
✅ Cliente conectado a WebSocket: yPMsSpM409etn63uAAGf
✅ Cliente conectado a WebSocket: 4VJg6L-A4hNDSsTGAAGh
✅ Cliente conectado a WebSocket: wFCTRWQduSAjZa5XAAGj
❌ Cliente desconectado: YOaCv2S0FqOrX00dAAGX
✅ Cliente conectado a WebSocket: h2NPEPyC-hLt9ry_AAGl
❌ Cliente desconectado: 63n3qVeb0vnpeH_jAAGb
❌ Cliente desconectado: BleIv8pSTLDcKb0pAAGd
❌ Cliente desconectado: WButF83ToxrsBolHAAGc
❌ Cliente desconectado: yPMsSpM409etn63uAAGf
❌ Cliente desconectado: 4VJg6L-A4hNDSsTGAAGh
❌ Cliente desconectado: wFCTRWQduSAjZa5XAAGj
✅ Cliente conectado a WebSocket: 6TtYxTi5jQ4Jfm-lAAGn
✅ Cliente conectado a WebSocket: mAUcOcu4JLPV-sv3AAGq
✅ Cliente conectado a WebSocket: zFzPk-69HrXkU2UNAAGr
✅ Cliente conectado a WebSocket: gzIabj2UyQMc3F4tAAGu
✅ Cliente conectado a WebSocket: tmzpR3wwg693rBYSAAGv
✅ Cliente conectado a WebSocket: 1AsHQpPwghW7TkKJAAGx
❌ Cliente desconectado: h2NPEPyC-hLt9ry_AAGl
✅ Cliente conectado a WebSocket: 362INq6DMuOj1orsAAGz
❌ Cliente desconectado: 6TtYxTi5jQ4Jfm-lAAGn
❌ Cliente desconectado: mAUcOcu4JLPV-sv3AAGq
❌ Cliente desconectado: zFzPk-69HrXkU2UNAAGr
❌ Cliente desconectado: tmzpR3wwg693rBYSAAGv
❌ Cliente desconectado: gzIabj2UyQMc3F4tAAGu
❌ Cliente desconectado: 1AsHQpPwghW7TkKJAAGx
✅ Cliente conectado a WebSocket: hdJMQ7S8Al-R70rMAAG1
✅ Cliente conectado a WebSocket: gTACsNCCl-ceWTrIAAG3
✅ Cliente conectado a WebSocket: EDVmXTjgz3Anw3NJAAG5
✅ Cliente conectado a WebSocket: 5jzxvQr9GJ5g6TYJAAG8
✅ Cliente conectado a WebSocket: X_QGA7MpTSQwcol-AAG9
✅ Cliente conectado a WebSocket: UjMQ8QQWOwln9A8wAAG_
📂 [Watcher] Cambio detectado (rename) en: help/marketplace.md
🗄️ [Watcher DB] Documento sincronizado en SQLite: wiki/help/marketplace.md
❌ Cliente desconectado: 362INq6DMuOj1orsAAGz
✅ Cliente conectado a WebSocket: 0C74KF6JXc35OwASAAHB
❌ Cliente desconectado: hdJMQ7S8Al-R70rMAAG1
❌ Cliente desconectado: gTACsNCCl-ceWTrIAAG3
❌ Cliente desconectado: EDVmXTjgz3Anw3NJAAG5
❌ Cliente desconectado: 5jzxvQr9GJ5g6TYJAAG8
❌ Cliente desconectado: X_QGA7MpTSQwcol-AAG9
❌ Cliente desconectado: UjMQ8QQWOwln9A8wAAG_
✅ Cliente conectado a WebSocket: 4nYK-HVxDcZq1dInAAHE
✅ Cliente conectado a WebSocket: O0GE_f30hXQbc0FmAAHF
✅ Cliente conectado a WebSocket: ZTEMZIiFxa6a62LlAAHH
✅ Cliente conectado a WebSocket: _tlABh7quxsqHUm2AAHK
✅ Cliente conectado a WebSocket: kPkeizNpEHleZVLEAAHL
✅ Cliente conectado a WebSocket: DQbHSmWD02BhDTWyAAHN
❌ Cliente desconectado: 0C74KF6JXc35OwASAAHB
✅ Cliente conectado a WebSocket: McM-LmUPZzCUoWLtAAHP
❌ Cliente desconectado: 4nYK-HVxDcZq1dInAAHE
❌ Cliente desconectado: O0GE_f30hXQbc0FmAAHF
❌ Cliente desconectado: ZTEMZIiFxa6a62LlAAHH
❌ Cliente desconectado: _tlABh7quxsqHUm2AAHK
❌ Cliente desconectado: kPkeizNpEHleZVLEAAHL
❌ Cliente desconectado: DQbHSmWD02BhDTWyAAHN
✅ Cliente conectado a WebSocket: gjKfUmZPTMvLe7jbAAHT
✅ Cliente conectado a WebSocket: yG3i2VIQKhS4tU2AAAHU
✅ Cliente conectado a WebSocket: CO3JafJx7vYi39YsAAHV
✅ Cliente conectado a WebSocket: qV3yz8nsOd9kZdqYAAHX
✅ Cliente conectado a WebSocket: YdDjki-IDHE0tp_FAAHa
✅ Cliente conectado a WebSocket: JKlmhOx_SPYHsqFqAAHb
❌ Cliente desconectado: McM-LmUPZzCUoWLtAAHP
✅ Cliente conectado a WebSocket: qYGAxV2iMufOQeA9AAHd
❌ Cliente desconectado: CO3JafJx7vYi39YsAAHV
❌ Cliente desconectado: gjKfUmZPTMvLe7jbAAHT
❌ Cliente desconectado: yG3i2VIQKhS4tU2AAAHU
❌ Cliente desconectado: qV3yz8nsOd9kZdqYAAHX
❌ Cliente desconectado: JKlmhOx_SPYHsqFqAAHb
❌ Cliente desconectado: YdDjki-IDHE0tp_FAAHa
✅ Cliente conectado a WebSocket: 2XBUQkbWBUrrxkCmAAHg
✅ Cliente conectado a WebSocket: LU3H0u9dWQqwg7o1AAHh
✅ Cliente conectado a WebSocket: ms_YLlGCTrF9hToMAAHj
✅ Cliente conectado a WebSocket: X2aUGuCwIicr2jQeAAHl
✅ Cliente conectado a WebSocket: F03-djy2DvY-GnEaAAHn
✅ Cliente conectado a WebSocket: 31RWE5Ae_aV9Jno6AAHp
❌ Cliente desconectado: qYGAxV2iMufOQeA9AAHd
✅ Cliente conectado a WebSocket: NZJP5iCR-g5ejXHHAAHr
❌ Cliente desconectado: ms_YLlGCTrF9hToMAAHj
❌ Cliente desconectado: 2XBUQkbWBUrrxkCmAAHg
❌ Cliente desconectado: LU3H0u9dWQqwg7o1AAHh
❌ Cliente desconectado: F03-djy2DvY-GnEaAAHn
❌ Cliente desconectado: X2aUGuCwIicr2jQeAAHl
❌ Cliente desconectado: 31RWE5Ae_aV9Jno6AAHp
❌ Cliente desconectado: NZJP5iCR-g5ejXHHAAHr
✅ Cliente conectado a WebSocket: Hxu7qHC4suW0JcuFAAHv
✅ Cliente conectado a WebSocket: OsR-xzWQbR1bc8k6AAHw
✅ Cliente conectado a WebSocket: hVo6si0s9nX8GXpYAAHx
✅ Cliente conectado a WebSocket: igYF9OoJTfcAYqypAAH1
✅ Cliente conectado a WebSocket: y-uz1WQnIsQHZAZLAAH3
✅ Cliente conectado a WebSocket: zxh2qjs91QqHUu8PAAH4
✅ Cliente conectado a WebSocket: FqGZEn6LeKNrS5jaAAH5
❌ Cliente desconectado: FqGZEn6LeKNrS5jaAAH5
❌ Cliente desconectado: Hxu7qHC4suW0JcuFAAHv
❌ Cliente desconectado: zxh2qjs91QqHUu8PAAH4
❌ Cliente desconectado: y-uz1WQnIsQHZAZLAAH3
❌ Cliente desconectado: hVo6si0s9nX8GXpYAAHx
❌ Cliente desconectado: OsR-xzWQbR1bc8k6AAHw
❌ Cliente desconectado: igYF9OoJTfcAYqypAAH1
✅ Cliente conectado a WebSocket: Cbpn17sjo5HDyRCAAAH9
✅ Cliente conectado a WebSocket: K4IysmMbMVJCboHfAAH-
✅ Cliente conectado a WebSocket: 0AmzhkaSBuFh_2W_AAH_
✅ Cliente conectado a WebSocket: FBFm6ci3H0jg-yBjAAIB
📂 [Watcher] Cambio detectado (rename) en: help/comida.md
🗄️ [Watcher DB] Documento sincronizado en SQLite: wiki/help/comida.md
✅ Cliente conectado a WebSocket: NgOrn7qxeo-YRatmAAID
✅ Cliente conectado a WebSocket: dEPSJp6-KG6eaLoLAAIF
✅ Cliente conectado a WebSocket: LhsEFgY-Z2b0Td9zAAIH
❌ Cliente desconectado: 0AmzhkaSBuFh_2W_AAH_
❌ Cliente desconectado: FBFm6ci3H0jg-yBjAAIB
❌ Cliente desconectado: K4IysmMbMVJCboHfAAH-
✅ Cliente conectado a WebSocket: xfGDhcEq1VQ8cd9mAAIJ
✅ Cliente conectado a WebSocket: gOkYfUYSDy8II8H5AAIL
✅ Cliente conectado a WebSocket: -L-72OC5BAuzKF9-AAIN
❌ Cliente desconectado: Cbpn17sjo5HDyRCAAAH9
❌ Cliente desconectado: xfGDhcEq1VQ8cd9mAAIJ
❌ Cliente desconectado: -L-72OC5BAuzKF9-AAIN
❌ Cliente desconectado: gOkYfUYSDy8II8H5AAIL
❌ Cliente desconectado: NgOrn7qxeo-YRatmAAID
❌ Cliente desconectado: dEPSJp6-KG6eaLoLAAIF
❌ Cliente desconectado: LhsEFgY-Z2b0Td9zAAIH
✅ Cliente conectado a WebSocket: mzfWdA40EQ6Hoq-2AAIP
✅ Cliente conectado a WebSocket: Bk3ImPiqDLY1cFj2AAIV
✅ Cliente conectado a WebSocket: KQzCDl8_3DxpdShQAAIW
✅ Cliente conectado a WebSocket: AGXZMu2tKHKh85STAAIX
✅ Cliente conectado a WebSocket: xJUyakULaHqfHiM4AAIY
✅ Cliente conectado a WebSocket: pb8lNMGvXVGvMq1IAAIa
✅ Cliente conectado a WebSocket: TN38e9LWetIF7SGOAAIb
❌ Cliente desconectado: Bk3ImPiqDLY1cFj2AAIV
❌ Cliente desconectado: mzfWdA40EQ6Hoq-2AAIP
❌ Cliente desconectado: AGXZMu2tKHKh85STAAIX
❌ Cliente desconectado: KQzCDl8_3DxpdShQAAIW
❌ Cliente desconectado: xJUyakULaHqfHiM4AAIY
❌ Cliente desconectado: pb8lNMGvXVGvMq1IAAIa
❌ Cliente desconectado: TN38e9LWetIF7SGOAAIb
✅ Cliente conectado a WebSocket: NL4gty6T9frrE7WKAAIg
✅ Cliente conectado a WebSocket: 1R9GV7EEzeK7b3v0AAIh
✅ Cliente conectado a WebSocket: tmXdTUCW8C1CLPYUAAIi
❌ Cliente desconectado: 1R9GV7EEzeK7b3v0AAIh
❌ Cliente desconectado: NL4gty6T9frrE7WKAAIg
❌ Cliente desconectado: tmXdTUCW8C1CLPYUAAIi
✅ Cliente conectado a WebSocket: EQnuxNqf3aRBMtONAAIm
✅ Cliente conectado a WebSocket: rJHijq__oXCsepjdAAIn
✅ Cliente conectado a WebSocket: zCQxY2SFPmyTldGsAAIo
✅ Cliente conectado a WebSocket: iiYYY7_H9GWksRBjAAIq
✅ Cliente conectado a WebSocket: A_3iulDqlELXbY3NAAIs
✅ Cliente conectado a WebSocket: szeLuSughx5wcgTLAAIu
✅ Cliente conectado a WebSocket: 4A_vuJsXmB8k9lmcAAIw
📂 [Watcher] Cambio detectado (rename) en: help/taxis.md
🗄️ [Watcher DB] Documento sincronizado en SQLite: wiki/help/taxis.md
❌ Cliente desconectado: A_3iulDqlELXbY3NAAIs
❌ Cliente desconectado: 4A_vuJsXmB8k9lmcAAIw
❌ Cliente desconectado: szeLuSughx5wcgTLAAIu
❌ Cliente desconectado: iiYYY7_H9GWksRBjAAIq
❌ Cliente desconectado: zCQxY2SFPmyTldGsAAIo
❌ Cliente desconectado: EQnuxNqf3aRBMtONAAIm
❌ Cliente desconectado: rJHijq__oXCsepjdAAIn
✅ Cliente conectado a WebSocket: 0MSYB1Tw_9quMJy1AAIy
✅ Cliente conectado a WebSocket: lXzk16H1ow5KHMmxAAI0
✅ Cliente conectado a WebSocket: GKcSO0MDk5vgYgYsAAI3
✅ Cliente conectado a WebSocket: FTESOBL-Hw4e4N27AAI6
✅ Cliente conectado a WebSocket: -zlnbCv_b27pxeDDAAI7
✅ Cliente conectado a WebSocket: zovUgT-tQiT-3kNnAAI8
✅ Cliente conectado a WebSocket: 3zThOaXmC45-90SJAAI-
📂 [Watcher] Cambio detectado (rename) en: help/gana.md
🗄️ [Watcher DB] Documento sincronizado en SQLite: wiki/help/gana.md
📂 [Watcher] Cambio detectado (rename) en: help/cartera.md
🗄️ [Watcher DB] Documento sincronizado en SQLite: wiki/help/cartera.md
📂 [Watcher] Cambio detectado (rename) en: help/eventoscursos.md
🗄️ [Watcher DB] Documento sincronizado en SQLite: wiki/help/eventoscursos.md
📂 [Watcher] Cambio detectado (rename) en: help/comunidad.md
🗄️ [Watcher DB] Documento sincronizado en SQLite: wiki/help/comunidad.md
✅ Cliente conectado a WebSocket: efsG6h9Y_U_qXZa5AAJC
❌ Cliente desconectado: efsG6h9Y_U_qXZa5AAJC
✅ Cliente conectado a WebSocket: WA4JDayLKBkJZBVGAAJG
📂 [Watcher] Cambio detectado (change) en: help/como-usar-wikilinks.md
[Watcher DB] Sin cambios (ya indexado): wiki/help/como-usar-wikilinks.md
❌ Cliente desconectado: FTESOBL-Hw4e4N27AAI6
❌ Cliente desconectado: lXzk16H1ow5KHMmxAAI0
❌ Cliente desconectado: -zlnbCv_b27pxeDDAAI7
❌ Cliente desconectado: GKcSO0MDk5vgYgYsAAI3
✅ Cliente conectado a WebSocket: NOhgeCm18krw3nelAAJJ
✅ Cliente conectado a WebSocket: yHGUHZ-aoaBdlN4MAAJK
✅ Cliente conectado a WebSocket: vTylX_Co6p1NkDUOAAJM
❌ Cliente desconectado: 0MSYB1Tw_9quMJy1AAIy
❌ Cliente desconectado: 3zThOaXmC45-90SJAAI-
❌ Cliente desconectado: zovUgT-tQiT-3kNnAAI8
✅ Cliente conectado a WebSocket: yr3KlTKiOQV297zeAAJQ
✅ Cliente conectado a WebSocket: yEQUmcVyLzSfSCerAAJR
✅ Cliente conectado a WebSocket: O7IKg_JsbI5wssfRAAJS
❌ Cliente desconectado: yr3KlTKiOQV297zeAAJQ
❌ Cliente desconectado: O7IKg_JsbI5wssfRAAJS
❌ Cliente desconectado: yEQUmcVyLzSfSCerAAJR
❌ Cliente desconectado: vTylX_Co6p1NkDUOAAJM
❌ Cliente desconectado: yHGUHZ-aoaBdlN4MAAJK
❌ Cliente desconectado: NOhgeCm18krw3nelAAJJ
✅ Cliente conectado a WebSocket: 7tHH1aZ3btX97F4iAAJW
✅ Cliente conectado a WebSocket: y9uG2cHTq1ZmfSnjAAJX
✅ Cliente conectado a WebSocket: FFpskZgx9USIB6tTAAJY
✅ Cliente conectado a WebSocket: u0U-pb8NdybWpdi3AAJb
✅ Cliente conectado a WebSocket: 8QThTxiThUtM-5yuAAJc
✅ Cliente conectado a WebSocket: KsBGMmQQFxvvGbnIAAJe
❌ Cliente desconectado: 8QThTxiThUtM-5yuAAJc
❌ Cliente desconectado: FFpskZgx9USIB6tTAAJY
❌ Cliente desconectado: 7tHH1aZ3btX97F4iAAJW
❌ Cliente desconectado: y9uG2cHTq1ZmfSnjAAJX
❌ Cliente desconectado: KsBGMmQQFxvvGbnIAAJe
❌ Cliente desconectado: u0U-pb8NdybWpdi3AAJb
✅ Cliente conectado a WebSocket: goEzfB0qNWIvfRsGAAJh
✅ Cliente conectado a WebSocket: 27ebwKIamrp_BWrGAAJi
✅ Cliente conectado a WebSocket: aM9h51JHZSffrd0OAAJk
✅ Cliente conectado a WebSocket: 8sedGx3M3LznEYWoAAJn
✅ Cliente conectado a WebSocket: wpZKLxEfC48IctGmAAJo
✅ Cliente conectado a WebSocket: oGURBI7sdG6rVlcuAAJq
❌ Cliente desconectado: aM9h51JHZSffrd0OAAJk
❌ Cliente desconectado: oGURBI7sdG6rVlcuAAJq
❌ Cliente desconectado: wpZKLxEfC48IctGmAAJo
❌ Cliente desconectado: 27ebwKIamrp_BWrGAAJi
❌ Cliente desconectado: goEzfB0qNWIvfRsGAAJh
❌ Cliente desconectado: 8sedGx3M3LznEYWoAAJn
✅ Cliente conectado a WebSocket: skrMLp2gdH8FPao1AAJu
✅ Cliente conectado a WebSocket: speHHQtm7645HNYKAAJv
✅ Cliente conectado a WebSocket: k14LScLkxFE_EHPgAAJw
✅ Cliente conectado a WebSocket: dKbuOUSRnwfyaJuPAAJy
📂 [Watcher] Cambio detectado (change) en: help/guia-usuario.md
🗄️ [Watcher DB] Documento sincronizado en SQLite: wiki/help/guia-usuario.md
✅ Cliente conectado a WebSocket: D4XOCmKqUj8ihPQbAAJ1
✅ Cliente conectado a WebSocket: vesVpv5Z6iaiX_-4AAJ2
❌ Cliente desconectado: dKbuOUSRnwfyaJuPAAJy
❌ Cliente desconectado: D4XOCmKqUj8ihPQbAAJ1
❌ Cliente desconectado: vesVpv5Z6iaiX_-4AAJ2
❌ Cliente desconectado: skrMLp2gdH8FPao1AAJu
❌ Cliente desconectado: speHHQtm7645HNYKAAJv
❌ Cliente desconectado: k14LScLkxFE_EHPgAAJw
✅ Cliente conectado a WebSocket: ngG4MRb3ooxbmzFIAAJ4
✅ Cliente conectado a WebSocket: bq1Zid9KCAqsMpdbAAJ7
✅ Cliente conectado a WebSocket: DYG21hw33ofksqP1AAJ8
✅ Cliente conectado a WebSocket: ycy3GMKfEDcXBFzGAAKA
✅ Cliente conectado a WebSocket: JMlTpyqhMdZEKdMjAAKB
✅ Cliente conectado a WebSocket: fziuDb4CRySdYMsiAAKC
❌ Cliente desconectado: DYG21hw33ofksqP1AAJ8
❌ Cliente desconectado: ycy3GMKfEDcXBFzGAAKA
❌ Cliente desconectado: fziuDb4CRySdYMsiAAKC
❌ Cliente desconectado: bq1Zid9KCAqsMpdbAAJ7
❌ Cliente desconectado: ngG4MRb3ooxbmzFIAAJ4
❌ Cliente desconectado: JMlTpyqhMdZEKdMjAAKB
✅ Cliente conectado a WebSocket: CGW57-HDbYPWw8F4AAKE
✅ Cliente conectado a WebSocket: R4CFrw5Q-aSa6XASAAKH
✅ Cliente conectado a WebSocket: d0bUoILcB6LJgPnJAAKJ
✅ Cliente conectado a WebSocket: NXwJaufcF_zvQjLTAAKK
✅ Cliente conectado a WebSocket: JaRMQPZuid7-9Sa4AAKM
✅ Cliente conectado a WebSocket: qitdwWB8NrURPUzKAAKO
❌ Cliente desconectado: CGW57-HDbYPWw8F4AAKE
❌ Cliente desconectado: d0bUoILcB6LJgPnJAAKJ
❌ Cliente desconectado: R4CFrw5Q-aSa6XASAAKH
❌ Cliente desconectado: NXwJaufcF_zvQjLTAAKK
❌ Cliente desconectado: qitdwWB8NrURPUzKAAKO
❌ Cliente desconectado: JaRMQPZuid7-9Sa4AAKM
✅ Cliente conectado a WebSocket: 8UnH-WkGxMha6ncPAAKR
✅ Cliente conectado a WebSocket: w74-M1irUSOiBrOTAAKS
✅ Cliente conectado a WebSocket: Ky8wkKM81UTP45W5AAKW
✅ Cliente conectado a WebSocket: c2NDG2xCwKX3GxI9AAKX
✅ Cliente conectado a WebSocket: D1muP_MdyYUBpz-2AAKY
✅ Cliente conectado a WebSocket: La1IrgDAdWI_3mFiAAKa
❌ Cliente desconectado: w74-M1irUSOiBrOTAAKS
❌ Cliente desconectado: 8UnH-WkGxMha6ncPAAKR
❌ Cliente desconectado: Ky8wkKM81UTP45W5AAKW
❌ Cliente desconectado: c2NDG2xCwKX3GxI9AAKX
❌ Cliente desconectado: D1muP_MdyYUBpz-2AAKY
❌ Cliente desconectado: La1IrgDAdWI_3mFiAAKa
✅ Cliente conectado a WebSocket: 3lxPPkBDE9Jhe8NrAAKd
✅ Cliente conectado a WebSocket: kEov5mmoYxUXwtT_AAKe
✅ Cliente conectado a WebSocket: HFUo9OtSP-T4SBC4AAKg
✅ Cliente conectado a WebSocket: VXRFFBuxRllAkTvpAAKk
✅ Cliente conectado a WebSocket: X5OhfUDqaXaRvP3OAAKl
✅ Cliente conectado a WebSocket: z_AyvDFgiDuo3S76AAKm
❌ Cliente desconectado: z_AyvDFgiDuo3S76AAKm
❌ Cliente desconectado: X5OhfUDqaXaRvP3OAAKl
❌ Cliente desconectado: VXRFFBuxRllAkTvpAAKk
❌ Cliente desconectado: 3lxPPkBDE9Jhe8NrAAKd
❌ Cliente desconectado: kEov5mmoYxUXwtT_AAKe
❌ Cliente desconectado: HFUo9OtSP-T4SBC4AAKg
✅ Cliente conectado a WebSocket: vfamlRHB250wS3Y4AAKq
✅ Cliente conectado a WebSocket: gu3DIfHS8oVizz3eAAKr
✅ Cliente conectado a WebSocket: H9v0c5rPn32ZHCK8AAKs
✅ Cliente conectado a WebSocket: 3Dnmf3nHW4RJJsBEAAKw
✅ Cliente conectado a WebSocket: Jc8MloZnWREjug_WAAKx
✅ Cliente conectado a WebSocket: foWNNCS0lakzUmUhAAKy
❌ Cliente desconectado: Jc8MloZnWREjug_WAAKx
❌ Cliente desconectado: foWNNCS0lakzUmUhAAKy
❌ Cliente desconectado: 3Dnmf3nHW4RJJsBEAAKw
❌ Cliente desconectado: vfamlRHB250wS3Y4AAKq
❌ Cliente desconectado: H9v0c5rPn32ZHCK8AAKs
❌ Cliente desconectado: gu3DIfHS8oVizz3eAAKr
✅ Cliente conectado a WebSocket: JmN5re7RT2CcoMQOAAK2
✅ Cliente conectado a WebSocket: a-tO2q-p1bTiwDu7AAK3
✅ Cliente conectado a WebSocket: W5uM2mBreJUNG1wCAAK4
✅ Cliente conectado a WebSocket: vCLIB23LpF3uiqZeAAK6
✅ Cliente conectado a WebSocket: 3GiO3LrrfRnF2c_MAAK9
✅ Cliente conectado a WebSocket: _M6fYcunN3493rVGAAK-
📂 [Watcher] Cambio detectado (rename) en: help/cartera.md
📂 [Watcher] Cambio detectado (rename) en: help/comida.md
📂 [Watcher] Cambio detectado (rename) en: help/comunidad.md
📂 [Watcher] Cambio detectado (rename) en: help/cowork.md
📂 [Watcher] Cambio detectado (rename) en: help/cuenta.md
📂 [Watcher] Cambio detectado (rename) en: help/eventoscursos.md
📂 [Watcher] Cambio detectado (rename) en: help/gana.md
📂 [Watcher] Cambio detectado (rename) en: help/indice.md
📂 [Watcher] Cambio detectado (rename) en: help/marketplace.md
📂 [Watcher] Cambio detectado (rename) en: help/membresias.md
📂 [Watcher] Cambio detectado (rename) en: help/taxis.md
📂 [Watcher] Cambio detectado (change) en: help/guia-usuario.md
🗄️ [Watcher DB] Documento sincronizado en SQLite: wiki/help/guia-usuario.md
📂 [Watcher] Cambio detectado (change) en: help/cartera.md
🗄️ [Watcher DB] Documento sincronizado en SQLite: wiki/help/cartera.md
📂 [Watcher] Cambio detectado (change) en: help/comida.md
🗄️ [Watcher DB] Documento sincronizado en SQLite: wiki/help/comida.md
📂 [Watcher] Cambio detectado (change) en: help/comunidad.md
🗄️ [Watcher DB] Documento sincronizado en SQLite: wiki/help/comunidad.md
📂 [Watcher] Cambio detectado (change) en: help/cowork.md
🗄️ [Watcher DB] Documento sincronizado en SQLite: wiki/help/cowork.md
📂 [Watcher] Cambio detectado (change) en: help/cuenta.md
🗄️ [Watcher DB] Documento sincronizado en SQLite: wiki/help/cuenta.md
📂 [Watcher] Cambio detectado (change) en: help/eventoscursos.md
🗄️ [Watcher DB] Documento sincronizado en SQLite: wiki/help/eventoscursos.md
📂 [Watcher] Cambio detectado (change) en: help/gana.md
🗄️ [Watcher DB] Documento sincronizado en SQLite: wiki/help/gana.md
📂 [Watcher] Cambio detectado (change) en: help/guia-usuario.md
🗄️ [Watcher DB] Documento sincronizado en SQLite: wiki/help/guia-usuario.md
📂 [Watcher] Cambio detectado (change) en: help/indice.md
🗄️ [Watcher DB] Documento sincronizado en SQLite: wiki/help/indice.md
📂 [Watcher] Cambio detectado (change) en: help/marketplace.md
🗄️ [Watcher DB] Documento sincronizado en SQLite: wiki/help/marketplace.md
📂 [Watcher] Cambio detectado (change) en: help/membresias.md
🗄️ [Watcher DB] Documento sincronizado en SQLite: wiki/help/membresias.md
📂 [Watcher] Cambio detectado (change) en: help/taxis.md
🗄️ [Watcher DB] Documento sincronizado en SQLite: wiki/help/taxis.md
❌ Cliente desconectado: a-tO2q-p1bTiwDu7AAK3
❌ Cliente desconectado: JmN5re7RT2CcoMQOAAK2
❌ Cliente desconectado: W5uM2mBreJUNG1wCAAK4
❌ Cliente desconectado: vCLIB23LpF3uiqZeAAK6
❌ Cliente desconectado: 3GiO3LrrfRnF2c_MAAK9
❌ Cliente desconectado: _M6fYcunN3493rVGAAK-
✅ Cliente conectado a WebSocket: kQpo9ZMFJslvjMZfAALD
✅ Cliente conectado a WebSocket: Zq1r1mdh4qDJJJRMAALE
✅ Cliente conectado a WebSocket: KSKEcJcXw-YR0DYyAALF
✅ Cliente conectado a WebSocket: zOnspqWIgbHmHC3bAALG
✅ Cliente conectado a WebSocket: FSueEP4RKX38sqQYAALJ
✅ Cliente conectado a WebSocket: 5nQ4PR5L2p_RJ7-1AALK
❌ Cliente desconectado: kQpo9ZMFJslvjMZfAALD
❌ Cliente desconectado: Zq1r1mdh4qDJJJRMAALE
❌ Cliente desconectado: KSKEcJcXw-YR0DYyAALF
❌ Cliente desconectado: zOnspqWIgbHmHC3bAALG
❌ Cliente desconectado: 5nQ4PR5L2p_RJ7-1AALK
❌ Cliente desconectado: FSueEP4RKX38sqQYAALJ
✅ Cliente conectado a WebSocket: lV0muNWMHGwkKN5nAALM
✅ Cliente conectado a WebSocket: FlfknDcfRvBnrOr0AALP
✅ Cliente conectado a WebSocket: 2SlOV5dyv4o95uKSAALQ
✅ Cliente conectado a WebSocket: 2Hl3pp_sZm1ItwkBAALS
❌ Cliente desconectado: lV0muNWMHGwkKN5nAALM
❌ Cliente desconectado: 2SlOV5dyv4o95uKSAALQ
❌ Cliente desconectado: FlfknDcfRvBnrOr0AALP
✅ Cliente conectado a WebSocket: wtMgL_X5EmvF4MbZAALV
✅ Cliente conectado a WebSocket: RD1CIrNHCK0LKxrZAALW
✅ Cliente conectado a WebSocket: wtEtahzs-fh7ZNfLAALY
✅ Cliente conectado a WebSocket: cTgA9cKobhGzP5r3AALa
✅ Cliente conectado a WebSocket: CBefnAA0uqvP9k6nAALc
❌ Cliente desconectado: wtEtahzs-fh7ZNfLAALY
❌ Cliente desconectado: CBefnAA0uqvP9k6nAALc
❌ Cliente desconectado: cTgA9cKobhGzP5r3AALa
❌ Cliente desconectado: 2Hl3pp_sZm1ItwkBAALS
❌ Cliente desconectado: RD1CIrNHCK0LKxrZAALW
❌ Cliente desconectado: wtMgL_X5EmvF4MbZAALV
✅ Cliente conectado a WebSocket: Ne_Qio-72qj0JpeRAALg
✅ Cliente conectado a WebSocket: PoPdBTr6LmyGq-CRAALi
✅ Cliente conectado a WebSocket: 7YJHjN9C_fAxc629AALj
✅ Cliente conectado a WebSocket: P4VVdL37PJNlm9kJAALk
✅ Cliente conectado a WebSocket: 7fzFk40dWKGVYLE1AALn
✅ Cliente conectado a WebSocket: WJ0WhATZGrLm4nldAALo
❌ Cliente desconectado: Ne_Qio-72qj0JpeRAALg
❌ Cliente desconectado: 7fzFk40dWKGVYLE1AALn
❌ Cliente desconectado: WJ0WhATZGrLm4nldAALo
❌ Cliente desconectado: 7YJHjN9C_fAxc629AALj
❌ Cliente desconectado: PoPdBTr6LmyGq-CRAALi
❌ Cliente desconectado: P4VVdL37PJNlm9kJAALk
✅ Cliente conectado a WebSocket: PdIMaYZe8JLI-ExJAALu
✅ Cliente conectado a WebSocket: 4em19OfsbulKbGFuAALv
✅ Cliente conectado a WebSocket: m3izjCChbKNOFgjlAALw
✅ Cliente conectado a WebSocket: Qe_cbAKBX0jJgJKJAALx
✅ Cliente conectado a WebSocket: 31Y6ge-FswaaovMvAALy
✅ Cliente conectado a WebSocket: BDaV53mmjnf9_pZtAAL0
❌ Cliente desconectado: PdIMaYZe8JLI-ExJAALu
❌ Cliente desconectado: m3izjCChbKNOFgjlAALw
❌ Cliente desconectado: BDaV53mmjnf9_pZtAAL0
❌ Cliente desconectado: 31Y6ge-FswaaovMvAALy
❌ Cliente desconectado: Qe_cbAKBX0jJgJKJAALx
❌ Cliente desconectado: 4em19OfsbulKbGFuAALv
✅ Cliente conectado a WebSocket: qzoaEVb56oyPOox2AAL2
✅ Cliente conectado a WebSocket: MsMmNVm7p3g_-8_6AAL7
✅ Cliente conectado a WebSocket: -3nnxLcL5r8K4Id7AAL8
✅ Cliente conectado a WebSocket: A7MqqHIvXOJ3frU4AAL9
✅ Cliente conectado a WebSocket: G_HJtpbjjlQEBbKwAAL-
✅ Cliente conectado a WebSocket: 5h0Tk1SFoV_jvWhDAAMA
❌ Cliente desconectado: -3nnxLcL5r8K4Id7AAL8
❌ Cliente desconectado: G_HJtpbjjlQEBbKwAAL-
❌ Cliente desconectado: 5h0Tk1SFoV_jvWhDAAMA
❌ Cliente desconectado: qzoaEVb56oyPOox2AAL2
❌ Cliente desconectado: MsMmNVm7p3g_-8_6AAL7
❌ Cliente desconectado: A7MqqHIvXOJ3frU4AAL9
✅ Cliente conectado a WebSocket: JjRjL6dw8z2pkUYaAAMC
✅ Cliente conectado a WebSocket: XHXxwArOBO0QbTLqAAMF
✅ Cliente conectado a WebSocket: 5oy-ViQlzTQ4xS4fAAMG
✅ Cliente conectado a WebSocket: kD-d8ki_rpo1Vn-iAAMK
✅ Cliente conectado a WebSocket: LQAaBhS636y3XfMDAAML
✅ Cliente conectado a WebSocket: d_ci-vGRSGuXmtkIAAMM
❌ Cliente desconectado: LQAaBhS636y3XfMDAAML
❌ Cliente desconectado: d_ci-vGRSGuXmtkIAAMM
❌ Cliente desconectado: 5oy-ViQlzTQ4xS4fAAMG
❌ Cliente desconectado: JjRjL6dw8z2pkUYaAAMC
❌ Cliente desconectado: kD-d8ki_rpo1Vn-iAAMK
❌ Cliente desconectado: XHXxwArOBO0QbTLqAAMF
✅ Cliente conectado a WebSocket: fL_gjMxHR2NXDeZ9AAMP
✅ Cliente conectado a WebSocket: lbdDsEy-K12qBoDtAAMQ
✅ Cliente conectado a WebSocket: QS4m0zSBmlzGcMKLAAMV
✅ Cliente conectado a WebSocket: pRXvVOLeo5y_ksG9AAMW
✅ Cliente conectado a WebSocket: wQJ56me5-RugQ5jTAAMX
✅ Cliente conectado a WebSocket: 6HGLQ-o_d6Ms1GFbAAMY
❌ Cliente desconectado: lbdDsEy-K12qBoDtAAMQ
❌ Cliente desconectado: QS4m0zSBmlzGcMKLAAMV
❌ Cliente desconectado: wQJ56me5-RugQ5jTAAMX
❌ Cliente desconectado: fL_gjMxHR2NXDeZ9AAMP
❌ Cliente desconectado: 6HGLQ-o_d6Ms1GFbAAMY
❌ Cliente desconectado: pRXvVOLeo5y_ksG9AAMW
✅ Cliente conectado a WebSocket: SAQ3xracbyta7eohAAMb
✅ Cliente conectado a WebSocket: E7EgQ8eIKhqc1lz0AAMc
✅ Cliente conectado a WebSocket: WJ-J3Hjyp18ss9ZoAAMh
✅ Cliente conectado a WebSocket: cR442MNoGrffGsveAAMi
✅ Cliente conectado a WebSocket: uYKf52durRBiCzT8AAMj
✅ Cliente conectado a WebSocket: ObM3P7PzzMg2dOF3AAMk
❌ Cliente desconectado: E7EgQ8eIKhqc1lz0AAMc
❌ Cliente desconectado: WJ-J3Hjyp18ss9ZoAAMh
❌ Cliente desconectado: uYKf52durRBiCzT8AAMj
❌ Cliente desconectado: SAQ3xracbyta7eohAAMb
❌ Cliente desconectado: cR442MNoGrffGsveAAMi
❌ Cliente desconectado: ObM3P7PzzMg2dOF3AAMk
✅ Cliente conectado a WebSocket: MbbwMwP2Ie4tSeHsAAMn
✅ Cliente conectado a WebSocket: 7F01A9c1amnmmFd5AAMo
✅ Cliente conectado a WebSocket: LzqPB3YGizawM72ZAAMt
✅ Cliente conectado a WebSocket: SQOdxuhbPF2aVEOvAAMu
✅ Cliente conectado a WebSocket: gju_u2gwEH776O-WAAMv
✅ Cliente conectado a WebSocket: Tuj5Tc6G29-jJypNAAMw
❌ Cliente desconectado: MbbwMwP2Ie4tSeHsAAMn
❌ Cliente desconectado: LzqPB3YGizawM72ZAAMt
❌ Cliente desconectado: 7F01A9c1amnmmFd5AAMo
✅ Cliente conectado a WebSocket: JqQXs6GsfllRqe4UAAMy
✅ Cliente conectado a WebSocket: h7IsiiRaGwpALUO9AAM0
✅ Cliente conectado a WebSocket: Lbp8XaC4nFv12AgxAAM2
❌ Cliente desconectado: Tuj5Tc6G29-jJypNAAMw
❌ Cliente desconectado: gju_u2gwEH776O-WAAMv
❌ Cliente desconectado: SQOdxuhbPF2aVEOvAAMu
✅ Cliente conectado a WebSocket: cmS3aCW2duovLUjwAAM5
✅ Cliente conectado a WebSocket: uu8NxW_-bWb1drBsAAM6
✅ Cliente conectado a WebSocket: FNTOYtKo1xsyRz3GAAM8
❌ Cliente desconectado: cmS3aCW2duovLUjwAAM5
❌ Cliente desconectado: uu8NxW_-bWb1drBsAAM6
❌ Cliente desconectado: FNTOYtKo1xsyRz3GAAM8
❌ Cliente desconectado: JqQXs6GsfllRqe4UAAMy
❌ Cliente desconectado: Lbp8XaC4nFv12AgxAAM2
❌ Cliente desconectado: h7IsiiRaGwpALUO9AAM0
✅ Cliente conectado a WebSocket: U74XUKyeWf05FL-eAAM-
✅ Cliente conectado a WebSocket: 8oX-dZQWCTFpfd8tAANE
✅ Cliente conectado a WebSocket: cao6241ftzO35XTaAANF
✅ Cliente conectado a WebSocket: hrDnRHr4LqboVJSfAANG
✅ Cliente conectado a WebSocket: RvU43JlAihOMP9j0AANH
✅ Cliente conectado a WebSocket: hK7XatjwcvtFSKT6AANI
❌ Cliente desconectado: 8oX-dZQWCTFpfd8tAANE
❌ Cliente desconectado: RvU43JlAihOMP9j0AANH
❌ Cliente desconectado: hrDnRHr4LqboVJSfAANG
✅ Cliente conectado a WebSocket: F6ivDicv7msgaJGSAANL
✅ Cliente conectado a WebSocket: rkT3mqnpfiPc1PttAANM
✅ Cliente conectado a WebSocket: W84QlOJn7htytq6sAANO
❌ Cliente desconectado: U74XUKyeWf05FL-eAAM-
❌ Cliente desconectado: hK7XatjwcvtFSKT6AANI
❌ Cliente desconectado: cao6241ftzO35XTaAANF
✅ Cliente conectado a WebSocket: dZJpw8KrhPEi1B8LAANQ
✅ Cliente conectado a WebSocket: SMK7CcMbye6_yV-6AANS
✅ Cliente conectado a WebSocket: DQqdtW1feTNmh2YpAANU
❌ Cliente desconectado: F6ivDicv7msgaJGSAANL
❌ Cliente desconectado: rkT3mqnpfiPc1PttAANM
❌ Cliente desconectado: W84QlOJn7htytq6sAANO
❌ Cliente desconectado: dZJpw8KrhPEi1B8LAANQ
❌ Cliente desconectado: SMK7CcMbye6_yV-6AANS
❌ Cliente desconectado: DQqdtW1feTNmh2YpAANU
✅ Cliente conectado a WebSocket: OWEpSx4LR3T39kqUAANW
✅ Cliente conectado a WebSocket: DC9gwMTNjCq9D1XFAANY
✅ Cliente conectado a WebSocket: KO1mVTPEidveaKWyAANa
✅ Cliente conectado a WebSocket: ZGISRePN29ZOBARLAANd
✅ Cliente conectado a WebSocket: rXb0ZGdI6hTgFcJGAANe
✅ Cliente conectado a WebSocket: V9VD-OwL6skStTPuAANg
❌ Cliente desconectado: ZGISRePN29ZOBARLAANd
❌ Cliente desconectado: rXb0ZGdI6hTgFcJGAANe
❌ Cliente desconectado: V9VD-OwL6skStTPuAANg
❌ Cliente desconectado: OWEpSx4LR3T39kqUAANW
❌ Cliente desconectado: KO1mVTPEidveaKWyAANa
❌ Cliente desconectado: DC9gwMTNjCq9D1XFAANY
✅ Cliente conectado a WebSocket: bjEngFW2khI6tLLsAANl
✅ Cliente conectado a WebSocket: EMz55J07OAX7sUFIAANm
✅ Cliente conectado a WebSocket: EL6WoYNZJKS54deDAANn
✅ Cliente conectado a WebSocket: -761H0zxH4rUa9UMAANo
✅ Cliente conectado a WebSocket: Kz4qJQDsFeFV4T76AANr
✅ Cliente conectado a WebSocket: 7PylOQji4iX-XLcXAANs
❌ Cliente desconectado: EMz55J07OAX7sUFIAANm
❌ Cliente desconectado: Kz4qJQDsFeFV4T76AANr
❌ Cliente desconectado: EL6WoYNZJKS54deDAANn
❌ Cliente desconectado: 7PylOQji4iX-XLcXAANs
❌ Cliente desconectado: bjEngFW2khI6tLLsAANl
❌ Cliente desconectado: -761H0zxH4rUa9UMAANo
✅ Cliente conectado a WebSocket: OZTb6qU_GYSJ1Vd1AANw
✅ Cliente conectado a WebSocket: 28jSrcqf_jvLRDDuAANx
✅ Cliente conectado a WebSocket: FonhFjs2zrRLoJ2RAANy
✅ Cliente conectado a WebSocket: 0RBSPLy7ReXClQs3AAN2
✅ Cliente conectado a WebSocket: bUFKCGQC_hZa87U1AAN3
✅ Cliente conectado a WebSocket: PGiTCabpnZSQRRJmAAN4
❌ Cliente desconectado: 0RBSPLy7ReXClQs3AAN2
❌ Cliente desconectado: PGiTCabpnZSQRRJmAAN4
❌ Cliente desconectado: bUFKCGQC_hZa87U1AAN3
✅ Cliente conectado a WebSocket: zFTaM5NRbTeUwJQBAAN7
✅ Cliente conectado a WebSocket: zvTJ0lqnpyGZTDS-AAN8
✅ Cliente conectado a WebSocket: 3xCnDYX2Cv4S3Np7AAN-
❌ Cliente desconectado: FonhFjs2zrRLoJ2RAANy
❌ Cliente desconectado: 28jSrcqf_jvLRDDuAANx
❌ Cliente desconectado: OZTb6qU_GYSJ1Vd1AANw
✅ Cliente conectado a WebSocket: k36wTErp6R9_cC6PAAOB
✅ Cliente conectado a WebSocket: b7R6Q_pJG0nTH3eCAAOC
✅ Cliente conectado a WebSocket: rDw1-bjZbZhUSSlCAAOE
❌ Cliente desconectado: zFTaM5NRbTeUwJQBAAN7
❌ Cliente desconectado: zvTJ0lqnpyGZTDS-AAN8
❌ Cliente desconectado: 3xCnDYX2Cv4S3Np7AAN-
❌ Cliente desconectado: k36wTErp6R9_cC6PAAOB
❌ Cliente desconectado: b7R6Q_pJG0nTH3eCAAOC
❌ Cliente desconectado: rDw1-bjZbZhUSSlCAAOE
✅ Cliente conectado a WebSocket: wqbYQ2NCyI26EVM3AAOH
✅ Cliente conectado a WebSocket: BksohFkYgtJGDTnmAAOJ
✅ Cliente conectado a WebSocket: oJ6EVllHqQR9IyfMAAOK
✅ Cliente conectado a WebSocket: 1hXhw2RW-J_ZdGuVAAOO
✅ Cliente conectado a WebSocket: ddEBlHZnxAWwqU1kAAOP
✅ Cliente conectado a WebSocket: sPdheDFaygXiNQOvAAOQ
❌ Cliente desconectado: BksohFkYgtJGDTnmAAOJ
❌ Cliente desconectado: oJ6EVllHqQR9IyfMAAOK
❌ Cliente desconectado: wqbYQ2NCyI26EVM3AAOH
✅ Cliente conectado a WebSocket: q1LcNSiym4IS-yGdAAOU
✅ Cliente conectado a WebSocket: 6D_TiuPMgI-JrH-fAAOV
✅ Cliente conectado a WebSocket: B0vI-lVZdoQ7rBjjAAOW
❌ Cliente desconectado: sPdheDFaygXiNQOvAAOQ
❌ Cliente desconectado: 1hXhw2RW-J_ZdGuVAAOO
❌ Cliente desconectado: ddEBlHZnxAWwqU1kAAOP
❌ Cliente desconectado: q1LcNSiym4IS-yGdAAOU
❌ Cliente desconectado: B0vI-lVZdoQ7rBjjAAOW
❌ Cliente desconectado: 6D_TiuPMgI-JrH-fAAOV
✅ Cliente conectado a WebSocket: 7BwsauQsGx09y2vsAAOY
✅ Cliente conectado a WebSocket: N3OXqB2FZAdIQGzUAAOa
✅ Cliente conectado a WebSocket: Uyo8PZVCPZc5hwl6AAOc
✅ Cliente conectado a WebSocket: XLa3gB5MMOAZwKcqAAOf
✅ Cliente conectado a WebSocket: E7UwZ4P1rJVDkz8zAAOg
✅ Cliente conectado a WebSocket: vhAQ6irbVK-TMt-sAAOi
❌ Cliente desconectado: XLa3gB5MMOAZwKcqAAOf
❌ Cliente desconectado: E7UwZ4P1rJVDkz8zAAOg
❌ Cliente desconectado: vhAQ6irbVK-TMt-sAAOi
❌ Cliente desconectado: 7BwsauQsGx09y2vsAAOY
❌ Cliente desconectado: Uyo8PZVCPZc5hwl6AAOc
❌ Cliente desconectado: N3OXqB2FZAdIQGzUAAOa
✅ Cliente conectado a WebSocket: QrZ2tRyhLd54FE2IAAOk
✅ Cliente conectado a WebSocket: nNznMSPR6LlIoAdgAAOp
✅ Cliente conectado a WebSocket: erPxoWutgGZxFTmvAAOq
✅ Cliente conectado a WebSocket: HXfuKQiKAp4OqtswAAOr
✅ Cliente conectado a WebSocket: -3SOtlNzlAFPzayeAAOs
✅ Cliente conectado a WebSocket: KNUn5PFmSq4f0IwbAAOu
❌ Cliente desconectado: -3SOtlNzlAFPzayeAAOs
❌ Cliente desconectado: erPxoWutgGZxFTmvAAOq
❌ Cliente desconectado: HXfuKQiKAp4OqtswAAOr
✅ Cliente conectado a WebSocket: Puh2atT8DGASr2vcAAOx
✅ Cliente conectado a WebSocket: sYUNQk4HFLcXvrs2AAOy
✅ Cliente conectado a WebSocket: XayWWC2C0-Uu0AsVAAO0
❌ Cliente desconectado: QrZ2tRyhLd54FE2IAAOk
❌ Cliente desconectado: nNznMSPR6LlIoAdgAAOp
❌ Cliente desconectado: KNUn5PFmSq4f0IwbAAOu
✅ Cliente conectado a WebSocket: Mz5ew_oU9VyhdPxKAAO2
✅ Cliente conectado a WebSocket: rw8hPVRGB3H9iRYDAAO5
✅ Cliente conectado a WebSocket: 6wJYm2E6pnsKXrsyAAO6
❌ Cliente desconectado: Puh2atT8DGASr2vcAAOx
❌ Cliente desconectado: sYUNQk4HFLcXvrs2AAOy
❌ Cliente desconectado: XayWWC2C0-Uu0AsVAAO0
❌ Cliente desconectado: Mz5ew_oU9VyhdPxKAAO2
❌ Cliente desconectado: rw8hPVRGB3H9iRYDAAO5
❌ Cliente desconectado: 6wJYm2E6pnsKXrsyAAO6
✅ Cliente conectado a WebSocket: CcrFBRKiTHixWLOTAAO-
✅ Cliente conectado a WebSocket: j9HzoO6f6TRbLpDeAAO_
✅ Cliente conectado a WebSocket: _wL4JsvZnfdsYzCrAAPA
✅ Cliente conectado a WebSocket: 65mhZUN-AoKydk_IAAPC
✅ Cliente conectado a WebSocket: ozv7aTIjvYeJEoHvAAPF
✅ Cliente conectado a WebSocket: H1skyq8jE_kwvzGrAAPG
❌ Cliente desconectado: CcrFBRKiTHixWLOTAAO-
❌ Cliente desconectado: _wL4JsvZnfdsYzCrAAPA
❌ Cliente desconectado: j9HzoO6f6TRbLpDeAAO_
❌ Cliente desconectado: 65mhZUN-AoKydk_IAAPC
❌ Cliente desconectado: H1skyq8jE_kwvzGrAAPG
❌ Cliente desconectado: ozv7aTIjvYeJEoHvAAPF
✅ Cliente conectado a WebSocket: WQQeZ-Q132C0EHooAAPJ
✅ Cliente conectado a WebSocket: 6IfxsJK-gA7pkVvuAAPK
✅ Cliente conectado a WebSocket: YYbLZ0wd5DZhUl7YAAPO
✅ Cliente conectado a WebSocket: mam_qD1qXb9-8uLXAAPP
✅ Cliente conectado a WebSocket: VD8aDxEQVJPrTqw-AAPQ
✅ Cliente conectado a WebSocket: 4SM9sy2FOW3ur7gPAAPS
❌ Cliente desconectado: YYbLZ0wd5DZhUl7YAAPO
❌ Cliente desconectado: 4SM9sy2FOW3ur7gPAAPS
❌ Cliente desconectado: VD8aDxEQVJPrTqw-AAPQ
✅ Cliente conectado a WebSocket: BjSJhKhUzT5KLDmTAAPV
✅ Cliente conectado a WebSocket: gT0Z7YNFX4t5pTF3AAPW
✅ Cliente conectado a WebSocket: ZnI50Mdft5pO6umYAAPY
❌ Cliente desconectado: 6IfxsJK-gA7pkVvuAAPK
❌ Cliente desconectado: mam_qD1qXb9-8uLXAAPP
❌ Cliente desconectado: WQQeZ-Q132C0EHooAAPJ
✅ Cliente conectado a WebSocket: CVaD-6XYweXnniGtAAPa
✅ Cliente conectado a WebSocket: jrLoMTxAhJEu4s9bAAPc
✅ Cliente conectado a WebSocket: U91d9jo-aQJSTH1RAAPe
❌ Cliente desconectado: BjSJhKhUzT5KLDmTAAPV
❌ Cliente desconectado: gT0Z7YNFX4t5pTF3AAPW
❌ Cliente desconectado: ZnI50Mdft5pO6umYAAPY
❌ Cliente desconectado: CVaD-6XYweXnniGtAAPa
❌ Cliente desconectado: jrLoMTxAhJEu4s9bAAPc
❌ Cliente desconectado: U91d9jo-aQJSTH1RAAPe
✅ Cliente conectado a WebSocket: N22YEd5f-FU8HTTOAAPh
✅ Cliente conectado a WebSocket: zw6kwk2fHyRlhvo_AAPi
✅ Cliente conectado a WebSocket: cc-j2DBnegRYS-94AAPk
✅ Cliente conectado a WebSocket: CWOeZvVxrOpZPPp7AAPn
✅ Cliente conectado a WebSocket: UF9SRSuWKKNCKxjOAAPp
✅ Cliente conectado a WebSocket: b73Khz7FxbFGdMf8AAPq
❌ Cliente desconectado: N22YEd5f-FU8HTTOAAPh
❌ Cliente desconectado: zw6kwk2fHyRlhvo_AAPi
❌ Cliente desconectado: cc-j2DBnegRYS-94AAPk
❌ Cliente desconectado: CWOeZvVxrOpZPPp7AAPn
❌ Cliente desconectado: UF9SRSuWKKNCKxjOAAPp
❌ Cliente desconectado: b73Khz7FxbFGdMf8AAPq
✅ Cliente conectado a WebSocket: STOwoBTOkX30BYLMAAPs
✅ Cliente conectado a WebSocket: tNA6b9cZPNYS8A3zAAPv
✅ Cliente conectado a WebSocket: LXJhG_56NjLqCdukAAPw
✅ Cliente conectado a WebSocket: AD-zptA7D3HlsufTAAPz
✅ Cliente conectado a WebSocket: k5tj1NQreqM5kzqgAAP0
✅ Cliente conectado a WebSocket: wHCCUDh3MzxL1mqiAAP2
❌ Cliente desconectado: STOwoBTOkX30BYLMAAPs
❌ Cliente desconectado: tNA6b9cZPNYS8A3zAAPv
❌ Cliente desconectado: LXJhG_56NjLqCdukAAPw
❌ Cliente desconectado: AD-zptA7D3HlsufTAAPz
❌ Cliente desconectado: k5tj1NQreqM5kzqgAAP0
❌ Cliente desconectado: wHCCUDh3MzxL1mqiAAP2
✅ Cliente conectado a WebSocket: HI5T8ykQ1O7bY3lQAAP5
✅ Cliente conectado a WebSocket: Pj0k6JGb6Q12NEEqAAP6
✅ Cliente conectado a WebSocket: WCR93S48NyyJDy9KAAP8
✅ Cliente conectado a WebSocket: QuYJRktzzMEYOZ19AAP_
✅ Cliente conectado a WebSocket: bwnWIaapWjgEzXj_AAQA
✅ Cliente conectado a WebSocket: bj_qu5Q9rmRP8OIfAAQC
❌ Cliente desconectado: HI5T8ykQ1O7bY3lQAAP5
❌ Cliente desconectado: Pj0k6JGb6Q12NEEqAAP6
❌ Cliente desconectado: WCR93S48NyyJDy9KAAP8
❌ Cliente desconectado: QuYJRktzzMEYOZ19AAP_
❌ Cliente desconectado: bwnWIaapWjgEzXj_AAQA
❌ Cliente desconectado: bj_qu5Q9rmRP8OIfAAQC
✅ Cliente conectado a WebSocket: Rqh1H3wVc2xPTey1AAQF
✅ Cliente conectado a WebSocket: 6AA4la2Pr3LTJlb1AAQG
✅ Cliente conectado a WebSocket: GuhCzoB_OdBWFNV8AAQI
✅ Cliente conectado a WebSocket: OjfY_liUAZV_4BKxAAQK
✅ Cliente conectado a WebSocket: tKLHBRLOb1xoJ_MrAAQM
✅ Cliente conectado a WebSocket: fcfLMJFxT_1gth6iAAQO
❌ Cliente desconectado: Rqh1H3wVc2xPTey1AAQF
❌ Cliente desconectado: 6AA4la2Pr3LTJlb1AAQG
❌ Cliente desconectado: GuhCzoB_OdBWFNV8AAQI
❌ Cliente desconectado: OjfY_liUAZV_4BKxAAQK
❌ Cliente desconectado: tKLHBRLOb1xoJ_MrAAQM
❌ Cliente desconectado: fcfLMJFxT_1gth6iAAQO
✅ Cliente conectado a WebSocket: UhBSJENhd84BSFp8AAQQ
✅ Cliente conectado a WebSocket: AvXXGwBlL1ojFdDxAAQS
✅ Cliente conectado a WebSocket: AJNUiDuIRFdjmRnAAAQU
✅ Cliente conectado a WebSocket: TG0rDTy8XdN-ujA-AAQX
✅ Cliente conectado a WebSocket: euYhsk1t3BinjEbNAAQY
✅ Cliente conectado a WebSocket: dkzSXvH72Z2Z-bcaAAQa
❌ Cliente desconectado: UhBSJENhd84BSFp8AAQQ
❌ Cliente desconectado: AvXXGwBlL1ojFdDxAAQS
❌ Cliente desconectado: AJNUiDuIRFdjmRnAAAQU
❌ Cliente desconectado: TG0rDTy8XdN-ujA-AAQX
❌ Cliente desconectado: euYhsk1t3BinjEbNAAQY
❌ Cliente desconectado: dkzSXvH72Z2Z-bcaAAQa
✅ Cliente conectado a WebSocket: tzeY-QibgyGKYvpnAAQc
✅ Cliente conectado a WebSocket: TrCDhzl5gqvDnE7QAAQe
✅ Cliente conectado a WebSocket: 5RIMHyaKSW4mGyr-AAQg
✅ Cliente conectado a WebSocket: _e3wsUbYPLh5bAmIAAQj
✅ Cliente conectado a WebSocket: 5AJGMD9PaIthHD54AAQk
✅ Cliente conectado a WebSocket: l_JEGECUjbe7Aag_AAQm
❌ Cliente desconectado: tzeY-QibgyGKYvpnAAQc
❌ Cliente desconectado: TrCDhzl5gqvDnE7QAAQe
❌ Cliente desconectado: 5RIMHyaKSW4mGyr-AAQg
❌ Cliente desconectado: _e3wsUbYPLh5bAmIAAQj
❌ Cliente desconectado: 5AJGMD9PaIthHD54AAQk
❌ Cliente desconectado: l_JEGECUjbe7Aag_AAQm
✅ Cliente conectado a WebSocket: 2xcB8UDWXiWyosSNAAQo
✅ Cliente conectado a WebSocket: yslMS6c9xGg7OzrZAAQr
✅ Cliente conectado a WebSocket: yjhQEGjXas2rrjKhAAQs
✅ Cliente conectado a WebSocket: MwdDMLjggvBYV6tKAAQu
✅ Cliente conectado a WebSocket: tyUEjwm4zx6hECJTAAQx
✅ Cliente conectado a WebSocket: bhEEmJo3iLs28saNAAQy
❌ Cliente desconectado: 2xcB8UDWXiWyosSNAAQo
❌ Cliente desconectado: yslMS6c9xGg7OzrZAAQr
❌ Cliente desconectado: yjhQEGjXas2rrjKhAAQs
❌ Cliente desconectado: MwdDMLjggvBYV6tKAAQu
❌ Cliente desconectado: tyUEjwm4zx6hECJTAAQx
❌ Cliente desconectado: bhEEmJo3iLs28saNAAQy
✅ Cliente conectado a WebSocket: htDZGDTLmulvQJUKAAQ1
✅ Cliente conectado a WebSocket: ZUwE3aa6SidmotFTAAQ2
✅ Cliente conectado a WebSocket: Z3sFkkay2p8Js5CZAAQ4
✅ Cliente conectado a WebSocket: jA3p-wkeCclGA_vLAAQ7
✅ Cliente conectado a WebSocket: Fu1ENMmW9DWG18rCAAQ8
✅ Cliente conectado a WebSocket: FCX0UuEVaafpCAtvAAQ-
❌ Cliente desconectado: htDZGDTLmulvQJUKAAQ1
❌ Cliente desconectado: ZUwE3aa6SidmotFTAAQ2
❌ Cliente desconectado: Z3sFkkay2p8Js5CZAAQ4
❌ Cliente desconectado: jA3p-wkeCclGA_vLAAQ7
❌ Cliente desconectado: Fu1ENMmW9DWG18rCAAQ8
❌ Cliente desconectado: FCX0UuEVaafpCAtvAAQ-
✅ Cliente conectado a WebSocket: o0XUIS-rVgUUoKKdAARB
✅ Cliente conectado a WebSocket: E5hqqilBQduIy1S_AARC
✅ Cliente conectado a WebSocket: WJeKnu_MbFxiSHAlAARE
✅ Cliente conectado a WebSocket: nh8RRURjeH8qdPmHAARI
✅ Cliente conectado a WebSocket: kpQQPJafRjtYQvqTAARJ
✅ Cliente conectado a WebSocket: G8ooPACVuPkprM53AARK
❌ Cliente desconectado: o0XUIS-rVgUUoKKdAARB
❌ Cliente desconectado: E5hqqilBQduIy1S_AARC
❌ Cliente desconectado: WJeKnu_MbFxiSHAlAARE
❌ Cliente desconectado: nh8RRURjeH8qdPmHAARI
❌ Cliente desconectado: kpQQPJafRjtYQvqTAARJ
❌ Cliente desconectado: G8ooPACVuPkprM53AARK
✅ Cliente conectado a WebSocket: _o48hU3HH8J9dV9MAARN
✅ Cliente conectado a WebSocket: lNcu4b3Xm2tTjToNAARO
✅ Cliente conectado a WebSocket: 1FjWFbVIGetWLS1SAARQ
✅ Cliente conectado a WebSocket: oaGGi8h7WjN8pQIFAARS
✅ Cliente conectado a WebSocket: sCeRiNwQEVGmi5XGAARV
✅ Cliente conectado a WebSocket: N80LQui0BKU5rfVMAARW
❌ Cliente desconectado: _o48hU3HH8J9dV9MAARN
❌ Cliente desconectado: lNcu4b3Xm2tTjToNAARO
❌ Cliente desconectado: 1FjWFbVIGetWLS1SAARQ
❌ Cliente desconectado: oaGGi8h7WjN8pQIFAARS
❌ Cliente desconectado: sCeRiNwQEVGmi5XGAARV
❌ Cliente desconectado: N80LQui0BKU5rfVMAARW
✅ Cliente conectado a WebSocket: YcvwFNEnK3ec_s73AARZ
✅ Cliente conectado a WebSocket: 1_NJ52R2X3WpWRDEAARa
✅ Cliente conectado a WebSocket: UqrxGaIGmaugeMgLAARc
✅ Cliente conectado a WebSocket: ouLcJ9u96NDiq9v4AARe
✅ Cliente conectado a WebSocket: ulAjr-Je4-wvSbiPAARh
✅ Cliente conectado a WebSocket: wTv5sCt4EPbBy-1QAARi
❌ Cliente desconectado: YcvwFNEnK3ec_s73AARZ
❌ Cliente desconectado: 1_NJ52R2X3WpWRDEAARa
❌ Cliente desconectado: UqrxGaIGmaugeMgLAARc
❌ Cliente desconectado: ouLcJ9u96NDiq9v4AARe
❌ Cliente desconectado: ulAjr-Je4-wvSbiPAARh
❌ Cliente desconectado: wTv5sCt4EPbBy-1QAARi
✅ Cliente conectado a WebSocket: udo3TEDyD_AIbB0nAARk
✅ Cliente conectado a WebSocket: tN0d6wDH2wlTrEkbAARn
✅ Cliente conectado a WebSocket: 3eoBE04bOR9oQYyjAARo
✅ Cliente conectado a WebSocket: sm06QYpLzgXDhPb4AARq
✅ Cliente conectado a WebSocket: zNvdt-m73CoFRAZ5AARt
✅ Cliente conectado a WebSocket: aqyYSo_2wGIG8VoQAARu
❌ Cliente desconectado: udo3TEDyD_AIbB0nAARk
❌ Cliente desconectado: 3eoBE04bOR9oQYyjAARo
❌ Cliente desconectado: tN0d6wDH2wlTrEkbAARn
❌ Cliente desconectado: sm06QYpLzgXDhPb4AARq
❌ Cliente desconectado: zNvdt-m73CoFRAZ5AARt
❌ Cliente desconectado: aqyYSo_2wGIG8VoQAARu
✅ Cliente conectado a WebSocket: PET0xRDrsRj_TlE5AARw
✅ Cliente conectado a WebSocket: CYCCCId1o9ywXtQRAARy
✅ Cliente conectado a WebSocket: XYpvzkB5TnnF4aXWAAR0
✅ Cliente conectado a WebSocket: ZAngM4AhwzQDCoewAAR4
✅ Cliente conectado a WebSocket: i1YZboRy166CKONrAAR5
✅ Cliente conectado a WebSocket: ZdM7r9jGjdpN2PD5AAR6
❌ Cliente desconectado: PET0xRDrsRj_TlE5AARw
❌ Cliente desconectado: CYCCCId1o9ywXtQRAARy
❌ Cliente desconectado: XYpvzkB5TnnF4aXWAAR0
❌ Cliente desconectado: ZAngM4AhwzQDCoewAAR4
❌ Cliente desconectado: i1YZboRy166CKONrAAR5
❌ Cliente desconectado: ZdM7r9jGjdpN2PD5AAR6
✅ Cliente conectado a WebSocket: nCmVuo72IGw00VsZAAR9
✅ Cliente conectado a WebSocket: FlqN1npMKYU0mA-jAAR-
✅ Cliente conectado a WebSocket: fA69Wa7SibFu4hRaAASA
✅ Cliente conectado a WebSocket: 8B3bSZoWxGnpNZTLAASC
✅ Cliente conectado a WebSocket: J8kJHiUNI9cCx_fKAASF
✅ Cliente conectado a WebSocket: X7bWaJTQKLp1ruFTAASG
❌ Cliente desconectado: nCmVuo72IGw00VsZAAR9
❌ Cliente desconectado: FlqN1npMKYU0mA-jAAR-
❌ Cliente desconectado: fA69Wa7SibFu4hRaAASA
❌ Cliente desconectado: 8B3bSZoWxGnpNZTLAASC
❌ Cliente desconectado: J8kJHiUNI9cCx_fKAASF
❌ Cliente desconectado: X7bWaJTQKLp1ruFTAASG
✅ Cliente conectado a WebSocket: enqbJH235377mHZTAASJ
✅ Cliente conectado a WebSocket: 2KFMVWq45mHPWHVzAASK
✅ Cliente conectado a WebSocket: LtBD55_PSBFenNBLAASM
✅ Cliente conectado a WebSocket: vXLu2RSteGTGhCpZAASP
✅ Cliente conectado a WebSocket: ql202ruwqN0m6_tnAASQ
✅ Cliente conectado a WebSocket: ZdQajtIkNPe3p6URAASS
❌ Cliente desconectado: enqbJH235377mHZTAASJ
❌ Cliente desconectado: 2KFMVWq45mHPWHVzAASK
❌ Cliente desconectado: LtBD55_PSBFenNBLAASM
❌ Cliente desconectado: vXLu2RSteGTGhCpZAASP
❌ Cliente desconectado: ql202ruwqN0m6_tnAASQ
❌ Cliente desconectado: ZdQajtIkNPe3p6URAASS
✅ Cliente conectado a WebSocket: d2w-f_UPTu2uQyi6AASW
✅ Cliente conectado a WebSocket: 29bWLvPnsUQ0l_JbAASX
✅ Cliente conectado a WebSocket: OH8sMRaLggXun8LpAASY
✅ Cliente conectado a WebSocket: UnoBJ73n5SNVRr-tAASa
✅ Cliente conectado a WebSocket: X99kKq7UVIDMFgBJAASc
✅ Cliente conectado a WebSocket: NWDvTNqQf0U3Om14AASe
❌ Cliente desconectado: d2w-f_UPTu2uQyi6AASW
❌ Cliente desconectado: 29bWLvPnsUQ0l_JbAASX
❌ Cliente desconectado: OH8sMRaLggXun8LpAASY
❌ Cliente desconectado: UnoBJ73n5SNVRr-tAASa
❌ Cliente desconectado: X99kKq7UVIDMFgBJAASc
❌ Cliente desconectado: NWDvTNqQf0U3Om14AASe
✅ Cliente conectado a WebSocket: 9vlPeVEi41o8GM3FAASg
✅ Cliente conectado a WebSocket: y8IJHvgbtcZrWJBoAASj
✅ Cliente conectado a WebSocket: -h0Gj-XUy-Y_PWxcAASk
✅ Cliente conectado a WebSocket: drK_sbMWvC8LR6lxAASn
✅ Cliente conectado a WebSocket: jSBz5c0wR46KRb-mAASo
✅ Cliente conectado a WebSocket: t3JJqBN2GoNLVp_aAASq
❌ Cliente desconectado: 9vlPeVEi41o8GM3FAASg
❌ Cliente desconectado: y8IJHvgbtcZrWJBoAASj
❌ Cliente desconectado: -h0Gj-XUy-Y_PWxcAASk
❌ Cliente desconectado: drK_sbMWvC8LR6lxAASn
❌ Cliente desconectado: jSBz5c0wR46KRb-mAASo
❌ Cliente desconectado: t3JJqBN2GoNLVp_aAASq
✅ Cliente conectado a WebSocket: _nMfwgJUhzTpsQDjAASt
✅ Cliente conectado a WebSocket: TyDr5MOfCyHHpOZ4AASu
✅ Cliente conectado a WebSocket: BabQRqn045QgVwk1AASw
✅ Cliente conectado a WebSocket: vhSVKE34NtUIydnkAAS0
✅ Cliente conectado a WebSocket: ER82ulXtyPwzuUWnAAS1
✅ Cliente conectado a WebSocket: 6_9yTyR-ZvKfC1R8AAS2
❌ Cliente desconectado: TyDr5MOfCyHHpOZ4AASu
❌ Cliente desconectado: _nMfwgJUhzTpsQDjAASt
❌ Cliente desconectado: BabQRqn045QgVwk1AASw
❌ Cliente desconectado: vhSVKE34NtUIydnkAAS0
❌ Cliente desconectado: ER82ulXtyPwzuUWnAAS1
❌ Cliente desconectado: 6_9yTyR-ZvKfC1R8AAS2
✅ Cliente conectado a WebSocket: ypgIdi4RGRdjH_7qAAS5
✅ Cliente conectado a WebSocket: UixVTToAxjaMah7_AAS6
✅ Cliente conectado a WebSocket: pRijIE19tJ67q-VWAAS8
✅ Cliente conectado a WebSocket: L7CB8FOSX7rsbz_CAATA
✅ Cliente conectado a WebSocket: RzbZqOM6Zp2k3fYYAATB
✅ Cliente conectado a WebSocket: 0FRlfyjxV7bRfv0FAATC
❌ Cliente desconectado: ypgIdi4RGRdjH_7qAAS5
❌ Cliente desconectado: UixVTToAxjaMah7_AAS6
❌ Cliente desconectado: pRijIE19tJ67q-VWAAS8
❌ Cliente desconectado: L7CB8FOSX7rsbz_CAATA
❌ Cliente desconectado: RzbZqOM6Zp2k3fYYAATB
❌ Cliente desconectado: 0FRlfyjxV7bRfv0FAATC
✅ Cliente conectado a WebSocket: 7VOzMEHQx57EiOsfAATE
✅ Cliente conectado a WebSocket: YM8QN6PKHXl0PMOsAATG
✅ Cliente conectado a WebSocket: mMl2YtisW2Tht0dwAATI
✅ Cliente conectado a WebSocket: LLKUgFL1UZOLQ4_TAATK
✅ Cliente conectado a WebSocket: pwwfCbmW8ASZeGJUAATN
✅ Cliente conectado a WebSocket: XfFPML-6iAvf3gcmAATO
❌ Cliente desconectado: 7VOzMEHQx57EiOsfAATE
❌ Cliente desconectado: YM8QN6PKHXl0PMOsAATG
❌ Cliente desconectado: mMl2YtisW2Tht0dwAATI
❌ Cliente desconectado: LLKUgFL1UZOLQ4_TAATK
❌ Cliente desconectado: XfFPML-6iAvf3gcmAATO
❌ Cliente desconectado: pwwfCbmW8ASZeGJUAATN
✅ Cliente conectado a WebSocket: SkvmRDR8bYXJe1I0AATQ
✅ Cliente conectado a WebSocket: xvpRRLTwSGHmWrpuAATS
✅ Cliente conectado a WebSocket: YSVaSYChCQDTvUm5AATU
✅ Cliente conectado a WebSocket: B3-3PkElVx5wfFJMAATW
✅ Cliente conectado a WebSocket: vXOvKPMDbJgMS1TrAATZ
✅ Cliente conectado a WebSocket: X9KVU7NkpXMhYQm6AATa
❌ Cliente desconectado: SkvmRDR8bYXJe1I0AATQ
❌ Cliente desconectado: xvpRRLTwSGHmWrpuAATS
❌ Cliente desconectado: YSVaSYChCQDTvUm5AATU
❌ Cliente desconectado: B3-3PkElVx5wfFJMAATW
❌ Cliente desconectado: vXOvKPMDbJgMS1TrAATZ
❌ Cliente desconectado: X9KVU7NkpXMhYQm6AATa
✅ Cliente conectado a WebSocket: mSs3SIGPHnPnEwtGAATd
✅ Cliente conectado a WebSocket: Z28gaKt8B6ra6XU3AATe
✅ Cliente conectado a WebSocket: pu0C9d2l2e9Q82iNAATg
✅ Cliente conectado a WebSocket: r1oOjE_kWuGg7vNrAATk
✅ Cliente conectado a WebSocket: Wl7HqDgaTI05TVqIAATl
✅ Cliente conectado a WebSocket: G-hEeyWbyE752urZAATm
❌ Cliente desconectado: mSs3SIGPHnPnEwtGAATd
❌ Cliente desconectado: pu0C9d2l2e9Q82iNAATg
❌ Cliente desconectado: Z28gaKt8B6ra6XU3AATe
❌ Cliente desconectado: r1oOjE_kWuGg7vNrAATk
❌ Cliente desconectado: Wl7HqDgaTI05TVqIAATl
❌ Cliente desconectado: G-hEeyWbyE752urZAATm
✅ Cliente conectado a WebSocket: EED49pFHtY5QAZjLAATq
✅ Cliente conectado a WebSocket: RzWBKSQJdsnkValqAATr
✅ Cliente conectado a WebSocket: 1fPr8ukQxJKjxAXaAATs
✅ Cliente conectado a WebSocket: iiVlEz-isdq9MinbAATw
✅ Cliente conectado a WebSocket: XWSrjAwnE14fBJGnAATx
✅ Cliente conectado a WebSocket: oe5LS0qIrvgD8TS1AATy
❌ Cliente desconectado: 1fPr8ukQxJKjxAXaAATs
❌ Cliente desconectado: XWSrjAwnE14fBJGnAATx
❌ Cliente desconectado: oe5LS0qIrvgD8TS1AATy
✅ Cliente conectado a WebSocket: OsekIAE20d0pKyrUAAT2
✅ Cliente conectado a WebSocket: SAPqs9Pt3lnFTHmpAAT3
✅ Cliente conectado a WebSocket: NZ1SHFCh3TDuRe7HAAT4
❌ Cliente desconectado: EED49pFHtY5QAZjLAATq
❌ Cliente desconectado: iiVlEz-isdq9MinbAATw
❌ Cliente desconectado: RzWBKSQJdsnkValqAATr
✅ Cliente conectado a WebSocket: bXwNiBI7fqbgnr-XAAT7
✅ Cliente conectado a WebSocket: rxDE27SArFLNnAMKAAT8
✅ Cliente conectado a WebSocket: PkxPQKOYydc5_pqKAAT-
❌ Cliente desconectado: SAPqs9Pt3lnFTHmpAAT3
❌ Cliente desconectado: NZ1SHFCh3TDuRe7HAAT4
❌ Cliente desconectado: OsekIAE20d0pKyrUAAT2
❌ Cliente desconectado: bXwNiBI7fqbgnr-XAAT7
❌ Cliente desconectado: rxDE27SArFLNnAMKAAT8
❌ Cliente desconectado: PkxPQKOYydc5_pqKAAT-
✅ Cliente conectado a WebSocket: YXlb6Nq3FlmFujo1AAUA
✅ Cliente conectado a WebSocket: w15ORkkcQsWfpDYWAAUD
✅ Cliente conectado a WebSocket: n5_bUnWNI-Y40NhMAAUE
✅ Cliente conectado a WebSocket: gowPZ_FPLkgbGAjwAAUG
✅ Cliente conectado a WebSocket: DQXydJIulpiC0nR6AAUJ
✅ Cliente conectado a WebSocket: UGMlqdgPnE7cpTHIAAUK
❌ Cliente desconectado: gowPZ_FPLkgbGAjwAAUG
❌ Cliente desconectado: DQXydJIulpiC0nR6AAUJ
❌ Cliente desconectado: UGMlqdgPnE7cpTHIAAUK
❌ Cliente desconectado: YXlb6Nq3FlmFujo1AAUA
❌ Cliente desconectado: w15ORkkcQsWfpDYWAAUD
❌ Cliente desconectado: n5_bUnWNI-Y40NhMAAUE
✅ Cliente conectado a WebSocket: ahLjHgEKPZwsK2MZAAUO
✅ Cliente conectado a WebSocket: CrsaCPNoFCosKovsAAUP
✅ Cliente conectado a WebSocket: L2xQyS_CrzcsSAosAAUQ
✅ Cliente conectado a WebSocket: w-qxkpnd0cdRNxsqAAUU
✅ Cliente conectado a WebSocket: P2NOkRTpTQCL_qGFAAUV
✅ Cliente conectado a WebSocket: q50hl5LolLdOOCCPAAUW
❌ Cliente desconectado: L2xQyS_CrzcsSAosAAUQ
❌ Cliente desconectado: q50hl5LolLdOOCCPAAUW
❌ Cliente desconectado: w-qxkpnd0cdRNxsqAAUU
❌ Cliente desconectado: ahLjHgEKPZwsK2MZAAUO
❌ Cliente desconectado: CrsaCPNoFCosKovsAAUP
❌ Cliente desconectado: P2NOkRTpTQCL_qGFAAUV
✅ Cliente conectado a WebSocket: 4BJmRvjfqHk8YKiWAAUY
✅ Cliente conectado a WebSocket: J7mwnQxrHxCDhnPMAAUb
✅ Cliente conectado a WebSocket: JeS5qt4Zq4TsJvJYAAUc
✅ Cliente conectado a WebSocket: 7U9JVlFjOs1Wj-XjAAUg
✅ Cliente conectado a WebSocket: NgFGkhcANf-gZwN9AAUh
✅ Cliente conectado a WebSocket: RIKPPtZKmOF9nQkmAAUi
❌ Cliente desconectado: 4BJmRvjfqHk8YKiWAAUY
❌ Cliente desconectado: NgFGkhcANf-gZwN9AAUh
❌ Cliente desconectado: 7U9JVlFjOs1Wj-XjAAUg
❌ Cliente desconectado: RIKPPtZKmOF9nQkmAAUi
❌ Cliente desconectado: JeS5qt4Zq4TsJvJYAAUc
❌ Cliente desconectado: J7mwnQxrHxCDhnPMAAUb
✅ Cliente conectado a WebSocket: K70mDscluZNsQgrmAAUk
✅ Cliente conectado a WebSocket: g3cg2_RnrbhXbtbuAAUp
✅ Cliente conectado a WebSocket: 2UvzR7ZdU7uMk-ysAAUq
✅ Cliente conectado a WebSocket: T-rRbxjMm3ooCZExAAUr
✅ Cliente conectado a WebSocket: TkK1HngY8lyMmNmKAAUs
✅ Cliente conectado a WebSocket: HA6Erp_achwOfoCbAAUu
❌ Cliente desconectado: 2UvzR7ZdU7uMk-ysAAUq
❌ Cliente desconectado: g3cg2_RnrbhXbtbuAAUp
❌ Cliente desconectado: K70mDscluZNsQgrmAAUk
❌ Cliente desconectado: TkK1HngY8lyMmNmKAAUs
❌ Cliente desconectado: HA6Erp_achwOfoCbAAUu
❌ Cliente desconectado: T-rRbxjMm3ooCZExAAUr
✅ Cliente conectado a WebSocket: czeLVKOpmn_FppzZAAUz
✅ Cliente conectado a WebSocket: 8v-L2-g8fOEizuZ2AAU0
✅ Cliente conectado a WebSocket: kSaikPok8_kIHUjCAAU1
✅ Cliente conectado a WebSocket: 8CcupOjUvj_GsWgXAAU2
✅ Cliente conectado a WebSocket: qG_WSuy8rkSPscdTAAU5
✅ Cliente conectado a WebSocket: H-TOzOdaFvkR7_bHAAU6
❌ Cliente desconectado: 8v-L2-g8fOEizuZ2AAU0
❌ Cliente desconectado: kSaikPok8_kIHUjCAAU1
❌ Cliente desconectado: qG_WSuy8rkSPscdTAAU5
❌ Cliente desconectado: 8CcupOjUvj_GsWgXAAU2
❌ Cliente desconectado: H-TOzOdaFvkR7_bHAAU6
❌ Cliente desconectado: czeLVKOpmn_FppzZAAUz
✅ Cliente conectado a WebSocket: RwgYsk171fJFPP7QAAU-
✅ Cliente conectado a WebSocket: 0aFU0uOS18pvkobnAAU_
✅ Cliente conectado a WebSocket: vj9V1upazwzxjQyaAAVA
✅ Cliente conectado a WebSocket: M5Yj2aBVeHTagcbuAAVE
✅ Cliente conectado a WebSocket: TjEKJf12cPEbA4avAAVF
✅ Cliente conectado a WebSocket: AHH4kDaf7y3xYsHbAAVG
❌ Cliente desconectado: 0aFU0uOS18pvkobnAAU_
❌ Cliente desconectado: vj9V1upazwzxjQyaAAVA
❌ Cliente desconectado: M5Yj2aBVeHTagcbuAAVE
✅ Cliente conectado a WebSocket: w3hnHl3abSVjiZZjAAVI
✅ Cliente conectado a WebSocket: 3ODqCI8J_wfrqKfSAAVL
✅ Cliente conectado a WebSocket: X6vhSM2_6sFD2UqUAAVM
❌ Cliente desconectado: RwgYsk171fJFPP7QAAU-
❌ Cliente desconectado: AHH4kDaf7y3xYsHbAAVG
❌ Cliente desconectado: TjEKJf12cPEbA4avAAVF
❌ Cliente desconectado: w3hnHl3abSVjiZZjAAVI
❌ Cliente desconectado: 3ODqCI8J_wfrqKfSAAVL
✅ Cliente conectado a WebSocket: Tx-5eo7Hkf4Ti6RmAAVO
❌ Cliente desconectado: Tx-5eo7Hkf4Ti6RmAAVO
✅ Cliente conectado a WebSocket: bRi5XfJwWxIDHrK5AAVT
✅ Cliente conectado a WebSocket: jTwjxrIDJwWQqZ9UAAVU
✅ Cliente conectado a WebSocket: XBl3wdm1m0hZ1oytAAVV
✅ Cliente conectado a WebSocket: _fCT8GC3GY9U4BLLAAVW
✅ Cliente conectado a WebSocket: FxvNGno8xYVsR15EAAVY
❌ Cliente desconectado: jTwjxrIDJwWQqZ9UAAVU
❌ Cliente desconectado: bRi5XfJwWxIDHrK5AAVT
❌ Cliente desconectado: _fCT8GC3GY9U4BLLAAVW
❌ Cliente desconectado: XBl3wdm1m0hZ1oytAAVV
❌ Cliente desconectado: FxvNGno8xYVsR15EAAVY
✅ Cliente conectado a WebSocket: qSjRunB4yGM8Rnz6AAVa
✅ Cliente conectado a WebSocket: PwJCtvH5JgYtkOYNAAVe
✅ Cliente conectado a WebSocket: G4RlIO9CnH25fcPvAAVf
✅ Cliente conectado a WebSocket: UbqdsN4aVRWWJu6cAAVg
✅ Cliente conectado a WebSocket: FnW-JnQT69bHIHDdAAVi
❌ Cliente desconectado: qSjRunB4yGM8Rnz6AAVa
❌ Cliente desconectado: PwJCtvH5JgYtkOYNAAVe
❌ Cliente desconectado: UbqdsN4aVRWWJu6cAAVg
❌ Cliente desconectado: FnW-JnQT69bHIHDdAAVi
❌ Cliente desconectado: G4RlIO9CnH25fcPvAAVf
✅ Cliente conectado a WebSocket: d29xz129A9fBsJINAAVo
✅ Cliente conectado a WebSocket: myvwFhrxjRYe0zgsAAVp
✅ Cliente conectado a WebSocket: Li0SmZdRcFMfpfwFAAVq
✅ Cliente conectado a WebSocket: xnFixp0GenovmmeaAAVr
✅ Cliente conectado a WebSocket: amOYKftfg5SpaJkmAAVs
❌ Cliente desconectado: xnFixp0GenovmmeaAAVr
❌ Cliente desconectado: myvwFhrxjRYe0zgsAAVp
✅ Cliente conectado a WebSocket: beo4vJoPBAX5vAICAAVu
✅ Cliente conectado a WebSocket: eFRLHO302O-BVlEJAAVw
❌ Cliente desconectado: d29xz129A9fBsJINAAVo
❌ Cliente desconectado: amOYKftfg5SpaJkmAAVs
❌ Cliente desconectado: Li0SmZdRcFMfpfwFAAVq
❌ Cliente desconectado: X6vhSM2_6sFD2UqUAAVM
❌ Cliente desconectado: beo4vJoPBAX5vAICAAVu
❌ Cliente desconectado: eFRLHO302O-BVlEJAAVw
✅ Cliente conectado a WebSocket: yTq3d87hNBU0gPEhAAVy
✅ Cliente conectado a WebSocket: 2t_w727kIjXBbSsRAAV0
✅ Cliente conectado a WebSocket: pGsE9BYzArcbi7I-AAV4
✅ Cliente conectado a WebSocket: Q601aDU_UsgbEiDZAAV6
❌ Cliente desconectado: yTq3d87hNBU0gPEhAAVy
❌ Cliente desconectado: 2t_w727kIjXBbSsRAAV0
❌ Cliente desconectado: pGsE9BYzArcbi7I-AAV4
❌ Cliente desconectado: Q601aDU_UsgbEiDZAAV6
✅ Cliente conectado a WebSocket: nuOzkW2izktxhnw7AAV8
✅ Cliente conectado a WebSocket: QSabvs-YyCTYzB-IAAV-
✅ Cliente conectado a WebSocket: -NXNWjAsxmfNlXvLAAWA
✅ Cliente conectado a WebSocket: jgD89AUm33GreoaeAAWC
✅ Cliente conectado a WebSocket: PDVRsJWneW6fxBpqAAWF
✅ Cliente conectado a WebSocket: CAwxGIYvu0PYcvcPAAWG
❌ Cliente desconectado: nuOzkW2izktxhnw7AAV8
❌ Cliente desconectado: QSabvs-YyCTYzB-IAAV-
❌ Cliente desconectado: -NXNWjAsxmfNlXvLAAWA
❌ Cliente desconectado: PDVRsJWneW6fxBpqAAWF
❌ Cliente desconectado: jgD89AUm33GreoaeAAWC
❌ Cliente desconectado: CAwxGIYvu0PYcvcPAAWG
✅ Cliente conectado a WebSocket: SyLRut-rmR_gA3ucAAWI
✅ Cliente conectado a WebSocket: 9xljBL_bT_5lqZpSAAWN
✅ Cliente conectado a WebSocket: lzoa3bpCPalMmeVMAAWO
✅ Cliente conectado a WebSocket: lBMKOykkZXu-wufcAAWP
✅ Cliente conectado a WebSocket: 8wlHYnY872b0Av1QAAWQ
✅ Cliente conectado a WebSocket: 9JkO_TNRejgCNbDDAAWS
❌ Cliente desconectado: SyLRut-rmR_gA3ucAAWI
❌ Cliente desconectado: 9JkO_TNRejgCNbDDAAWS
❌ Cliente desconectado: 9xljBL_bT_5lqZpSAAWN
✅ Cliente conectado a WebSocket: WaF2hXqrjcmP__SHAAWW
✅ Cliente conectado a WebSocket: RHRh_clR9FDeTjMNAAWX
✅ Cliente conectado a WebSocket: vWdCJAQop8zC_apDAAWY
❌ Cliente desconectado: 8wlHYnY872b0Av1QAAWQ
❌ Cliente desconectado: lzoa3bpCPalMmeVMAAWO
❌ Cliente desconectado: lBMKOykkZXu-wufcAAWP
✅ Cliente conectado a WebSocket: DajEHvr8cvNwKEexAAWb
✅ Cliente conectado a WebSocket: _0PnJmrdq3zyTnjhAAWc
✅ Cliente conectado a WebSocket: hpfWwtOvgL5P3W13AAWe
❌ Cliente desconectado: hpfWwtOvgL5P3W13AAWe
❌ Cliente desconectado: DajEHvr8cvNwKEexAAWb
❌ Cliente desconectado: _0PnJmrdq3zyTnjhAAWc
❌ Cliente desconectado: RHRh_clR9FDeTjMNAAWX
❌ Cliente desconectado: WaF2hXqrjcmP__SHAAWW
❌ Cliente desconectado: vWdCJAQop8zC_apDAAWY
✅ Cliente conectado a WebSocket: oRwnQm-xnkU7w0PdAAWh
✅ Cliente conectado a WebSocket: p-3pAaW2Anll7Kb_AAWk
✅ Cliente conectado a WebSocket: rIS3ZBKeCzl22ElXAAWl
✅ Cliente conectado a WebSocket: Kbc1c3E3wNnge6IbAAWn
✅ Cliente conectado a WebSocket: tvlQ6Cfodb9mr2iRAAWo
✅ Cliente conectado a WebSocket: -xRO149XCNyTCYurAAWq
❌ Cliente desconectado: rIS3ZBKeCzl22ElXAAWl
❌ Cliente desconectado: tvlQ6Cfodb9mr2iRAAWo
❌ Cliente desconectado: Kbc1c3E3wNnge6IbAAWn
✅ Cliente conectado a WebSocket: pxc7aUzIMCZKlFf_AAWu
✅ Cliente conectado a WebSocket: A4JetHzj3Ee5QT-zAAWv
✅ Cliente conectado a WebSocket: 3da_46usv8Zda2jjAAWw
❌ Cliente desconectado: oRwnQm-xnkU7w0PdAAWh
❌ Cliente desconectado: -xRO149XCNyTCYurAAWq
❌ Cliente desconectado: p-3pAaW2Anll7Kb_AAWk
✅ Cliente conectado a WebSocket: _GzprdrDwXai-qYNAAWy
✅ Cliente conectado a WebSocket: JtQiwoZsybQ-g2yKAAW0
✅ Cliente conectado a WebSocket: 8xCskIO9yO5x3P5nAAW2
❌ Cliente desconectado: _GzprdrDwXai-qYNAAWy
❌ Cliente desconectado: 3da_46usv8Zda2jjAAWw
❌ Cliente desconectado: pxc7aUzIMCZKlFf_AAWu
❌ Cliente desconectado: A4JetHzj3Ee5QT-zAAWv
❌ Cliente desconectado: JtQiwoZsybQ-g2yKAAW0
❌ Cliente desconectado: 8xCskIO9yO5x3P5nAAW2
✅ Cliente conectado a WebSocket: NlQPMOoXNavc9TL7AAW8
✅ Cliente conectado a WebSocket: Rbi-Tn2DmDtaQXuuAAW9
✅ Cliente conectado a WebSocket: hLhdXnTIizzy6I5lAAW-
✅ Cliente conectado a WebSocket: 40lJ4__4XslsdcKWAAW_
✅ Cliente conectado a WebSocket: -7C7YlaOr-kA8VnRAAXA
✅ Cliente conectado a WebSocket: l9GZIV0HEfW_e-wrAAXC
❌ Cliente desconectado: hLhdXnTIizzy6I5lAAW-
❌ Cliente desconectado: NlQPMOoXNavc9TL7AAW8
❌ Cliente desconectado: 40lJ4__4XslsdcKWAAW_
❌ Cliente desconectado: Rbi-Tn2DmDtaQXuuAAW9
❌ Cliente desconectado: -7C7YlaOr-kA8VnRAAXA
❌ Cliente desconectado: l9GZIV0HEfW_e-wrAAXC
✅ Cliente conectado a WebSocket: WgKUj5Ei9hXPC7cqAAXF
✅ Cliente conectado a WebSocket: aoT0yd9LoeM1QVCuAAXG
✅ Cliente conectado a WebSocket: 8KISdmvOil_0XWe1AAXJ
✅ Cliente conectado a WebSocket: IKzgPC-0wcUcPyyEAAXK
✅ Cliente conectado a WebSocket: aVOa1Jh0H96yztdXAAXN
✅ Cliente conectado a WebSocket: XaZvbTK1gbPD_se4AAXO
❌ Cliente desconectado: WgKUj5Ei9hXPC7cqAAXF
❌ Cliente desconectado: XaZvbTK1gbPD_se4AAXO
❌ Cliente desconectado: IKzgPC-0wcUcPyyEAAXK
❌ Cliente desconectado: aoT0yd9LoeM1QVCuAAXG
❌ Cliente desconectado: 8KISdmvOil_0XWe1AAXJ
❌ Cliente desconectado: aVOa1Jh0H96yztdXAAXN
✅ Cliente conectado a WebSocket: ZKItsdBqCHOaM_aRAAXR
✅ Cliente conectado a WebSocket: BwPBDgubjBEkBWpvAAXS
✅ Cliente conectado a WebSocket: LlsqDOUuKKuJbn4JAAXU
✅ Cliente conectado a WebSocket: WNaUd1s9rqjo6bZEAAXY
✅ Cliente conectado a WebSocket: 8ilwJH6D0fybfFnAAAXZ
✅ Cliente conectado a WebSocket: YAcOhlO63NnCYq_pAAXa
❌ Cliente desconectado: BwPBDgubjBEkBWpvAAXS
❌ Cliente desconectado: 8ilwJH6D0fybfFnAAAXZ
❌ Cliente desconectado: ZKItsdBqCHOaM_aRAAXR
❌ Cliente desconectado: LlsqDOUuKKuJbn4JAAXU
❌ Cliente desconectado: YAcOhlO63NnCYq_pAAXa
❌ Cliente desconectado: WNaUd1s9rqjo6bZEAAXY
✅ Cliente conectado a WebSocket: IFdObeux49Y0aAzVAAXf
✅ Cliente conectado a WebSocket: QIXgyL64mheNM_9hAAXg
✅ Cliente conectado a WebSocket: 4yqGcZ84_3dlxxy1AAXh
✅ Cliente conectado a WebSocket: QCpnmcaJzxHdsdRDAAXi
✅ Cliente conectado a WebSocket: YR6fEnBN38WgUWAXAAXl
✅ Cliente conectado a WebSocket: AQJ312i6lk6PgzdNAAXm
❌ Cliente desconectado: QIXgyL64mheNM_9hAAXg
❌ Cliente desconectado: YR6fEnBN38WgUWAXAAXl
❌ Cliente desconectado: QCpnmcaJzxHdsdRDAAXi
❌ Cliente desconectado: IFdObeux49Y0aAzVAAXf
❌ Cliente desconectado: 4yqGcZ84_3dlxxy1AAXh
❌ Cliente desconectado: AQJ312i6lk6PgzdNAAXm
✅ Cliente conectado a WebSocket: eapol-Y1OKUfbhLfAAXr
✅ Cliente conectado a WebSocket: J32mlxUWyK1b68YfAAXs
✅ Cliente conectado a WebSocket: gZx9BGYBgezwwLv-AAXt
✅ Cliente conectado a WebSocket: Mb8C3NnyIwv26kXiAAXu
✅ Cliente conectado a WebSocket: 4Pu5z0rT_C2wMw4zAAXx
✅ Cliente conectado a WebSocket: AL90-yZ9gMauZlc6AAXy
❌ Cliente desconectado: eapol-Y1OKUfbhLfAAXr
❌ Cliente desconectado: J32mlxUWyK1b68YfAAXs
❌ Cliente desconectado: gZx9BGYBgezwwLv-AAXt
❌ Cliente desconectado: Mb8C3NnyIwv26kXiAAXu
❌ Cliente desconectado: 4Pu5z0rT_C2wMw4zAAXx
❌ Cliente desconectado: AL90-yZ9gMauZlc6AAXy
✅ Cliente conectado a WebSocket: txnVJdHyjVS8ksVIAAX0
✅ Cliente conectado a WebSocket: turJVmzSwFQ5UY4VAAX2
✅ Cliente conectado a WebSocket: 7XD7GxbpdlP7LREFAAX4
✅ Cliente conectado a WebSocket: nFm9iMBoresIGwI1AAX6
✅ Cliente conectado a WebSocket: HnV05HgWcqeef06-AAX8
✅ Cliente conectado a WebSocket: HNPvD1-EZJHmbseDAAX-
❌ Cliente desconectado: HNPvD1-EZJHmbseDAAX-
❌ Cliente desconectado: HnV05HgWcqeef06-AAX8
❌ Cliente desconectado: nFm9iMBoresIGwI1AAX6
❌ Cliente desconectado: txnVJdHyjVS8ksVIAAX0
❌ Cliente desconectado: 7XD7GxbpdlP7LREFAAX4
❌ Cliente desconectado: turJVmzSwFQ5UY4VAAX2
✅ Cliente conectado a WebSocket: 18l4_Xzs5SfZcXtdAAYB
✅ Cliente conectado a WebSocket: xf8LpEe4bWCLFlnXAAYD
✅ Cliente conectado a WebSocket: UMiK0o8yOnBCqLqBAAYE
✅ Cliente conectado a WebSocket: 0YJq1ZuE4z8QWPiiAAYH
✅ Cliente conectado a WebSocket: Tqg77d5Y2OX_dF8gAAYJ
✅ Cliente conectado a WebSocket: 1ORhkVsSlPjTXuH2AAYK
❌ Cliente desconectado: 18l4_Xzs5SfZcXtdAAYB
❌ Cliente desconectado: Tqg77d5Y2OX_dF8gAAYJ
❌ Cliente desconectado: 1ORhkVsSlPjTXuH2AAYK
✅ Cliente conectado a WebSocket: RRrJZ-SZAV6OSgxuAAYM
✅ Cliente conectado a WebSocket: l8eB_TxsYp6N41BbAAYP
✅ Cliente conectado a WebSocket: jjPv8VVcVDCeiIAMAAYQ
❌ Cliente desconectado: UMiK0o8yOnBCqLqBAAYE
❌ Cliente desconectado: 0YJq1ZuE4z8QWPiiAAYH
❌ Cliente desconectado: xf8LpEe4bWCLFlnXAAYD
✅ Cliente conectado a WebSocket: vVqJMN5py3hiv1DrAAYS
✅ Cliente conectado a WebSocket: c6YlZYQMmkykYmpDAAYU
✅ Cliente conectado a WebSocket: Kq7xQTjNuWF4Vb_DAAYW
❌ Cliente desconectado: RRrJZ-SZAV6OSgxuAAYM
❌ Cliente desconectado: l8eB_TxsYp6N41BbAAYP
❌ Cliente desconectado: jjPv8VVcVDCeiIAMAAYQ
❌ Cliente desconectado: vVqJMN5py3hiv1DrAAYS
❌ Cliente desconectado: c6YlZYQMmkykYmpDAAYU
❌ Cliente desconectado: Kq7xQTjNuWF4Vb_DAAYW
✅ Cliente conectado a WebSocket: DMb1FUP4cQ-yiRr5AAYY
✅ Cliente conectado a WebSocket: -OR6cEmyhWh3pxpXAAYa
✅ Cliente conectado a WebSocket: PPEI50wScbIjbc7XAAYc
✅ Cliente conectado a WebSocket: F5PPa2vX_HABC2Y_AAYf
✅ Cliente conectado a WebSocket: iwFwMtInDV76iBOFAAYg
✅ Cliente conectado a WebSocket: 0jGn0mngjeJz9NRTAAYi
❌ Cliente desconectado: DMb1FUP4cQ-yiRr5AAYY
❌ Cliente desconectado: -OR6cEmyhWh3pxpXAAYa
❌ Cliente desconectado: PPEI50wScbIjbc7XAAYc
❌ Cliente desconectado: F5PPa2vX_HABC2Y_AAYf
❌ Cliente desconectado: iwFwMtInDV76iBOFAAYg
❌ Cliente desconectado: 0jGn0mngjeJz9NRTAAYi
✅ Cliente conectado a WebSocket: UO8toTrNLnUQ82PAAAYl
✅ Cliente conectado a WebSocket: HK3NlsZRsGB1fVFzAAYm
✅ Cliente conectado a WebSocket: lyUGLUrYHqXKQN7OAAYo
✅ Cliente conectado a WebSocket: qFa8XLDuwr3b1nVgAAYr
✅ Cliente conectado a WebSocket: AyN6iHo3ZCs_JDkKAAYs
✅ Cliente conectado a WebSocket: Qw0Uk2IFfmXuhsiAAAYu
❌ Cliente desconectado: HK3NlsZRsGB1fVFzAAYm
❌ Cliente desconectado: lyUGLUrYHqXKQN7OAAYo
❌ Cliente desconectado: Qw0Uk2IFfmXuhsiAAAYu
✅ Cliente conectado a WebSocket: 6kAI3-92oLPwN_IaAAYw
✅ Cliente conectado a WebSocket: bjgLXF3fJMKLZzxPAAYz
✅ Cliente conectado a WebSocket: 9zmodu3kmJpHjmvqAAY0
❌ Cliente desconectado: UO8toTrNLnUQ82PAAAYl
❌ Cliente desconectado: AyN6iHo3ZCs_JDkKAAYs
❌ Cliente desconectado: qFa8XLDuwr3b1nVgAAYr
❌ Cliente desconectado: 6kAI3-92oLPwN_IaAAYw
❌ Cliente desconectado: bjgLXF3fJMKLZzxPAAYz
❌ Cliente desconectado: 9zmodu3kmJpHjmvqAAY0
✅ Cliente conectado a WebSocket: ZKfBYnpQuDKNO1d0AAY2
✅ Cliente conectado a WebSocket: U_v8iXdkCyvg49uJAAY5
✅ Cliente conectado a WebSocket: 53BpykvRQxAbipBUAAY6
✅ Cliente conectado a WebSocket: kX4FHkM2hF4OGFJoAAY8
✅ Cliente conectado a WebSocket: Dh5z8faB9W_JjHmdAAY_
✅ Cliente conectado a WebSocket: tq4PhIGwSIJnx9N8AAZA
❌ Cliente desconectado: ZKfBYnpQuDKNO1d0AAY2
❌ Cliente desconectado: U_v8iXdkCyvg49uJAAY5
❌ Cliente desconectado: 53BpykvRQxAbipBUAAY6
❌ Cliente desconectado: kX4FHkM2hF4OGFJoAAY8
❌ Cliente desconectado: Dh5z8faB9W_JjHmdAAY_
❌ Cliente desconectado: tq4PhIGwSIJnx9N8AAZA
✅ Cliente conectado a WebSocket: NjN8kfLDBBUYzWlTAAZE
✅ Cliente conectado a WebSocket: F1ktdapls-xorpmqAAZF
✅ Cliente conectado a WebSocket: LsiBx5yKtTVhwxgOAAZH
✅ Cliente conectado a WebSocket: z8yPk9k5hMrsW7V0AAZJ
✅ Cliente conectado a WebSocket: gSJjxr1dwY9KuWPqAAZL
❌ Cliente desconectado: WA4JDayLKBkJZBVGAAJG
✅ Cliente conectado a WebSocket: M_sDW0x9z1qgJ3qsAAZN
❌ Cliente desconectado: NjN8kfLDBBUYzWlTAAZE
❌ Cliente desconectado: F1ktdapls-xorpmqAAZF
❌ Cliente desconectado: LsiBx5yKtTVhwxgOAAZH
❌ Cliente desconectado: z8yPk9k5hMrsW7V0AAZJ
❌ Cliente desconectado: gSJjxr1dwY9KuWPqAAZL
✅ Cliente conectado a WebSocket: zhDEWj93hPyhDy2ZAAZP
✅ Cliente conectado a WebSocket: dSIGq4UQNMfXa17zAAZR
✅ Cliente conectado a WebSocket: L2hJ8KGFIbd83D9BAAZT
✅ Cliente conectado a WebSocket: n1VHTU7tSs9i0kZWAAZW
✅ Cliente conectado a WebSocket: mchLHF-v_xTBB7JvAAZX
❌ Cliente desconectado: M_sDW0x9z1qgJ3qsAAZN
✅ Cliente conectado a WebSocket: yGQNIEbRp_e1hbB6AAZZ
❌ Cliente desconectado: zhDEWj93hPyhDy2ZAAZP
❌ Cliente desconectado: dSIGq4UQNMfXa17zAAZR
❌ Cliente desconectado: L2hJ8KGFIbd83D9BAAZT
❌ Cliente desconectado: n1VHTU7tSs9i0kZWAAZW
❌ Cliente desconectado: mchLHF-v_xTBB7JvAAZX
✅ Cliente conectado a WebSocket: zFOvBT0dc6ptvBTxAAZb
✅ Cliente conectado a WebSocket: 8h4ZBOROrjnWWJbgAAZe
✅ Cliente conectado a WebSocket: xwHHvTHQ8NbBGCkYAAZf
✅ Cliente conectado a WebSocket: FObYdQwmQa7cSOriAAZi
✅ Cliente conectado a WebSocket: cUm-BkW8lnGGSfPwAAZj
✅ Cliente conectado a WebSocket: lDZZq7nSPjuJi8ZyAAZl
❌ Cliente desconectado: yGQNIEbRp_e1hbB6AAZZ
✅ Cliente conectado a WebSocket: sjv3ZDAhHMDlFw1ZAAZp
❌ Cliente desconectado: zFOvBT0dc6ptvBTxAAZb
❌ Cliente desconectado: 8h4ZBOROrjnWWJbgAAZe
❌ Cliente desconectado: xwHHvTHQ8NbBGCkYAAZf
❌ Cliente desconectado: FObYdQwmQa7cSOriAAZi
❌ Cliente desconectado: cUm-BkW8lnGGSfPwAAZj
❌ Cliente desconectado: lDZZq7nSPjuJi8ZyAAZl
📂 [Watcher] Cambio detectado (change) en: main/mi-primer-articulo.md
[Watcher DB] Sin cambios (ya indexado): wiki/main/mi-primer-articulo.md
📂 [Watcher] Cambio detectado (change) en: main/otro-articulo.md
[Watcher DB] Sin cambios (ya indexado): wiki/main/otro-articulo.md
✅ Cliente conectado a WebSocket: WbbkSqgVUjEUL81nAAZs
✅ Cliente conectado a WebSocket: sFATEU9PphMwJV67AAZt
✅ Cliente conectado a WebSocket: IgYJxTy_C9-TxAXVAAZv
📂 [Watcher] Cambio detectado (change) en: help/como-usar-wikilinks.md
[Watcher DB] Sin cambios (ya indexado): wiki/help/como-usar-wikilinks.md
✅ Cliente conectado a WebSocket: tddwNWt_cx7vU-0UAAZy
✅ Cliente conectado a WebSocket: 5jWysPoetQliz5ehAAZz
✅ Cliente conectado a WebSocket: Tveq0AKXjTXhVhqLAAZ1
❌ Cliente desconectado: WbbkSqgVUjEUL81nAAZs
❌ Cliente desconectado: sFATEU9PphMwJV67AAZt
❌ Cliente desconectado: IgYJxTy_C9-TxAXVAAZv
❌ Cliente desconectado: 5jWysPoetQliz5ehAAZz
❌ Cliente desconectado: tddwNWt_cx7vU-0UAAZy
❌ Cliente desconectado: Tveq0AKXjTXhVhqLAAZ1
✅ Cliente conectado a WebSocket: IGYYyoeVF6LOIbUPAAZ6
✅ Cliente conectado a WebSocket: I48mmj9X630kkz9dAAZ7
✅ Cliente conectado a WebSocket: OA5ZRlr9uTGx7s2uAAZ8
❌ Cliente desconectado: sjv3ZDAhHMDlFw1ZAAZp
✅ Cliente conectado a WebSocket: qXfex8UPHvAV06hWAAaA
✅ Cliente conectado a WebSocket: f_dDngOywA2cXjngAAaB
✅ Cliente conectado a WebSocket: 0Og2m6bPUa9VBKnFAAaC
✅ Cliente conectado a WebSocket: bR3lqp88_F8et_ZcAAaE
❌ Cliente desconectado: bR3lqp88_F8et_ZcAAaE
❌ Cliente desconectado: 0Og2m6bPUa9VBKnFAAaC
❌ Cliente desconectado: f_dDngOywA2cXjngAAaB
❌ Cliente desconectado: qXfex8UPHvAV06hWAAaA
❌ Cliente desconectado: OA5ZRlr9uTGx7s2uAAZ8
❌ Cliente desconectado: IGYYyoeVF6LOIbUPAAZ6
❌ Cliente desconectado: I48mmj9X630kkz9dAAZ7
✅ Cliente conectado a WebSocket: vhKm0gkMdIz_3lOLAAaG
✅ Cliente conectado a WebSocket: uF3S-4zXgCOpV10SAAaI
✅ Cliente conectado a WebSocket: mTbx60aSu4Yi-SaCAAaO
✅ Cliente conectado a WebSocket: k-cCxXsNMF8LQlKgAAaP
✅ Cliente conectado a WebSocket: m-WsF2IIou0HOyCZAAaQ
✅ Cliente conectado a WebSocket: ACOvK9u7b7cH9OayAAaR
✅ Cliente conectado a WebSocket: YciYQMEhMGK2rkccAAaT
✅ Cliente conectado a WebSocket: umS5SD2_spUTOX3VAAaV
❌ Cliente desconectado: m-WsF2IIou0HOyCZAAaQ
✅ Cliente conectado a WebSocket: V6MrtYu4X5vXlc1kAAaY
❌ Cliente desconectado: uF3S-4zXgCOpV10SAAaI
❌ Cliente desconectado: vhKm0gkMdIz_3lOLAAaG
❌ Cliente desconectado: YciYQMEhMGK2rkccAAaT
❌ Cliente desconectado: V6MrtYu4X5vXlc1kAAaY
❌ Cliente desconectado: ACOvK9u7b7cH9OayAAaR
❌ Cliente desconectado: umS5SD2_spUTOX3VAAaV
✅ Cliente conectado a WebSocket: ibibvtVVNCs6eUfmAAaa
✅ Cliente conectado a WebSocket: H8f9ZJ1GufaOpIKPAAae
✅ Cliente conectado a WebSocket: QoUEBTLtm00ZsO_jAAaf
✅ Cliente conectado a WebSocket: UxM5P5F6S8eiRBBVAAag
✅ Cliente conectado a WebSocket: 303TtSnUaGdb3kduAAaj
✅ Cliente conectado a WebSocket: xxnoesfIfyoJeqxpAAak
❌ Cliente desconectado: xxnoesfIfyoJeqxpAAak
❌ Cliente desconectado: 303TtSnUaGdb3kduAAaj
✅ Cliente conectado a WebSocket: QEO5eiOkOdb71ZNNAAan
✅ Cliente conectado a WebSocket: WJhKpQFJddpboCu7AAao
❌ Cliente desconectado: UxM5P5F6S8eiRBBVAAag
❌ Cliente desconectado: QoUEBTLtm00ZsO_jAAaf
❌ Cliente desconectado: ibibvtVVNCs6eUfmAAaa
✅ Cliente conectado a WebSocket: XScHVluT9PvXy4kXAAaq
❌ Cliente desconectado: H8f9ZJ1GufaOpIKPAAae
❌ Cliente desconectado: WJhKpQFJddpboCu7AAao
❌ Cliente desconectado: QEO5eiOkOdb71ZNNAAan
✅ Cliente conectado a WebSocket: L1lg_zB_ggiyYMvAAAas
❌ Cliente desconectado: L1lg_zB_ggiyYMvAAAas
❌ Cliente desconectado: k-cCxXsNMF8LQlKgAAaP
❌ Cliente desconectado: mTbx60aSu4Yi-SaCAAaO
❌ Cliente desconectado: XScHVluT9PvXy4kXAAaq
✅ Cliente conectado a WebSocket: 1XSTFNET_9JmRXgHAAax
✅ Cliente conectado a WebSocket: NCP-JPenH9KjWJsRAAay
✅ Cliente conectado a WebSocket: S_lVZNI_5fnYlregAAa1
❌ Cliente desconectado: NCP-JPenH9KjWJsRAAay
❌ Cliente desconectado: 1XSTFNET_9JmRXgHAAax
✅ Cliente conectado a WebSocket: TpZ3XNbFVwL11AzWAAa3
✅ Cliente conectado a WebSocket: UfQZbsUun-CfyyWgAAa4
✅ Cliente conectado a WebSocket: aZaqdX9RLotJjtuMAAa6
✅ Cliente conectado a WebSocket: QVwnjPDEt4R4yFU9AAa9
✅ Cliente conectado a WebSocket: 0oqvWZD2meyoVUI0AAbA
✅ Cliente conectado a WebSocket: M1sMzaBNg665rLSoAAbB
✅ Cliente conectado a WebSocket: i5fAxD-7ycLSs5w1AAbC
❌ Cliente desconectado: UfQZbsUun-CfyyWgAAa4
❌ Cliente desconectado: i5fAxD-7ycLSs5w1AAbC
❌ Cliente desconectado: QVwnjPDEt4R4yFU9AAa9
❌ Cliente desconectado: aZaqdX9RLotJjtuMAAa6
❌ Cliente desconectado: M1sMzaBNg665rLSoAAbB
❌ Cliente desconectado: 0oqvWZD2meyoVUI0AAbA
✅ Cliente conectado a WebSocket: RToll_Xf4Qv2dsSkAAbH
✅ Cliente conectado a WebSocket: gJf-NMwU7dlugv_NAAbI
❌ Cliente desconectado: S_lVZNI_5fnYlregAAa1
✅ Cliente conectado a WebSocket: iloRVAVkeEctxxb_AAbJ
✅ Cliente conectado a WebSocket: _lNNPdIGPBt_OTV-AAbL
❌ Cliente desconectado: _lNNPdIGPBt_OTV-AAbL
❌ Cliente desconectado: TpZ3XNbFVwL11AzWAAa3
❌ Cliente desconectado: RToll_Xf4Qv2dsSkAAbH
✅ Cliente conectado a WebSocket: Dt47H-oAzivNDk8aAAbP
✅ Cliente conectado a WebSocket: vbEUuiOCa7Bk6ZdJAAbQ
✅ Cliente conectado a WebSocket: B2egFP0Ajr2HrtWeAAbR
❌ Cliente desconectado: Dt47H-oAzivNDk8aAAbP
✅ Cliente conectado a WebSocket: ynrzCib_lHBc0J9KAAbT
❌ Cliente desconectado: vbEUuiOCa7Bk6ZdJAAbQ
✅ Cliente conectado a WebSocket: 1PzBjnabxudpxVJWAAbV
❌ Cliente desconectado: ynrzCib_lHBc0J9KAAbT
❌ Cliente desconectado: B2egFP0Ajr2HrtWeAAbR
❌ Cliente desconectado: 1PzBjnabxudpxVJWAAbV
✅ Cliente conectado a WebSocket: WJobwKQglvZ4o4T4AAbX
❌ Cliente desconectado: WJobwKQglvZ4o4T4AAbX
✅ Cliente conectado a WebSocket: 0PCRR6JrxO6q17kUAAbZ
❌ Cliente desconectado: 0PCRR6JrxO6q17kUAAbZ
✅ Cliente conectado a WebSocket: ltbVC-fGI1AFjdTbAAbb
❌ Cliente desconectado: gJf-NMwU7dlugv_NAAbI
❌ Cliente desconectado: iloRVAVkeEctxxb_AAbJ
✅ Cliente conectado a WebSocket: gvaEtbuWncNMx6k-AAbd
✅ Cliente conectado a WebSocket: 3da_HQhCz8p5iEDTAAbf
✅ Cliente conectado a WebSocket: KaNJ3pURNGLEW5LXAAbh
❌ Cliente desconectado: ltbVC-fGI1AFjdTbAAbb
✅ Cliente conectado a WebSocket: kiRfrE0v2c0SOQtuAAbm
✅ Cliente conectado a WebSocket: xKJXyAOVYZ_Us4XfAAbn
✅ Cliente conectado a WebSocket: 6uGZ-dOVHVWvOIP4AAbo
✅ Cliente conectado a WebSocket: rguViy5LH-ekk0dNAAbq
✅ Cliente conectado a WebSocket: yEHEvI7_0XmlgmsFAAbs
❌ Cliente desconectado: kiRfrE0v2c0SOQtuAAbm
❌ Cliente desconectado: rguViy5LH-ekk0dNAAbq
❌ Cliente desconectado: xKJXyAOVYZ_Us4XfAAbn
❌ Cliente desconectado: 6uGZ-dOVHVWvOIP4AAbo
❌ Cliente desconectado: yEHEvI7_0XmlgmsFAAbs
❌ Cliente desconectado: 3da_HQhCz8p5iEDTAAbf
❌ Cliente desconectado: KaNJ3pURNGLEW5LXAAbh
❌ Cliente desconectado: gvaEtbuWncNMx6k-AAbd
✅ Cliente conectado a WebSocket: er0xuRDgF_5_khrnAAbu
✅ Cliente conectado a WebSocket: CKkRi5duMc4HMjJ6AAbx
✅ Cliente conectado a WebSocket: AgyFbKw80DoSdILaAAb0
✅ Cliente conectado a WebSocket: zuPwy5LAfTg1E7Z3AAb1
✅ Cliente conectado a WebSocket: V1XLwAc70JI4B2OMAAb3
✅ Cliente conectado a WebSocket: SjoYAUQ3Yp89R-H0AAb6
✅ Cliente conectado a WebSocket: YyLdHa2EmX85hrDFAAb7
❌ Cliente desconectado: AgyFbKw80DoSdILaAAb0
❌ Cliente desconectado: zuPwy5LAfTg1E7Z3AAb1
✅ Cliente conectado a WebSocket: iThAgoWfmPfMVlthAAb9
📂 [Watcher] Cambio detectado (change) en: faq/preguntas-frecuentes.md
[Watcher DB] Sin cambios (ya indexado): wiki/faq/preguntas-frecuentes.md
📂 [Watcher] Cambio detectado (change) en: help/como-funciona.md
[Watcher DB] Sin cambios (ya indexado): wiki/help/como-funciona.md
✅ Cliente conectado a WebSocket: BMxlLPsqCNFqa5s6AAcA
✅ Cliente conectado a WebSocket: cv_fDDpiaOXHLXJEAAcB
✅ Cliente conectado a WebSocket: MviLuvcNtEBHA2c1AAcF
❌ Cliente desconectado: CKkRi5duMc4HMjJ6AAbx
✅ Cliente conectado a WebSocket: rdEPCPxxJPPpJhxkAAcH
❌ Cliente desconectado: MviLuvcNtEBHA2c1AAcF
✅ Cliente conectado a WebSocket: oH0Vt13JoAAoxlbYAAcJ
📂 [Watcher] Cambio detectado (change) en: help/como-usar-wikilinks.md
[Watcher DB] Sin cambios (ya indexado): wiki/help/como-usar-wikilinks.md
❌ Cliente desconectado: rdEPCPxxJPPpJhxkAAcH
📂 [Watcher] Cambio detectado (change) en: main/otro-articulo.md
[Watcher DB] Sin cambios (ya indexado): wiki/main/otro-articulo.md
📂 [Watcher] Cambio detectado (change) en: main/mi-primer-articulo.md
[Watcher DB] Sin cambios (ya indexado): wiki/main/mi-primer-articulo.md
❌ Cliente desconectado: oH0Vt13JoAAoxlbYAAcJ
❌ Cliente desconectado: V1XLwAc70JI4B2OMAAb3
❌ Cliente desconectado: YyLdHa2EmX85hrDFAAb7
❌ Cliente desconectado: SjoYAUQ3Yp89R-H0AAb6
❌ Cliente desconectado: er0xuRDgF_5_khrnAAbu
❌ Cliente desconectado: iThAgoWfmPfMVlthAAb9
❌ Cliente desconectado: cv_fDDpiaOXHLXJEAAcB
❌ Cliente desconectado: BMxlLPsqCNFqa5s6AAcA
✅ Cliente conectado a WebSocket: gma0q9e7vs8glK_3AAcN
✅ Cliente conectado a WebSocket: hjKWvkYHIyNKSk9hAAcO
✅ Cliente conectado a WebSocket: jkygBSQinPaDqpmAAAcQ
✅ Cliente conectado a WebSocket: Q2S2fbgrrYD7wyHgAAcR
❌ Cliente desconectado: jkygBSQinPaDqpmAAAcQ
❌ Cliente desconectado: hjKWvkYHIyNKSk9hAAcO
❌ Cliente desconectado: gma0q9e7vs8glK_3AAcN
✅ Cliente conectado a WebSocket: iIBtJV6C6_qerhdgAAcU
✅ Cliente conectado a WebSocket: aROoTzcRYFZsQFo0AAcV
✅ Cliente conectado a WebSocket: Q1oGknWUHAMgYSOpAAcX
✅ Cliente conectado a WebSocket: Lo-NU1zkD7C8M5RtAAcZ
❌ Cliente desconectado: Q1oGknWUHAMgYSOpAAcX
❌ Cliente desconectado: iIBtJV6C6_qerhdgAAcU
❌ Cliente desconectado: Lo-NU1zkD7C8M5RtAAcZ
❌ Cliente desconectado: aROoTzcRYFZsQFo0AAcV
❌ Cliente desconectado: Q2S2fbgrrYD7wyHgAAcR
✅ Cliente conectado a WebSocket: FdFzIIFp2ZN2EkpQAAcc
✅ Cliente conectado a WebSocket: RYx1LaAi8uL3KyW9AAce
✅ Cliente conectado a WebSocket: oK2XIdXi1_OYiv1vAAcf
❌ Cliente desconectado: oK2XIdXi1_OYiv1vAAcf
❌ Cliente desconectado: FdFzIIFp2ZN2EkpQAAcc
✅ Cliente conectado a WebSocket: hjymBkAlMISxkT8OAAch
❌ Cliente desconectado: RYx1LaAi8uL3KyW9AAce
✅ Cliente conectado a WebSocket: Vpr5y1KfMNSUyZ8lAAcj
✅ Cliente conectado a WebSocket: 0chvWRzm-346H-g9AAcl
✅ Cliente conectado a WebSocket: VooMhzt5QgOSU_bFAAcn
❌ Cliente desconectado: VooMhzt5QgOSU_bFAAcn
✅ Cliente conectado a WebSocket: Aa2z8vutOqhQkU1kAAcp
❌ Cliente desconectado: hjymBkAlMISxkT8OAAch
❌ Cliente desconectado: Vpr5y1KfMNSUyZ8lAAcj
❌ Cliente desconectado: 0chvWRzm-346H-g9AAcl
❌ Cliente desconectado: Aa2z8vutOqhQkU1kAAcp
✅ Cliente conectado a WebSocket: lGw78pXhHfPnCDKTAAcr
✅ Cliente conectado a WebSocket: YbUK2A5-jAXKG1WvAAcu
✅ Cliente conectado a WebSocket: qpqn_e6Im4LRwqQEAAcw
✅ Cliente conectado a WebSocket: q0NIjetHPamRTTf7AAcx
❌ Cliente desconectado: lGw78pXhHfPnCDKTAAcr
✅ Cliente conectado a WebSocket: 7WZvraR7s3eEQkbeAAcz
❌ Cliente desconectado: qpqn_e6Im4LRwqQEAAcw
❌ Cliente desconectado: YbUK2A5-jAXKG1WvAAcu
❌ Cliente desconectado: q0NIjetHPamRTTf7AAcx
❌ Cliente desconectado: 7WZvraR7s3eEQkbeAAcz
✅ Cliente conectado a WebSocket: WfsBXir1ef5TAZ_ZAAc1
✅ Cliente conectado a WebSocket: yG-BSPHF3BIfd9JoAAc3
❌ Cliente desconectado: WfsBXir1ef5TAZ_ZAAc1
❌ Cliente desconectado: yG-BSPHF3BIfd9JoAAc3
✅ Cliente conectado a WebSocket: W8T3aAEGfl-xOBvhAAc6
✅ Cliente conectado a WebSocket: VGoNpXZlRNBliRljAAc7
✅ Cliente conectado a WebSocket: u1JhLCfeZYNgRrjWAAc9
❌ Cliente desconectado: W8T3aAEGfl-xOBvhAAc6
❌ Cliente desconectado: VGoNpXZlRNBliRljAAc7
❌ Cliente desconectado: u1JhLCfeZYNgRrjWAAc9
✅ Cliente conectado a WebSocket: n3v3Bo2-xmKMkARzAAc_
✅ Cliente conectado a WebSocket: 8JKjoFzQ8vlEWPAcAAdC
✅ Cliente conectado a WebSocket: RPXaCi34WT7tmi5ZAAdD
✅ Cliente conectado a WebSocket: Cu7ahCzuf5H7WaKYAAdF
❌ Cliente desconectado: n3v3Bo2-xmKMkARzAAc_
❌ Cliente desconectado: RPXaCi34WT7tmi5ZAAdD
❌ Cliente desconectado: 8JKjoFzQ8vlEWPAcAAdC
❌ Cliente desconectado: Cu7ahCzuf5H7WaKYAAdF
✅ Cliente conectado a WebSocket: QTX4_LE9NPvxaahXAAdH
✅ Cliente conectado a WebSocket: FsYWsTzT4ZW4ToJSAAdK
✅ Cliente conectado a WebSocket: DyiHtg8y8FI3QCWMAAdL
✅ Cliente conectado a WebSocket: rumltSE5zIiYLpMuAAdN
❌ Cliente desconectado: QTX4_LE9NPvxaahXAAdH
❌ Cliente desconectado: FsYWsTzT4ZW4ToJSAAdK
❌ Cliente desconectado: DyiHtg8y8FI3QCWMAAdL
❌ Cliente desconectado: rumltSE5zIiYLpMuAAdN
✅ Cliente conectado a WebSocket: f4e9DPS3uG7OPM5fAAdR
❌ Cliente desconectado: f4e9DPS3uG7OPM5fAAdR
✅ Cliente conectado a WebSocket: XHXK22q2QWED1rQ2AAdT
❌ Cliente desconectado: XHXK22q2QWED1rQ2AAdT
✅ Cliente conectado a WebSocket: H1azjSQsni3fh255AAdX
✅ Cliente conectado a WebSocket: BwHp9GJfKWgVRLIOAAdY
✅ Cliente conectado a WebSocket: rvmutHOt8CVYWH-QAAdZ
✅ Cliente conectado a WebSocket: De2c_lXOg_-MdHDZAAdb
❌ Cliente desconectado: rvmutHOt8CVYWH-QAAdZ
❌ Cliente desconectado: H1azjSQsni3fh255AAdX
❌ Cliente desconectado: BwHp9GJfKWgVRLIOAAdY
❌ Cliente desconectado: De2c_lXOg_-MdHDZAAdb
✅ Cliente conectado a WebSocket: p8f2cS7DxIcsCKjkAAde
✅ Cliente conectado a WebSocket: hv5ejVjMTlA56s72AAdf
✅ Cliente conectado a WebSocket: SRKP2dGTB5bA_eEPAAdh
❌ Cliente desconectado: hv5ejVjMTlA56s72AAdf
❌ Cliente desconectado: p8f2cS7DxIcsCKjkAAde
✅ Cliente conectado a WebSocket: Rv7HSAoOPEcCYloOAAdk
✅ Cliente conectado a WebSocket: 6XoHQM0rTh-KGUJXAAdm
❌ Cliente desconectado: Rv7HSAoOPEcCYloOAAdk
❌ Cliente desconectado: SRKP2dGTB5bA_eEPAAdh
❌ Cliente desconectado: 6XoHQM0rTh-KGUJXAAdm
✅ Cliente conectado a WebSocket: md2i5EfhRkiH_4AfAAdo
❌ Cliente desconectado: md2i5EfhRkiH_4AfAAdo
✅ Cliente conectado a WebSocket: owNCc3YfL-p5la1VAAdq
✅ Cliente conectado a WebSocket: CQSqZZwbymu64c4_AAds
✅ Cliente conectado a WebSocket: D3gTzDxxRdrjCXzpAAdu
✅ Cliente conectado a WebSocket: qI2E2VMhQeEWYW7fAAdx
❌ Cliente desconectado: CQSqZZwbymu64c4_AAds
❌ Cliente desconectado: D3gTzDxxRdrjCXzpAAdu
❌ Cliente desconectado: qI2E2VMhQeEWYW7fAAdx
❌ Cliente desconectado: owNCc3YfL-p5la1VAAdq
✅ Cliente conectado a WebSocket: qotQxR428tEF4NVFAAd1
✅ Cliente conectado a WebSocket: ft47cIxjBCnR28c0AAd2
✅ Cliente conectado a WebSocket: xD0ZS21ergg_NnNUAAd3
✅ Cliente conectado a WebSocket: l5HOALHXeqt7rU9zAAd7
✅ Cliente conectado a WebSocket: vNXdzA5OzaQBLbU7AAd8
✅ Cliente conectado a WebSocket: 471QxR13u6lOc8ToAAd9
✅ Cliente conectado a WebSocket: gQbhBgW2VZyzdicOAAd_
❌ Cliente desconectado: vNXdzA5OzaQBLbU7AAd8
❌ Cliente desconectado: gQbhBgW2VZyzdicOAAd_
❌ Cliente desconectado: 471QxR13u6lOc8ToAAd9
❌ Cliente desconectado: xD0ZS21ergg_NnNUAAd3
❌ Cliente desconectado: qotQxR428tEF4NVFAAd1
❌ Cliente desconectado: ft47cIxjBCnR28c0AAd2
❌ Cliente desconectado: l5HOALHXeqt7rU9zAAd7
✅ Cliente conectado a WebSocket: c3rdr_a0rMCTU9FlAAeB
✅ Cliente conectado a WebSocket: icvuYt-nB3eDt1x1AAeE
✅ Cliente conectado a WebSocket: XcRqnQZn2EAYzk98AAeF
✅ Cliente conectado a WebSocket: HRAP3LODTBFjJCSrAAeH
❌ Cliente desconectado: c3rdr_a0rMCTU9FlAAeB
❌ Cliente desconectado: icvuYt-nB3eDt1x1AAeE
❌ Cliente desconectado: XcRqnQZn2EAYzk98AAeF
❌ Cliente desconectado: HRAP3LODTBFjJCSrAAeH
✅ Cliente conectado a WebSocket: LkSVO6Ouq99r_sGyAAeJ
✅ Cliente conectado a WebSocket: d42Dx2OA9vYNQ46HAAeM
✅ Cliente conectado a WebSocket: A_yTIqxM9vC28dNkAAeN
✅ Cliente conectado a WebSocket: oTvAmxja0G1RNxoNAAeP
✅ Cliente conectado a WebSocket: RERmcHWPmWhx6_gzAAeR
❌ Cliente desconectado: LkSVO6Ouq99r_sGyAAeJ
❌ Cliente desconectado: oTvAmxja0G1RNxoNAAeP
❌ Cliente desconectado: d42Dx2OA9vYNQ46HAAeM
❌ Cliente desconectado: A_yTIqxM9vC28dNkAAeN
❌ Cliente desconectado: RERmcHWPmWhx6_gzAAeR
✅ Cliente conectado a WebSocket: AAaHl2QOQDWDcgy1AAeU
✅ Cliente conectado a WebSocket: 5KYkD5jASdTF5UHIAAeV
✅ Cliente conectado a WebSocket: jYw9dxEsIlrl8c1zAAeX
✅ Cliente conectado a WebSocket: m1OMdoMtqlG9x1o0AAea
✅ Cliente conectado a WebSocket: jIrKaQV3WCZHt690AAeb
❌ Cliente desconectado: jIrKaQV3WCZHt690AAeb
✅ Cliente conectado a WebSocket: 1nz2_26VFX_dRhX0AAej
❌ Cliente desconectado: AAaHl2QOQDWDcgy1AAeU
❌ Cliente desconectado: 5KYkD5jASdTF5UHIAAeV
❌ Cliente desconectado: m1OMdoMtqlG9x1o0AAea
✅ Cliente conectado a WebSocket: uN_ymtU4udtP96GQAAem
✅ Cliente conectado a WebSocket: jUr569RNyej0fmStAAen
✅ Cliente conectado a WebSocket: mBKkLtQOPVhao7jFAAep
❌ Cliente desconectado: jYw9dxEsIlrl8c1zAAeX
✅ Cliente conectado a WebSocket: mBX-F5A4fuSlPiegAAer
❌ Cliente desconectado: 1nz2_26VFX_dRhX0AAej
❌ Cliente desconectado: uN_ymtU4udtP96GQAAem
❌ Cliente desconectado: jUr569RNyej0fmStAAen
❌ Cliente desconectado: mBKkLtQOPVhao7jFAAep
❌ Cliente desconectado: mBX-F5A4fuSlPiegAAer
✅ Cliente conectado a WebSocket: YlGTxcLrWCVZnOicAAet
✅ Cliente conectado a WebSocket: QDmqAkbdy2Nz69YFAAev
✅ Cliente conectado a WebSocket: SP_ExRtFnqKF7I69AAey
✅ Cliente conectado a WebSocket: Uh9iavdby7tTwa1TAAez
✅ Cliente conectado a WebSocket: rkeZ0nyIJ9kg2bPOAAe1
❌ Cliente desconectado: YlGTxcLrWCVZnOicAAet
❌ Cliente desconectado: QDmqAkbdy2Nz69YFAAev
❌ Cliente desconectado: SP_ExRtFnqKF7I69AAey
❌ Cliente desconectado: Uh9iavdby7tTwa1TAAez
❌ Cliente desconectado: rkeZ0nyIJ9kg2bPOAAe1
✅ Cliente conectado a WebSocket: lT-l-I0svHe5jGXTAAe3
✅ Cliente conectado a WebSocket: Qp3RLVwT-1S73AXNAAe6
✅ Cliente conectado a WebSocket: 9K119aVYPyqKXQNYAAe7
✅ Cliente conectado a WebSocket: Dtx2kC7wde9sdof0AAe9
✅ Cliente conectado a WebSocket: dpCK2LMuVrOoS7TtAAe_
❌ Cliente desconectado: lT-l-I0svHe5jGXTAAe3
❌ Cliente desconectado: Qp3RLVwT-1S73AXNAAe6
❌ Cliente desconectado: 9K119aVYPyqKXQNYAAe7
❌ Cliente desconectado: Dtx2kC7wde9sdof0AAe9
❌ Cliente desconectado: dpCK2LMuVrOoS7TtAAe_
✅ Cliente conectado a WebSocket: l3e2SwJWXZ2Gp7zlAAfB
✅ Cliente conectado a WebSocket: KhEDR1Ic7lBRuhFoAAfD
✅ Cliente conectado a WebSocket: zrpFzUaLCXnxQ4SdAAfG
✅ Cliente conectado a WebSocket: 82_u4y4ieY7jr63yAAfH
✅ Cliente conectado a WebSocket: QSUS4qaqNwjpJR5mAAfJ
❌ Cliente desconectado: l3e2SwJWXZ2Gp7zlAAfB
❌ Cliente desconectado: KhEDR1Ic7lBRuhFoAAfD
❌ Cliente desconectado: zrpFzUaLCXnxQ4SdAAfG
❌ Cliente desconectado: 82_u4y4ieY7jr63yAAfH
❌ Cliente desconectado: QSUS4qaqNwjpJR5mAAfJ
✅ Cliente conectado a WebSocket: 9e6FQfu_dWZrOa0oAAfL
✅ Cliente conectado a WebSocket: Xk_onzgjCnFBfLSOAAfO
✅ Cliente conectado a WebSocket: t3lBtbuXItJ_JXLbAAfP
✅ Cliente conectado a WebSocket: h3FXaJQtnOW9Qj9HAAfR
✅ Cliente conectado a WebSocket: YHqTgQaH4AZ9W9lZAAfT
❌ Cliente desconectado: 9e6FQfu_dWZrOa0oAAfL
❌ Cliente desconectado: Xk_onzgjCnFBfLSOAAfO
❌ Cliente desconectado: t3lBtbuXItJ_JXLbAAfP
❌ Cliente desconectado: h3FXaJQtnOW9Qj9HAAfR
❌ Cliente desconectado: YHqTgQaH4AZ9W9lZAAfT
✅ Cliente conectado a WebSocket: oIon3Md6rG8T4TLuAAfV
✅ Cliente conectado a WebSocket: cmxlI5-6HoycWgJmAAfZ
✅ Cliente conectado a WebSocket: I-RBjQ8jUMNkl3EJAAfa
✅ Cliente conectado a WebSocket: 2rw1YXDRbriZPtnuAAfb
✅ Cliente conectado a WebSocket: q0w8Xf4PmkXwJd9SAAfd
❌ Cliente desconectado: oIon3Md6rG8T4TLuAAfV
❌ Cliente desconectado: 2rw1YXDRbriZPtnuAAfb
❌ Cliente desconectado: cmxlI5-6HoycWgJmAAfZ
❌ Cliente desconectado: I-RBjQ8jUMNkl3EJAAfa
❌ Cliente desconectado: q0w8Xf4PmkXwJd9SAAfd
✅ Cliente conectado a WebSocket: MhGgGWXg6F9bMQvyAAff
✅ Cliente conectado a WebSocket: dgpsj-46Mbmq_FJEAAfh
✅ Cliente conectado a WebSocket: St7ryngFoN_P80b_AAfj
✅ Cliente conectado a WebSocket: a6PcxfAkPD0y54IcAAfl
✅ Cliente conectado a WebSocket: _4vEuPa0DCOjJGWdAAfn
❌ Cliente desconectado: MhGgGWXg6F9bMQvyAAff
❌ Cliente desconectado: dgpsj-46Mbmq_FJEAAfh
❌ Cliente desconectado: St7ryngFoN_P80b_AAfj
❌ Cliente desconectado: a6PcxfAkPD0y54IcAAfl
❌ Cliente desconectado: _4vEuPa0DCOjJGWdAAfn
✅ Cliente conectado a WebSocket: JBPcrdBxNHIqhrn2AAfp
✅ Cliente conectado a WebSocket: BZRD0VRcYg7hOs5wAAfr
✅ Cliente conectado a WebSocket: -0VihutONduZOoA-AAfu
✅ Cliente conectado a WebSocket: rc1hUJIJPtst3oktAAfv
✅ Cliente conectado a WebSocket: JFFajJdH3KSUqc8ZAAfx
❌ Cliente desconectado: JBPcrdBxNHIqhrn2AAfp
❌ Cliente desconectado: BZRD0VRcYg7hOs5wAAfr
❌ Cliente desconectado: -0VihutONduZOoA-AAfu
❌ Cliente desconectado: rc1hUJIJPtst3oktAAfv
❌ Cliente desconectado: JFFajJdH3KSUqc8ZAAfx
✅ Cliente conectado a WebSocket: 71yGVXMQuoQ_4ygJAAfz
✅ Cliente conectado a WebSocket: deLnL0OW04JMIqrxAAf2
✅ Cliente conectado a WebSocket: gz9fgG7pzw8g7yl6AAf3
✅ Cliente conectado a WebSocket: RylrJvcMrNl-JrQ_AAf5
✅ Cliente conectado a WebSocket: aSNqKmYygiIqtfy7AAf7
❌ Cliente desconectado: 71yGVXMQuoQ_4ygJAAfz
❌ Cliente desconectado: deLnL0OW04JMIqrxAAf2
❌ Cliente desconectado: gz9fgG7pzw8g7yl6AAf3
❌ Cliente desconectado: RylrJvcMrNl-JrQ_AAf5
❌ Cliente desconectado: aSNqKmYygiIqtfy7AAf7
✅ Cliente conectado a WebSocket: lEaNh6RN0v8m0NGpAAf9
✅ Cliente conectado a WebSocket: 4qBN5essyigO1QfCAAgB
✅ Cliente conectado a WebSocket: fNK_WWkF89zgjlKsAAgC
✅ Cliente conectado a WebSocket: hAzDxyr_LKb8KMjAAAgD
✅ Cliente conectado a WebSocket: kiOLoPiYdzAzAiWNAAgF
❌ Cliente desconectado: fNK_WWkF89zgjlKsAAgC
❌ Cliente desconectado: 4qBN5essyigO1QfCAAgB
❌ Cliente desconectado: hAzDxyr_LKb8KMjAAAgD
❌ Cliente desconectado: kiOLoPiYdzAzAiWNAAgF
❌ Cliente desconectado: lEaNh6RN0v8m0NGpAAf9
✅ Cliente conectado a WebSocket: UKumu2qMr0qfoGvOAAgJ
✅ Cliente conectado a WebSocket: aJ5tTpOgH84mjXaxAAgK
✅ Cliente conectado a WebSocket: AVF18p9A3pcmoOGYAAgL
✅ Cliente conectado a WebSocket: 1kXt1In0NWPOLLOoAAgO
✅ Cliente conectado a WebSocket: qMt03zeakkx_d5B1AAgP
❌ Cliente desconectado: UKumu2qMr0qfoGvOAAgJ
❌ Cliente desconectado: AVF18p9A3pcmoOGYAAgL
❌ Cliente desconectado: 1kXt1In0NWPOLLOoAAgO
❌ Cliente desconectado: qMt03zeakkx_d5B1AAgP
❌ Cliente desconectado: aJ5tTpOgH84mjXaxAAgK
✅ Cliente conectado a WebSocket: 3PshM64MBHlfyJdvAAgR
✅ Cliente conectado a WebSocket: 6Y1gnqEvsWsiTtwmAAgU
✅ Cliente conectado a WebSocket: CCs-zjz_oJ3jnpG-AAgV
✅ Cliente conectado a WebSocket: HSYDqEqBWx0Yi01PAAgY
✅ Cliente conectado a WebSocket: kAkMiJh3Dgtts4K4AAgZ
❌ Cliente desconectado: CCs-zjz_oJ3jnpG-AAgV
❌ Cliente desconectado: kAkMiJh3Dgtts4K4AAgZ
❌ Cliente desconectado: HSYDqEqBWx0Yi01PAAgY
❌ Cliente desconectado: 6Y1gnqEvsWsiTtwmAAgU
❌ Cliente desconectado: 3PshM64MBHlfyJdvAAgR
✅ Cliente conectado a WebSocket: k4z1TkzQqlVTGBkhAAgb
✅ Cliente conectado a WebSocket: cpuqh-yifwdUdXgpAAgd
✅ Cliente conectado a WebSocket: teU2L3eHHlG080AcAAgf
✅ Cliente conectado a WebSocket: 8s4hr-doSW72GlTuAAgi
✅ Cliente conectado a WebSocket: FpNO5tE1fNBeTTMUAAgj
❌ Cliente desconectado: cpuqh-yifwdUdXgpAAgd
❌ Cliente desconectado: FpNO5tE1fNBeTTMUAAgj
❌ Cliente desconectado: 8s4hr-doSW72GlTuAAgi
❌ Cliente desconectado: k4z1TkzQqlVTGBkhAAgb
❌ Cliente desconectado: teU2L3eHHlG080AcAAgf
✅ Cliente conectado a WebSocket: jgcNdOZHvsarZmprAAgl
✅ Cliente conectado a WebSocket: 5sVcBdXu1nz_qh-oAAgq
✅ Cliente conectado a WebSocket: BKRyOVx-hQW_o31UAAgr
✅ Cliente conectado a WebSocket: AcfSQ8cytwMBHwi4AAgs
✅ Cliente conectado a WebSocket: OAMAljNeECP5biQbAAgt
❌ Cliente desconectado: jgcNdOZHvsarZmprAAgl
❌ Cliente desconectado: 5sVcBdXu1nz_qh-oAAgq
✅ Cliente conectado a WebSocket: VayEdAQ2fwH9kPweAAgy
✅ Cliente conectado a WebSocket: vmmUbOgl8Q6cLn1SAAgz
✅ Cliente conectado a WebSocket: 8DVGK-wIUw1KcoZ9AAg1
✅ Cliente conectado a WebSocket: VpxLqprTDDZXTEWxAAg5
❌ Cliente desconectado: VpxLqprTDDZXTEWxAAg5
❌ Cliente desconectado: AcfSQ8cytwMBHwi4AAgs
❌ Cliente desconectado: OAMAljNeECP5biQbAAgt
❌ Cliente desconectado: BKRyOVx-hQW_o31UAAgr
❌ Cliente desconectado: VayEdAQ2fwH9kPweAAgy
❌ Cliente desconectado: vmmUbOgl8Q6cLn1SAAgz
❌ Cliente desconectado: 8DVGK-wIUw1KcoZ9AAg1
✅ Cliente conectado a WebSocket: kcZHnfOpB_Oq5tE_AAg8
✅ Cliente conectado a WebSocket: qefMk8hrZESzi9RtAAg9
✅ Cliente conectado a WebSocket: nfkPmvwpr8ta5yoKAAg_
❌ Cliente desconectado: kcZHnfOpB_Oq5tE_AAg8
❌ Cliente desconectado: qefMk8hrZESzi9RtAAg9
❌ Cliente desconectado: nfkPmvwpr8ta5yoKAAg_
✅ Cliente conectado a WebSocket: Y21jYyIucaYwyL1eAAhD
✅ Cliente conectado a WebSocket: FxKPooGMvAkl5Tx1AAhE
❌ Cliente desconectado: Y21jYyIucaYwyL1eAAhD
✅ Cliente conectado a WebSocket: Y5Ftm6W0eB4sqPRbAAhH
✅ Cliente conectado a WebSocket: 8XSki082PrykwXrsAAhJ
❌ Cliente desconectado: Y5Ftm6W0eB4sqPRbAAhH
❌ Cliente desconectado: 8XSki082PrykwXrsAAhJ
✅ Cliente conectado a WebSocket: 8X1jg8nbcbMUvp95AAhM
✅ Cliente conectado a WebSocket: wvXymS-R7FGSt5AgAAhN
❌ Cliente desconectado: FxKPooGMvAkl5Tx1AAhE
❌ Cliente desconectado: 8X1jg8nbcbMUvp95AAhM
❌ Cliente desconectado: wvXymS-R7FGSt5AgAAhN
✅ Cliente conectado a WebSocket: n3isVrSRX9aOk7VvAAhQ
✅ Cliente conectado a WebSocket: ezstD9WLKVKMX0d6AAhR
✅ Cliente conectado a WebSocket: oIcFhE4BjOnxQQllAAhT
❌ Cliente desconectado: n3isVrSRX9aOk7VvAAhQ
❌ Cliente desconectado: ezstD9WLKVKMX0d6AAhR
❌ Cliente desconectado: oIcFhE4BjOnxQQllAAhT
✅ Cliente conectado a WebSocket: cd-iyecyNsR0jz0PAAhV
✅ Cliente conectado a WebSocket: cKfiaJELJcQMELjCAAhY
✅ Cliente conectado a WebSocket: OaGQfZ1Z3GE4OKs9AAhZ
❌ Cliente desconectado: cd-iyecyNsR0jz0PAAhV
❌ Cliente desconectado: OaGQfZ1Z3GE4OKs9AAhZ
❌ Cliente desconectado: cKfiaJELJcQMELjCAAhY
✅ Cliente conectado a WebSocket: tgSr6qxtU3dSp9C7AAhc
✅ Cliente conectado a WebSocket: Km3qqEHwenJkQ2VRAAhd
✅ Cliente conectado a WebSocket: SpqN3TPgFJ3TXnOXAAhf
❌ Cliente desconectado: tgSr6qxtU3dSp9C7AAhc
❌ Cliente desconectado: Km3qqEHwenJkQ2VRAAhd
❌ Cliente desconectado: SpqN3TPgFJ3TXnOXAAhf
✅ Cliente conectado a WebSocket: IZr0VC9QnOfipZ6jAAhh
✅ Cliente conectado a WebSocket: lZl95shD16_1aF9AAAhj
✅ Cliente conectado a WebSocket: HQFS7CkRq9BhbhzmAAhl
❌ Cliente desconectado: IZr0VC9QnOfipZ6jAAhh
❌ Cliente desconectado: lZl95shD16_1aF9AAAhj
❌ Cliente desconectado: HQFS7CkRq9BhbhzmAAhl
✅ Cliente conectado a WebSocket: pZpj2JaQzNDTevJ5AAhp
✅ Cliente conectado a WebSocket: qGals4X3JhKDFhUSAAhq
✅ Cliente conectado a WebSocket: NYgzLQhTogRogflWAAhr
❌ Cliente desconectado: pZpj2JaQzNDTevJ5AAhp
❌ Cliente desconectado: NYgzLQhTogRogflWAAhr
❌ Cliente desconectado: qGals4X3JhKDFhUSAAhq
✅ Cliente conectado a WebSocket: iOpZV3vh8TR627JBAAhu
✅ Cliente conectado a WebSocket: D1pnYbGvCY3MmjnRAAhv
✅ Cliente conectado a WebSocket: naWIE3C_XVJosoz7AAhx
❌ Cliente desconectado: iOpZV3vh8TR627JBAAhu
❌ Cliente desconectado: D1pnYbGvCY3MmjnRAAhv
❌ Cliente desconectado: naWIE3C_XVJosoz7AAhx
✅ Cliente conectado a WebSocket: EKNAMgnKb1lOgy4LAAh1
✅ Cliente conectado a WebSocket: kzdohhGydKfWDDkZAAh2
✅ Cliente conectado a WebSocket: mP3TrmR7zRxZDHi2AAh3
❌ Cliente desconectado: EKNAMgnKb1lOgy4LAAh1
❌ Cliente desconectado: mP3TrmR7zRxZDHi2AAh3
❌ Cliente desconectado: kzdohhGydKfWDDkZAAh2
✅ Cliente conectado a WebSocket: AFU9CDwv9TC2qZ6pAAh6
✅ Cliente conectado a WebSocket: j95M_mZfA2RnkO-zAAh8
✅ Cliente conectado a WebSocket: DeS3pXGHl4NKdjolAAh9
❌ Cliente desconectado: AFU9CDwv9TC2qZ6pAAh6
❌ Cliente desconectado: j95M_mZfA2RnkO-zAAh8
❌ Cliente desconectado: DeS3pXGHl4NKdjolAAh9
✅ Cliente conectado a WebSocket: JojUKueoAzmvcStuAAh_
✅ Cliente conectado a WebSocket: DXkyGPLd5vJ7uj9RAAiC
✅ Cliente conectado a WebSocket: WOYnVDp9xo7G_O9wAAiD
❌ Cliente desconectado: JojUKueoAzmvcStuAAh_
❌ Cliente desconectado: DXkyGPLd5vJ7uj9RAAiC
❌ Cliente desconectado: WOYnVDp9xo7G_O9wAAiD
✅ Cliente conectado a WebSocket: h4fp55cYr4N8A75vAAiF
✅ Cliente conectado a WebSocket: vKrK1olrbsvCSw0-AAiI
✅ Cliente conectado a WebSocket: Gr7hO6k_JGbQ0IgRAAiJ
❌ Cliente desconectado: h4fp55cYr4N8A75vAAiF
❌ Cliente desconectado: vKrK1olrbsvCSw0-AAiI
❌ Cliente desconectado: Gr7hO6k_JGbQ0IgRAAiJ
✅ Cliente conectado a WebSocket: HY4dcT-t9g56BzloAAiM
✅ Cliente conectado a WebSocket: StxXCaRCAGqLfASYAAiN
✅ Cliente conectado a WebSocket: 151uVCNIHcErMHiOAAiP
❌ Cliente desconectado: StxXCaRCAGqLfASYAAiN
❌ Cliente desconectado: HY4dcT-t9g56BzloAAiM
❌ Cliente desconectado: 151uVCNIHcErMHiOAAiP
✅ Cliente conectado a WebSocket: qvic4oXguf5P9d1KAAiR
✅ Cliente conectado a WebSocket: A_zvGSawqugSZPUJAAiU
✅ Cliente conectado a WebSocket: P4vkk76sMZJlr6-WAAiV
❌ Cliente desconectado: qvic4oXguf5P9d1KAAiR
❌ Cliente desconectado: A_zvGSawqugSZPUJAAiU
❌ Cliente desconectado: P4vkk76sMZJlr6-WAAiV
✅ Cliente conectado a WebSocket: _0rbP0aiY-FSlEZcAAiX
✅ Cliente conectado a WebSocket: VtP45e13u1JC58H5AAia
✅ Cliente conectado a WebSocket: ZKizww9YIzgFEIWMAAib
❌ Cliente desconectado: _0rbP0aiY-FSlEZcAAiX
❌ Cliente desconectado: VtP45e13u1JC58H5AAia
❌ Cliente desconectado: ZKizww9YIzgFEIWMAAib
✅ Cliente conectado a WebSocket: ljNes_ZmjiFAxLPyAAif
✅ Cliente conectado a WebSocket: h3PUDx4Y5s6PcdZLAAig
✅ Cliente conectado a WebSocket: uaWTht671kafGYqbAAih
❌ Cliente desconectado: uaWTht671kafGYqbAAih
❌ Cliente desconectado: h3PUDx4Y5s6PcdZLAAig
❌ Cliente desconectado: ljNes_ZmjiFAxLPyAAif
✅ Cliente conectado a WebSocket: gPeN3vS0GgOp6FhtAAij
✅ Cliente conectado a WebSocket: 6yVCIzjzZEPDPcatAAim
✅ Cliente conectado a WebSocket: gICQNWlDv5Zuqp59AAin
❌ Cliente desconectado: gPeN3vS0GgOp6FhtAAij
❌ Cliente desconectado: gICQNWlDv5Zuqp59AAin
❌ Cliente desconectado: 6yVCIzjzZEPDPcatAAim
✅ Cliente conectado a WebSocket: Hmob7RjBcwTDaOOdAAip
✅ Cliente conectado a WebSocket: 7JEJB2h1j45KAHAoAAis
✅ Cliente conectado a WebSocket: x6wvj8-naMAkWlC9AAit
❌ Cliente desconectado: Hmob7RjBcwTDaOOdAAip
❌ Cliente desconectado: x6wvj8-naMAkWlC9AAit
❌ Cliente desconectado: 7JEJB2h1j45KAHAoAAis
✅ Cliente conectado a WebSocket: mtGoy1hRuRc0GUrUAAiv
✅ Cliente conectado a WebSocket: qFNamG8Gdtmsad4iAAix
✅ Cliente conectado a WebSocket: sEZ-7vjCZefbSKPkAAiz
❌ Cliente desconectado: mtGoy1hRuRc0GUrUAAiv
❌ Cliente desconectado: qFNamG8Gdtmsad4iAAix
❌ Cliente desconectado: sEZ-7vjCZefbSKPkAAiz
✅ Cliente conectado a WebSocket: BNP25xWKGtd0HQQaAAi1
✅ Cliente conectado a WebSocket: Wj6O40R-lKPycEf7AAi3
✅ Cliente conectado a WebSocket: i4HbSB7JaB8boNcMAAi5
❌ Cliente desconectado: BNP25xWKGtd0HQQaAAi1
❌ Cliente desconectado: Wj6O40R-lKPycEf7AAi3
❌ Cliente desconectado: i4HbSB7JaB8boNcMAAi5
✅ Cliente conectado a WebSocket: zLZSbeK_ijUdsioDAAi9
✅ Cliente conectado a WebSocket: suyr1EBo2LZkhRpiAAi-
✅ Cliente conectado a WebSocket: xrpHmlRnL36YHkJFAAi_
❌ Cliente desconectado: zLZSbeK_ijUdsioDAAi9
❌ Cliente desconectado: suyr1EBo2LZkhRpiAAi-
❌ Cliente desconectado: xrpHmlRnL36YHkJFAAi_
✅ Cliente conectado a WebSocket: eYIKSHflHE7AF660AAjB
✅ Cliente conectado a WebSocket: 9MoxNG3YvqBvqguAAAjE
✅ Cliente conectado a WebSocket: v_FEdxLtarEBOMwbAAjF
❌ Cliente desconectado: eYIKSHflHE7AF660AAjB
❌ Cliente desconectado: v_FEdxLtarEBOMwbAAjF
❌ Cliente desconectado: 9MoxNG3YvqBvqguAAAjE
✅ Cliente conectado a WebSocket: H3SEhw-UfqKsc_GwAAjH
✅ Cliente conectado a WebSocket: Q6npmHZ6nahEkqpkAAjK
✅ Cliente conectado a WebSocket: hggioVd_BqeUtgwnAAjL
❌ Cliente desconectado: H3SEhw-UfqKsc_GwAAjH
❌ Cliente desconectado: hggioVd_BqeUtgwnAAjL
❌ Cliente desconectado: Q6npmHZ6nahEkqpkAAjK
✅ Cliente conectado a WebSocket: 8nzguLo9G5ZZ-VjvAAjP
✅ Cliente conectado a WebSocket: XrjP8ou4DQ5SrNznAAjQ
✅ Cliente conectado a WebSocket: W0dDpbXYXWM-XkLNAAjR
❌ Cliente desconectado: W0dDpbXYXWM-XkLNAAjR
❌ Cliente desconectado: 8nzguLo9G5ZZ-VjvAAjP
❌ Cliente desconectado: XrjP8ou4DQ5SrNznAAjQ
✅ Cliente conectado a WebSocket: nbwVukOAuaX6krhVAAjT
✅ Cliente conectado a WebSocket: nRAU-ifHB-98o948AAjV
❌ Cliente desconectado: nbwVukOAuaX6krhVAAjT
❌ Cliente desconectado: nRAU-ifHB-98o948AAjV
✅ Cliente conectado a WebSocket: _IEoHJqkI3xg-3g-AAjX
✅ Cliente conectado a WebSocket: X5GdscW-ak03tp8vAAja
✅ Cliente conectado a WebSocket: uQvyZKBL3s4bINpDAAjb
❌ Cliente desconectado: _IEoHJqkI3xg-3g-AAjX
❌ Cliente desconectado: X5GdscW-ak03tp8vAAja
❌ Cliente desconectado: uQvyZKBL3s4bINpDAAjb
✅ Cliente conectado a WebSocket: Pb4VFW_tN2pjXzFJAAjd
✅ Cliente conectado a WebSocket: rrr16N-StaLHvPaRAAjg
✅ Cliente conectado a WebSocket: n0gfA9A8b-TRpZDLAAjh
❌ Cliente desconectado: Pb4VFW_tN2pjXzFJAAjd
❌ Cliente desconectado: n0gfA9A8b-TRpZDLAAjh
❌ Cliente desconectado: rrr16N-StaLHvPaRAAjg
✅ Cliente conectado a WebSocket: QWt7WKS7W76L8H2-AAjl
✅ Cliente conectado a WebSocket: p7HJnjoBOpSXJh_3AAjm
✅ Cliente conectado a WebSocket: -DU2Y3B0rkVztvymAAjn
❌ Cliente desconectado: -DU2Y3B0rkVztvymAAjn
❌ Cliente desconectado: p7HJnjoBOpSXJh_3AAjm
❌ Cliente desconectado: QWt7WKS7W76L8H2-AAjl
✅ Cliente conectado a WebSocket: qKCDDKqOi1ns4Dk_AAjr
✅ Cliente conectado a WebSocket: 4h-Gsw9h2LEs5RuDAAjs
✅ Cliente conectado a WebSocket: c1veJ9eulJ87AYdpAAjt
❌ Cliente desconectado: c1veJ9eulJ87AYdpAAjt
❌ Cliente desconectado: 4h-Gsw9h2LEs5RuDAAjs
❌ Cliente desconectado: qKCDDKqOi1ns4Dk_AAjr
✅ Cliente conectado a WebSocket: C5tDo6JLWn_EgSWSAAjw
✅ Cliente conectado a WebSocket: ZfElOhj4VAkWZyiaAAjy
✅ Cliente conectado a WebSocket: SXSLrHQDKNkrpAdvAAjz
❌ Cliente desconectado: ZfElOhj4VAkWZyiaAAjy
❌ Cliente desconectado: C5tDo6JLWn_EgSWSAAjw
❌ Cliente desconectado: SXSLrHQDKNkrpAdvAAjz
✅ Cliente conectado a WebSocket: w4ce1DIU_gRwHalWAAj2
✅ Cliente conectado a WebSocket: Cb3rwagBVnr2T6Q3AAj3
✅ Cliente conectado a WebSocket: POYI5j0Cmk-7hGsiAAj5
❌ Cliente desconectado: Cb3rwagBVnr2T6Q3AAj3
❌ Cliente desconectado: w4ce1DIU_gRwHalWAAj2
❌ Cliente desconectado: POYI5j0Cmk-7hGsiAAj5
✅ Cliente conectado a WebSocket: n-zaWnL7aM_OBqyqAAj8
✅ Cliente conectado a WebSocket: ci79owR6EujfUATrAAj9
❌ Cliente desconectado: ci79owR6EujfUATrAAj9
❌ Cliente desconectado: n-zaWnL7aM_OBqyqAAj8
✅ Cliente conectado a WebSocket: 7Vv49HeynMHLjCH3AAj_
✅ Cliente conectado a WebSocket: aQTvTNB5xo0GU-eAAAkB
✅ Cliente conectado a WebSocket: KIgwUq2SAZNZd6MwAAkD
❌ Cliente desconectado: 7Vv49HeynMHLjCH3AAj_
❌ Cliente desconectado: aQTvTNB5xo0GU-eAAAkB
❌ Cliente desconectado: KIgwUq2SAZNZd6MwAAkD
✅ Cliente conectado a WebSocket: GceR6EldSEY44VjIAAkF
✅ Cliente conectado a WebSocket: FlRVF6r7zsVah51QAAkH
✅ Cliente conectado a WebSocket: -jT4gTQvqSDMvcrgAAkJ
❌ Cliente desconectado: GceR6EldSEY44VjIAAkF
❌ Cliente desconectado: FlRVF6r7zsVah51QAAkH
❌ Cliente desconectado: -jT4gTQvqSDMvcrgAAkJ
✅ Cliente conectado a WebSocket: VwM7cwp3HcRtF3LzAAkM
✅ Cliente conectado a WebSocket: CbtLafBCUqK9QYFuAAkN
✅ Cliente conectado a WebSocket: Jk86Ip_oE5u3rhX1AAkP
❌ Cliente desconectado: VwM7cwp3HcRtF3LzAAkM
❌ Cliente desconectado: Jk86Ip_oE5u3rhX1AAkP
❌ Cliente desconectado: CbtLafBCUqK9QYFuAAkN
✅ Cliente conectado a WebSocket: q3kdIAb-iBWaCB-JAAkR
✅ Cliente conectado a WebSocket: TV8VoXZUvxVCCHSxAAkU
✅ Cliente conectado a WebSocket: AXOKfcV3of-_3-D0AAkV
❌ Cliente desconectado: q3kdIAb-iBWaCB-JAAkR
❌ Cliente desconectado: TV8VoXZUvxVCCHSxAAkU
❌ Cliente desconectado: AXOKfcV3of-_3-D0AAkV
✅ Cliente conectado a WebSocket: mMKc8lAVmm6lLJuBAAkY
✅ Cliente conectado a WebSocket: DjHRg5NyVxW7JbyxAAkZ
✅ Cliente conectado a WebSocket: uDRPGOMVdGLIlvNoAAkb
❌ Cliente desconectado: mMKc8lAVmm6lLJuBAAkY
❌ Cliente desconectado: DjHRg5NyVxW7JbyxAAkZ
❌ Cliente desconectado: uDRPGOMVdGLIlvNoAAkb
✅ Cliente conectado a WebSocket: EA2unbYYUUgtZAKSAAkd
✅ Cliente conectado a WebSocket: NkJFgIW7NAfeqRIfAAkf
✅ Cliente conectado a WebSocket: c-AGtByyRhYiCoD8AAkh
❌ Cliente desconectado: EA2unbYYUUgtZAKSAAkd
✅ Cliente conectado a WebSocket: YoEx_PP7hdN147tFAAkj
❌ Cliente desconectado: YoEx_PP7hdN147tFAAkj
✅ Cliente conectado a WebSocket: N1YYiGW7tvYmYXXiAAkl
❌ Cliente desconectado: NkJFgIW7NAfeqRIfAAkf
❌ Cliente desconectado: c-AGtByyRhYiCoD8AAkh
❌ Cliente desconectado: N1YYiGW7tvYmYXXiAAkl
✅ Cliente conectado a WebSocket: x8TH8Z-Aw1xyUHucAAko
✅ Cliente conectado a WebSocket: T6LfLbDt-7hcxBWDAAkq
✅ Cliente conectado a WebSocket: 7e4rluC_QRRycgjcAAkr
❌ Cliente desconectado: T6LfLbDt-7hcxBWDAAkq
❌ Cliente desconectado: x8TH8Z-Aw1xyUHucAAko
❌ Cliente desconectado: 7e4rluC_QRRycgjcAAkr
✅ Cliente conectado a WebSocket: r5CZUmHjDC0zDluXAAkt
✅ Cliente conectado a WebSocket: 1oRv6VdcPdKK4fxtAAkv
✅ Cliente conectado a WebSocket: _KDHW35XxqCvHKLCAAkx
❌ Cliente desconectado: r5CZUmHjDC0zDluXAAkt
❌ Cliente desconectado: _KDHW35XxqCvHKLCAAkx
❌ Cliente desconectado: 1oRv6VdcPdKK4fxtAAkv
✅ Cliente conectado a WebSocket: 2UgvcLQdLG6WAYKdAAkz
✅ Cliente conectado a WebSocket: oqBnueSlG22UThoxAAk2
✅ Cliente conectado a WebSocket: _P9UPknkXjSdoAioAAk3
❌ Cliente desconectado: oqBnueSlG22UThoxAAk2
❌ Cliente desconectado: _P9UPknkXjSdoAioAAk3
❌ Cliente desconectado: 2UgvcLQdLG6WAYKdAAkz
✅ Cliente conectado a WebSocket: R9YiwDNeYuGCmkU_AAk5
✅ Cliente conectado a WebSocket: k6m-Dan_VTnwqkjFAAk7
✅ Cliente conectado a WebSocket: iOsKY3SN7CfRZdD3AAk9
❌ Cliente desconectado: iOsKY3SN7CfRZdD3AAk9
❌ Cliente desconectado: k6m-Dan_VTnwqkjFAAk7
❌ Cliente desconectado: R9YiwDNeYuGCmkU_AAk5
✅ Cliente conectado a WebSocket: SnhNwrfY3TvspkyYAAlA
✅ Cliente conectado a WebSocket: tGxAxrovPlvez8ZBAAlB
✅ Cliente conectado a WebSocket: OXLOXiW4hrsyjIh0AAlD
❌ Cliente desconectado: tGxAxrovPlvez8ZBAAlB
❌ Cliente desconectado: SnhNwrfY3TvspkyYAAlA
❌ Cliente desconectado: OXLOXiW4hrsyjIh0AAlD
✅ Cliente conectado a WebSocket: 1TU_LXuW2gZEHN4zAAlF
✅ Cliente conectado a WebSocket: JFmXLoFBrsF_guuPAAlI
✅ Cliente conectado a WebSocket: wgPZUyLi9_Y6Z0XoAAlJ
❌ Cliente desconectado: 1TU_LXuW2gZEHN4zAAlF
❌ Cliente desconectado: wgPZUyLi9_Y6Z0XoAAlJ
❌ Cliente desconectado: JFmXLoFBrsF_guuPAAlI
✅ Cliente conectado a WebSocket: 27SbODjRJdDZHfoIAAlM
✅ Cliente conectado a WebSocket: 6Py_6r8BvbybBGScAAlN
✅ Cliente conectado a WebSocket: 8xZUaOe2PGfF6tonAAlP
❌ Cliente desconectado: 6Py_6r8BvbybBGScAAlN
❌ Cliente desconectado: 8xZUaOe2PGfF6tonAAlP
❌ Cliente desconectado: 27SbODjRJdDZHfoIAAlM
✅ Cliente conectado a WebSocket: a1VaS5sLZ4jSRBqlAAlS
✅ Cliente conectado a WebSocket: zNS1rbe0QiwBypdKAAlU
✅ Cliente conectado a WebSocket: rVlipoYFJOxFD4IXAAlV
❌ Cliente desconectado: rVlipoYFJOxFD4IXAAlV
❌ Cliente desconectado: a1VaS5sLZ4jSRBqlAAlS
❌ Cliente desconectado: zNS1rbe0QiwBypdKAAlU
✅ Cliente conectado a WebSocket: PKDJ8dyP6GUYlBmKAAlY
✅ Cliente conectado a WebSocket: -uNsaxo383nUcoqQAAla
✅ Cliente conectado a WebSocket: Rb6gsNX_0HATqHfzAAlb
❌ Cliente desconectado: PKDJ8dyP6GUYlBmKAAlY
❌ Cliente desconectado: -uNsaxo383nUcoqQAAla
❌ Cliente desconectado: Rb6gsNX_0HATqHfzAAlb
✅ Cliente conectado a WebSocket: ZFw95kJqdFYoRD27AAld
✅ Cliente conectado a WebSocket: DhRzwRfPsdd7C-D0AAlf
✅ Cliente conectado a WebSocket: yfCd4mqDDdM3cIDxAAlh
❌ Cliente desconectado: ZFw95kJqdFYoRD27AAld
❌ Cliente desconectado: DhRzwRfPsdd7C-D0AAlf
❌ Cliente desconectado: yfCd4mqDDdM3cIDxAAlh
✅ Cliente conectado a WebSocket: _gqTit0b1uSpc5mlAAll
✅ Cliente conectado a WebSocket: YMgctwwPAHtZuztgAAlm
❌ Cliente desconectado: _gqTit0b1uSpc5mlAAll
❌ Cliente desconectado: YMgctwwPAHtZuztgAAlm
✅ Cliente conectado a WebSocket: jNb05U0UNyOEVvMKAAlo
✅ Cliente conectado a WebSocket: WlsnxqxO_yI_jlz8AAlq
✅ Cliente conectado a WebSocket: YH8zQeJBR7x44RceAAls
❌ Cliente desconectado: jNb05U0UNyOEVvMKAAlo
❌ Cliente desconectado: WlsnxqxO_yI_jlz8AAlq
❌ Cliente desconectado: YH8zQeJBR7x44RceAAls
✅ Cliente conectado a WebSocket: zPDYNozs2tVMbPc5AAlu
✅ Cliente conectado a WebSocket: iOtpcVBpLRtUkRVOAAlw
✅ Cliente conectado a WebSocket: vnvyuKxq03mqKYfKAAly
❌ Cliente desconectado: zPDYNozs2tVMbPc5AAlu
❌ Cliente desconectado: iOtpcVBpLRtUkRVOAAlw
❌ Cliente desconectado: vnvyuKxq03mqKYfKAAly
✅ Cliente conectado a WebSocket: I4LjNwqwtv5RQvSWAAl0
✅ Cliente conectado a WebSocket: N8g3dP_6hbS5K66rAAl3
✅ Cliente conectado a WebSocket: eWlxGvt-RTwER7LUAAl4
❌ Cliente desconectado: I4LjNwqwtv5RQvSWAAl0
❌ Cliente desconectado: eWlxGvt-RTwER7LUAAl4
❌ Cliente desconectado: N8g3dP_6hbS5K66rAAl3
✅ Cliente conectado a WebSocket: yLL8egFWV6Qb2G10AAl6
✅ Cliente conectado a WebSocket: 6YNeH4CxYHEtuNbaAAl9
✅ Cliente conectado a WebSocket: VLisZfYsTy8WRd6VAAl-
❌ Cliente desconectado: yLL8egFWV6Qb2G10AAl6
❌ Cliente desconectado: VLisZfYsTy8WRd6VAAl-
❌ Cliente desconectado: 6YNeH4CxYHEtuNbaAAl9
✅ Cliente conectado a WebSocket: ixfUiMlNWfBYLleWAAmA
✅ Cliente conectado a WebSocket: AUd1cAigEzk4rnTJAAmD
✅ Cliente conectado a WebSocket: Jd9A85aWkjmae5QVAAmE
❌ Cliente desconectado: ixfUiMlNWfBYLleWAAmA
❌ Cliente desconectado: AUd1cAigEzk4rnTJAAmD
❌ Cliente desconectado: Jd9A85aWkjmae5QVAAmE
✅ Cliente conectado a WebSocket: EH2uqqU1R9pWjJowAAmH
✅ Cliente conectado a WebSocket: ekkv_YajJiitBiDkAAmI
✅ Cliente conectado a WebSocket: m7YzFz2is_leNXkiAAmK
❌ Cliente desconectado: ekkv_YajJiitBiDkAAmI
❌ Cliente desconectado: EH2uqqU1R9pWjJowAAmH
❌ Cliente desconectado: m7YzFz2is_leNXkiAAmK
✅ Cliente conectado a WebSocket: mlZrmd3cIM4SSSAyAAmO
✅ Cliente conectado a WebSocket: BeNUOptmhGYmhbwWAAmP
✅ Cliente conectado a WebSocket: YpAYtyXEr5NIqSCiAAmQ
❌ Cliente desconectado: mlZrmd3cIM4SSSAyAAmO
❌ Cliente desconectado: YpAYtyXEr5NIqSCiAAmQ
❌ Cliente desconectado: BeNUOptmhGYmhbwWAAmP
✅ Cliente conectado a WebSocket: mhClQ8sB_0VfC2uBAAmS
✅ Cliente conectado a WebSocket: _ihX67IdTAYknMGoAAmV
✅ Cliente conectado a WebSocket: qF46w_EXc3xrhOjjAAmW
❌ Cliente desconectado: mhClQ8sB_0VfC2uBAAmS
❌ Cliente desconectado: qF46w_EXc3xrhOjjAAmW
❌ Cliente desconectado: _ihX67IdTAYknMGoAAmV
✅ Cliente conectado a WebSocket: Lh6TUQ4iGkcCvpckAAmZ
✅ Cliente conectado a WebSocket: gaEcJi-ZzWfJ5hQPAAma
✅ Cliente conectado a WebSocket: j7aKbSM17nBIpcFwAAmc
❌ Cliente desconectado: Lh6TUQ4iGkcCvpckAAmZ
❌ Cliente desconectado: gaEcJi-ZzWfJ5hQPAAma
❌ Cliente desconectado: j7aKbSM17nBIpcFwAAmc
✅ Cliente conectado a WebSocket: U49-jltlDtC7I6M0AAme
✅ Cliente conectado a WebSocket: y1To_7kgniXQOgniAAmg
✅ Cliente conectado a WebSocket: qHiEZVlbFd39Ob30AAmi
❌ Cliente desconectado: U49-jltlDtC7I6M0AAme
❌ Cliente desconectado: y1To_7kgniXQOgniAAmg
❌ Cliente desconectado: qHiEZVlbFd39Ob30AAmi
✅ Cliente conectado a WebSocket: yFjq5sR8HmE_H43gAAmk
✅ Cliente conectado a WebSocket: oVfA3a5w7yBrK4w4AAmn
✅ Cliente conectado a WebSocket: fe0oZInz30KFvq6-AAmo
❌ Cliente desconectado: yFjq5sR8HmE_H43gAAmk
❌ Cliente desconectado: fe0oZInz30KFvq6-AAmo
❌ Cliente desconectado: oVfA3a5w7yBrK4w4AAmn
✅ Cliente conectado a WebSocket: E3wwHenUnEAe9rh5AAmq
✅ Cliente conectado a WebSocket: -UZWll9JxIOvQ8PWAAms
✅ Cliente conectado a WebSocket: Qw_w_Ap-ifv1hXUYAAmu
❌ Cliente desconectado: E3wwHenUnEAe9rh5AAmq
❌ Cliente desconectado: -UZWll9JxIOvQ8PWAAms
❌ Cliente desconectado: Qw_w_Ap-ifv1hXUYAAmu
✅ Cliente conectado a WebSocket: 1YilX5nYyY2p5hIqAAmw
✅ Cliente conectado a WebSocket: KZ6uG8LqNF-nCTLRAAmz
✅ Cliente conectado a WebSocket: xBl7hr0BHn87n41WAAm0
❌ Cliente desconectado: 1YilX5nYyY2p5hIqAAmw
❌ Cliente desconectado: xBl7hr0BHn87n41WAAm0
❌ Cliente desconectado: KZ6uG8LqNF-nCTLRAAmz
✅ Cliente conectado a WebSocket: 0mmjrP_dJMZvJAeuAAm2
✅ Cliente conectado a WebSocket: fJaHsV9UO1LHx3ALAAm4
✅ Cliente conectado a WebSocket: h34qKlocx_gu9CGQAAm6
❌ Cliente desconectado: 0mmjrP_dJMZvJAeuAAm2
❌ Cliente desconectado: h34qKlocx_gu9CGQAAm6
❌ Cliente desconectado: fJaHsV9UO1LHx3ALAAm4
✅ Cliente conectado a WebSocket: lxbrfVtJTj1UOIMxAAm-
✅ Cliente conectado a WebSocket: wC36JPFAMlup5-qtAAm_
✅ Cliente conectado a WebSocket: P35L9vsdnlt2Nys7AAnA
❌ Cliente desconectado: lxbrfVtJTj1UOIMxAAm-
❌ Cliente desconectado: wC36JPFAMlup5-qtAAm_
❌ Cliente desconectado: P35L9vsdnlt2Nys7AAnA
✅ Cliente conectado a WebSocket: qU56xxH7hiOI411WAAnC
✅ Cliente conectado a WebSocket: 8hY5Vxf-Rxv-4czMAAnF
✅ Cliente conectado a WebSocket: eltsRS_ggtCKqbhnAAnG
❌ Cliente desconectado: qU56xxH7hiOI411WAAnC
❌ Cliente desconectado: 8hY5Vxf-Rxv-4czMAAnF
❌ Cliente desconectado: eltsRS_ggtCKqbhnAAnG
✅ Cliente conectado a WebSocket: FqjLZvhWXUkmNYK6AAnI
✅ Cliente conectado a WebSocket: 2jqC9-Ct9HUW2CUkAAnL
✅ Cliente conectado a WebSocket: hOhaqwTMF0XmjgxpAAnM
❌ Cliente desconectado: FqjLZvhWXUkmNYK6AAnI
❌ Cliente desconectado: hOhaqwTMF0XmjgxpAAnM
❌ Cliente desconectado: 2jqC9-Ct9HUW2CUkAAnL
✅ Cliente conectado a WebSocket: nL3IW9Ms8YZrVNMXAAnO
✅ Cliente conectado a WebSocket: iZAyRE_hfvm6JFQBAAnR
✅ Cliente conectado a WebSocket: OjS3YgSSnzByOAPMAAnS
❌ Cliente desconectado: nL3IW9Ms8YZrVNMXAAnO
❌ Cliente desconectado: iZAyRE_hfvm6JFQBAAnR
❌ Cliente desconectado: OjS3YgSSnzByOAPMAAnS
✅ Cliente conectado a WebSocket: RSnUmw8wA8XhNuGGAAnU
✅ Cliente conectado a WebSocket: aJU5X_wdB1J25WDMAAnW
✅ Cliente conectado a WebSocket: ymJ-7ePHDhQCrWaWAAnY
❌ Cliente desconectado: RSnUmw8wA8XhNuGGAAnU
❌ Cliente desconectado: aJU5X_wdB1J25WDMAAnW
❌ Cliente desconectado: ymJ-7ePHDhQCrWaWAAnY
✅ Cliente conectado a WebSocket: 5qLr6vphuNHoBZwnAAna
✅ Cliente conectado a WebSocket: ercuhfznZNcJiRhsAAnc
✅ Cliente conectado a WebSocket: ykdFKvr-Zt9BiSkMAAne
❌ Cliente desconectado: 5qLr6vphuNHoBZwnAAna
❌ Cliente desconectado: ykdFKvr-Zt9BiSkMAAne
❌ Cliente desconectado: ercuhfznZNcJiRhsAAnc
✅ Cliente conectado a WebSocket: EHOblQAn7f-I7H1uAAng
✅ Cliente conectado a WebSocket: NcADby35Zc2qNmWnAAnj
✅ Cliente conectado a WebSocket: MyCl3-XdTKATWQkxAAnk
❌ Cliente desconectado: EHOblQAn7f-I7H1uAAng
❌ Cliente desconectado: NcADby35Zc2qNmWnAAnj
❌ Cliente desconectado: MyCl3-XdTKATWQkxAAnk
✅ Cliente conectado a WebSocket: tso1FaLdzB_-qmkyAAno
✅ Cliente conectado a WebSocket: vSP8vXdiMBpSzzFAAAnp
✅ Cliente conectado a WebSocket: A7XekJkfXUZOZNddAAnq
❌ Cliente desconectado: A7XekJkfXUZOZNddAAnq
❌ Cliente desconectado: tso1FaLdzB_-qmkyAAno
❌ Cliente desconectado: vSP8vXdiMBpSzzFAAAnp
✅ Cliente conectado a WebSocket: TnPfYH7EXLgXxFOzAAnt
✅ Cliente conectado a WebSocket: jT3q39jk0BQNpHZvAAnu
✅ Cliente conectado a WebSocket: FtqbJ78d8FCDwo_FAAnw
❌ Cliente desconectado: TnPfYH7EXLgXxFOzAAnt
❌ Cliente desconectado: jT3q39jk0BQNpHZvAAnu
❌ Cliente desconectado: FtqbJ78d8FCDwo_FAAnw
✅ Cliente conectado a WebSocket: _s1yqCvnKULJ3ObQAAny
✅ Cliente conectado a WebSocket: Dn8i7qh-Ggi_fUwPAAn0
✅ Cliente conectado a WebSocket: khNkfcXhsyxWVySsAAn2
❌ Cliente desconectado: _s1yqCvnKULJ3ObQAAny
❌ Cliente desconectado: Dn8i7qh-Ggi_fUwPAAn0
❌ Cliente desconectado: khNkfcXhsyxWVySsAAn2
✅ Cliente conectado a WebSocket: W9ppnJ13Q0TAwFybAAn6
✅ Cliente conectado a WebSocket: XEuni_HNYJaPkNN-AAn7
✅ Cliente conectado a WebSocket: M1pe_o4qqPTyv2CNAAn8
❌ Cliente desconectado: M1pe_o4qqPTyv2CNAAn8
❌ Cliente desconectado: W9ppnJ13Q0TAwFybAAn6
❌ Cliente desconectado: XEuni_HNYJaPkNN-AAn7
✅ Cliente conectado a WebSocket: 9g5BV9n473Rva3fYAAn_
✅ Cliente conectado a WebSocket: FfbhZ1j70sgR45GTAAoA
✅ Cliente conectado a WebSocket: 6_209TAd2TR58XcbAAoC
❌ Cliente desconectado: 9g5BV9n473Rva3fYAAn_
❌ Cliente desconectado: FfbhZ1j70sgR45GTAAoA
❌ Cliente desconectado: 6_209TAd2TR58XcbAAoC
✅ Cliente conectado a WebSocket: i5hmMydhCG3ZN8yXAAoE
✅ Cliente conectado a WebSocket: 5UKD35IhoIuTghjSAAoH
✅ Cliente conectado a WebSocket: -FkH51hPEjTfukA0AAoI
❌ Cliente desconectado: i5hmMydhCG3ZN8yXAAoE
❌ Cliente desconectado: 5UKD35IhoIuTghjSAAoH
❌ Cliente desconectado: -FkH51hPEjTfukA0AAoI
✅ Cliente conectado a WebSocket: 7J3h9Tw49CF2k0MNAAoK
✅ Cliente conectado a WebSocket: jk4M5LaXBWd0OSRyAAoM
✅ Cliente conectado a WebSocket: 5b7GiM9xxfVMS3-qAAoO
❌ Cliente desconectado: 7J3h9Tw49CF2k0MNAAoK
❌ Cliente desconectado: jk4M5LaXBWd0OSRyAAoM
❌ Cliente desconectado: 5b7GiM9xxfVMS3-qAAoO
✅ Cliente conectado a WebSocket: 4qgF8rBfmHMTfnQFAAoQ
✅ Cliente conectado a WebSocket: w5WNYXh5kPc6yG8rAAoT
✅ Cliente conectado a WebSocket: AdVk2ODp_505DXgsAAoU
❌ Cliente desconectado: 4qgF8rBfmHMTfnQFAAoQ
❌ Cliente desconectado: w5WNYXh5kPc6yG8rAAoT
❌ Cliente desconectado: AdVk2ODp_505DXgsAAoU
✅ Cliente conectado a WebSocket: -7uNE_VvXKE3R5pvAAoX
✅ Cliente conectado a WebSocket: fXJJ28JOTTBBfIhFAAoY
✅ Cliente conectado a WebSocket: toHwzQ4GgQ1KgnELAAoa
❌ Cliente desconectado: fXJJ28JOTTBBfIhFAAoY
❌ Cliente desconectado: -7uNE_VvXKE3R5pvAAoX
❌ Cliente desconectado: toHwzQ4GgQ1KgnELAAoa
✅ Cliente conectado a WebSocket: lEIo-ymg-awS5hF4AAod
✅ Cliente conectado a WebSocket: QWhzg9s-HhJ7j412AAoe
✅ Cliente conectado a WebSocket: VA68pe8zCyirFBezAAog
❌ Cliente desconectado: lEIo-ymg-awS5hF4AAod
❌ Cliente desconectado: QWhzg9s-HhJ7j412AAoe
❌ Cliente desconectado: VA68pe8zCyirFBezAAog
✅ Cliente conectado a WebSocket: 9Il9-0Dk8EB5DCgDAAoi
✅ Cliente conectado a WebSocket: yatfhh0kYcTsFiE6AAol
✅ Cliente conectado a WebSocket: opyteW9vyIjX49XIAAom
❌ Cliente desconectado: 9Il9-0Dk8EB5DCgDAAoi
❌ Cliente desconectado: opyteW9vyIjX49XIAAom
❌ Cliente desconectado: yatfhh0kYcTsFiE6AAol
✅ Cliente conectado a WebSocket: 8waI8mnYbfmCEtLGAAoo
✅ Cliente conectado a WebSocket: -e9XdTmT7ZKQepZmAAor
✅ Cliente conectado a WebSocket: vUE2AjfbMehdzkOcAAos
❌ Cliente desconectado: 8waI8mnYbfmCEtLGAAoo
❌ Cliente desconectado: -e9XdTmT7ZKQepZmAAor
❌ Cliente desconectado: vUE2AjfbMehdzkOcAAos
✅ Cliente conectado a WebSocket: 3Im_wkwJG-qq4-rXAAov
✅ Cliente conectado a WebSocket: f8qVfKoE0-UXXIMOAAow
✅ Cliente conectado a WebSocket: sHkhtqgZPzfC873IAAoy
❌ Cliente desconectado: 3Im_wkwJG-qq4-rXAAov
❌ Cliente desconectado: f8qVfKoE0-UXXIMOAAow
❌ Cliente desconectado: sHkhtqgZPzfC873IAAoy
✅ Cliente conectado a WebSocket: HUuzgMtik4jQ45HCAAo2
✅ Cliente conectado a WebSocket: KacxUUFRuLb4sD7GAAo3
✅ Cliente conectado a WebSocket: jMveTs117DSsljpoAAo4
❌ Cliente desconectado: KacxUUFRuLb4sD7GAAo3
❌ Cliente desconectado: HUuzgMtik4jQ45HCAAo2
❌ Cliente desconectado: jMveTs117DSsljpoAAo4
✅ Cliente conectado a WebSocket: WqxkptfMyxK1995aAAo6
✅ Cliente conectado a WebSocket: i_IomqwD3Pv7CTgDAAo9
✅ Cliente conectado a WebSocket: pcE8j-RePoqc_w3EAAo-
❌ Cliente desconectado: WqxkptfMyxK1995aAAo6
❌ Cliente desconectado: i_IomqwD3Pv7CTgDAAo9
❌ Cliente desconectado: pcE8j-RePoqc_w3EAAo-
✅ Cliente conectado a WebSocket: n_BNzcYNNEziqjnUAApB
✅ Cliente conectado a WebSocket: gJXT1VvqY95_SsrfAApC
✅ Cliente conectado a WebSocket: rLXtcPJ6HCD3dhD7AApE
❌ Cliente desconectado: gJXT1VvqY95_SsrfAApC
❌ Cliente desconectado: n_BNzcYNNEziqjnUAApB
❌ Cliente desconectado: rLXtcPJ6HCD3dhD7AApE
✅ Cliente conectado a WebSocket: LbtDnmzS0hCmj6CAAApI
✅ Cliente conectado a WebSocket: O4_zD-DhMkLKZQAQAApJ
✅ Cliente conectado a WebSocket: 0G03BP3G3sxXTLfLAApK
❌ Cliente desconectado: LbtDnmzS0hCmj6CAAApI
❌ Cliente desconectado: O4_zD-DhMkLKZQAQAApJ
❌ Cliente desconectado: 0G03BP3G3sxXTLfLAApK
✅ Cliente conectado a WebSocket: HUNZBjHzL0PIETrtAApM
✅ Cliente conectado a WebSocket: suJCenrO5ZhIEk82AApO
✅ Cliente conectado a WebSocket: vbaTqd_6-f9cb8VZAApQ
❌ Cliente desconectado: HUNZBjHzL0PIETrtAApM
❌ Cliente desconectado: suJCenrO5ZhIEk82AApO
❌ Cliente desconectado: vbaTqd_6-f9cb8VZAApQ
✅ Cliente conectado a WebSocket: VHdPqBSK4nSd2mSBAApT
✅ Cliente conectado a WebSocket: -n_8Yv51uqif9VNlAApU
✅ Cliente conectado a WebSocket: kJl_IZUe_8LY4FC_AApW
❌ Cliente desconectado: VHdPqBSK4nSd2mSBAApT
❌ Cliente desconectado: -n_8Yv51uqif9VNlAApU
❌ Cliente desconectado: kJl_IZUe_8LY4FC_AApW
✅ Cliente conectado a WebSocket: A8btHqaK_ftKTmzmAApY
✅ Cliente conectado a WebSocket: MMlaaOZr1a49ckA5AApa
✅ Cliente conectado a WebSocket: hRw2a0WNlqTbWpumAApc
❌ Cliente desconectado: A8btHqaK_ftKTmzmAApY
❌ Cliente desconectado: MMlaaOZr1a49ckA5AApa
❌ Cliente desconectado: hRw2a0WNlqTbWpumAApc
✅ Cliente conectado a WebSocket: Qg_Hyi1A2navO9JLAApf
✅ Cliente conectado a WebSocket: EPw2imrLH7i0C8ZaAApg
✅ Cliente conectado a WebSocket: kjTxiY54mUNW5rzbAApi
❌ Cliente desconectado: EPw2imrLH7i0C8ZaAApg
❌ Cliente desconectado: Qg_Hyi1A2navO9JLAApf
❌ Cliente desconectado: kjTxiY54mUNW5rzbAApi
✅ Cliente conectado a WebSocket: ZdURFQnrxLDr4YRdAApk
✅ Cliente conectado a WebSocket: 8sacczWL1jcmeM-FAApn
✅ Cliente conectado a WebSocket: KhgTHI4Gxpo6PxnnAApo
❌ Cliente desconectado: ZdURFQnrxLDr4YRdAApk
❌ Cliente desconectado: KhgTHI4Gxpo6PxnnAApo
❌ Cliente desconectado: 8sacczWL1jcmeM-FAApn
✅ Cliente conectado a WebSocket: uf6KUy3rrwBA3VXgAApq
✅ Cliente conectado a WebSocket: mbzhL661OVMG5gq9AApt
✅ Cliente conectado a WebSocket: nB9JkKw1ezp7C2TwAApu
❌ Cliente desconectado: uf6KUy3rrwBA3VXgAApq
❌ Cliente desconectado: nB9JkKw1ezp7C2TwAApu
❌ Cliente desconectado: mbzhL661OVMG5gq9AApt
✅ Cliente conectado a WebSocket: PiCr4xZ6otleGoffAApw
✅ Cliente conectado a WebSocket: qJwGFHb0FMOlb9ymAApy
✅ Cliente conectado a WebSocket: Xqb1eF6q30yV0opYAAp0
❌ Cliente desconectado: PiCr4xZ6otleGoffAApw
❌ Cliente desconectado: qJwGFHb0FMOlb9ymAApy
❌ Cliente desconectado: Xqb1eF6q30yV0opYAAp0
✅ Cliente conectado a WebSocket: _lzF6tPz5XzAcgEdAAp3
✅ Cliente conectado a WebSocket: NDZEpxiAZ9ywCyTuAAp4
✅ Cliente conectado a WebSocket: lewZyq18oEcMZCr-AAp6
❌ Cliente desconectado: _lzF6tPz5XzAcgEdAAp3
❌ Cliente desconectado: NDZEpxiAZ9ywCyTuAAp4
❌ Cliente desconectado: lewZyq18oEcMZCr-AAp6
✅ Cliente conectado a WebSocket: 3Z1OL86ExakpK_HRAAp8
✅ Cliente conectado a WebSocket: 1itSnKEhfdj6p0yHAAp-
✅ Cliente conectado a WebSocket: S7LPXFGg3kUZnMcBAAqA
❌ Cliente desconectado: 3Z1OL86ExakpK_HRAAp8
❌ Cliente desconectado: 1itSnKEhfdj6p0yHAAp-
❌ Cliente desconectado: S7LPXFGg3kUZnMcBAAqA
✅ Cliente conectado a WebSocket: A1VW4QMwOR4z8KiRAAqC
✅ Cliente conectado a WebSocket: _hx5LOZqstE_dDzlAAqE
✅ Cliente conectado a WebSocket: 0QCssB4Gh7gsfyM8AAqG
❌ Cliente desconectado: A1VW4QMwOR4z8KiRAAqC
❌ Cliente desconectado: _hx5LOZqstE_dDzlAAqE
❌ Cliente desconectado: 0QCssB4Gh7gsfyM8AAqG
✅ Cliente conectado a WebSocket: oavIjLNfY6HEId8qAAqI
✅ Cliente conectado a WebSocket: qIGag7esGPie_i4dAAqK
✅ Cliente conectado a WebSocket: sBkJlnuRKbwG99RwAAqM
❌ Cliente desconectado: oavIjLNfY6HEId8qAAqI
❌ Cliente desconectado: qIGag7esGPie_i4dAAqK
❌ Cliente desconectado: sBkJlnuRKbwG99RwAAqM
✅ Cliente conectado a WebSocket: 32RnxkKiSM-tYKHkAAqO
✅ Cliente conectado a WebSocket: cAuBYCpliSEFUa3rAAqR
✅ Cliente conectado a WebSocket: eyRoEPh7vaIulqV6AAqS
❌ Cliente desconectado: 32RnxkKiSM-tYKHkAAqO
❌ Cliente desconectado: cAuBYCpliSEFUa3rAAqR
❌ Cliente desconectado: eyRoEPh7vaIulqV6AAqS
✅ Cliente conectado a WebSocket: o7ENy1w4nQiPT_FEAAqW
✅ Cliente conectado a WebSocket: iQABfGEsrDl0NevXAAqX
✅ Cliente conectado a WebSocket: wF1mB6Fpu03EJVWiAAqY
❌ Cliente desconectado: o7ENy1w4nQiPT_FEAAqW
❌ Cliente desconectado: wF1mB6Fpu03EJVWiAAqY
❌ Cliente desconectado: iQABfGEsrDl0NevXAAqX
✅ Cliente conectado a WebSocket: dmUxQiXYkWY1jG_6AAqc
✅ Cliente conectado a WebSocket: sRaGBSEkWDf-oCeHAAqd
✅ Cliente conectado a WebSocket: T6zW7UxKS1R4Y-h6AAqe
❌ Cliente desconectado: T6zW7UxKS1R4Y-h6AAqe
❌ Cliente desconectado: sRaGBSEkWDf-oCeHAAqd
❌ Cliente desconectado: dmUxQiXYkWY1jG_6AAqc
✅ Cliente conectado a WebSocket: FtB-xKqBPdyjmAarAAqh
✅ Cliente conectado a WebSocket: L_QZvc9YZLDcTPzIAAqi
✅ Cliente conectado a WebSocket: ts1Dl0EtxHkLlgT3AAqk
❌ Cliente desconectado: FtB-xKqBPdyjmAarAAqh
❌ Cliente desconectado: L_QZvc9YZLDcTPzIAAqi
❌ Cliente desconectado: ts1Dl0EtxHkLlgT3AAqk
✅ Cliente conectado a WebSocket: rRueQfQIrWf5nZFZAAqm
✅ Cliente conectado a WebSocket: UJHxVHcmA2z4N4XSAAqp
✅ Cliente conectado a WebSocket: 8A50JMo7oq0IT3kVAAqq
❌ Cliente desconectado: rRueQfQIrWf5nZFZAAqm
❌ Cliente desconectado: UJHxVHcmA2z4N4XSAAqp
❌ Cliente desconectado: 8A50JMo7oq0IT3kVAAqq
✅ Cliente conectado a WebSocket: T7daiqPKm_AkJooHAAqu
✅ Cliente conectado a WebSocket: 1HdRxymAOIW39WvJAAqv
✅ Cliente conectado a WebSocket: 1mSow7MIAGJM5dnNAAqw
❌ Cliente desconectado: T7daiqPKm_AkJooHAAqu
❌ Cliente desconectado: 1HdRxymAOIW39WvJAAqv
❌ Cliente desconectado: 1mSow7MIAGJM5dnNAAqw
✅ Cliente conectado a WebSocket: QCJ2vhXPs49P-BXYAAqy
✅ Cliente conectado a WebSocket: YDGJRdxSxRekTKUjAAq1
✅ Cliente conectado a WebSocket: hPZPYSTMDqEtoMmMAAq2
❌ Cliente desconectado: QCJ2vhXPs49P-BXYAAqy
❌ Cliente desconectado: YDGJRdxSxRekTKUjAAq1
❌ Cliente desconectado: hPZPYSTMDqEtoMmMAAq2
✅ Cliente conectado a WebSocket: 21MzbfChZhyEc_xNAAq5
✅ Cliente conectado a WebSocket: PF_74R0mSgaemTDqAAq6
✅ Cliente conectado a WebSocket: 2T5ouJGEShzwJnRaAAq8
❌ Cliente desconectado: PF_74R0mSgaemTDqAAq6
❌ Cliente desconectado: 21MzbfChZhyEc_xNAAq5
❌ Cliente desconectado: 2T5ouJGEShzwJnRaAAq8
✅ Cliente conectado a WebSocket: sJ1dIVTiUY42YCgbAAq-
✅ Cliente conectado a WebSocket: SI2Xb1Octc92x5jBAArA
✅ Cliente conectado a WebSocket: 4wCljSssTGTsmFFnAArC
❌ Cliente desconectado: sJ1dIVTiUY42YCgbAAq-
❌ Cliente desconectado: SI2Xb1Octc92x5jBAArA
❌ Cliente desconectado: 4wCljSssTGTsmFFnAArC
✅ Cliente conectado a WebSocket: CTv4LQcRpsnws_MiAArE
✅ Cliente conectado a WebSocket: zY-ZcRKdODsb4x7hAArG
✅ Cliente conectado a WebSocket: fSl-fpcKyIlTKpTNAArI
❌ Cliente desconectado: CTv4LQcRpsnws_MiAArE
❌ Cliente desconectado: zY-ZcRKdODsb4x7hAArG
❌ Cliente desconectado: fSl-fpcKyIlTKpTNAArI
✅ Cliente conectado a WebSocket: 0v7PWtkv4tNI1KEpAArK
✅ Cliente conectado a WebSocket: E3881shDatAWJS06AArN
✅ Cliente conectado a WebSocket: ppPbvlLqgH3ugrj6AArO
❌ Cliente desconectado: 0v7PWtkv4tNI1KEpAArK
❌ Cliente desconectado: E3881shDatAWJS06AArN
❌ Cliente desconectado: ppPbvlLqgH3ugrj6AArO
✅ Cliente conectado a WebSocket: msj7fNW8zxcUenP3AArR
✅ Cliente conectado a WebSocket: wREb31UCHYxTJgccAArS
✅ Cliente conectado a WebSocket: vASN1aDBJaKqoGg-AArU
❌ Cliente desconectado: msj7fNW8zxcUenP3AArR
❌ Cliente desconectado: wREb31UCHYxTJgccAArS
❌ Cliente desconectado: vASN1aDBJaKqoGg-AArU
✅ Cliente conectado a WebSocket: 7AmIz_y7AsrcjA_lAArX
✅ Cliente conectado a WebSocket: Cf5noPQ9lxOmnk4EAArY
✅ Cliente conectado a WebSocket: 6GJzgPoymMwAZCaOAAra
❌ Cliente desconectado: 7AmIz_y7AsrcjA_lAArX
❌ Cliente desconectado: Cf5noPQ9lxOmnk4EAArY
❌ Cliente desconectado: 6GJzgPoymMwAZCaOAAra
✅ Cliente conectado a WebSocket: 2OA6gOlgTik7TPc9AArc
✅ Cliente conectado a WebSocket: VUyzEQbXuO9alYZJAArf
✅ Cliente conectado a WebSocket: 9tbyk4pETqOEZVunAArg
❌ Cliente desconectado: 2OA6gOlgTik7TPc9AArc
❌ Cliente desconectado: VUyzEQbXuO9alYZJAArf
❌ Cliente desconectado: 9tbyk4pETqOEZVunAArg
✅ Cliente conectado a WebSocket: FnkCRg9V7J6ctMN1AArj
✅ Cliente conectado a WebSocket: rNb-S5v1_jQgLNnKAArk
✅ Cliente conectado a WebSocket: XZJAdI1PVM62x6KzAArm
❌ Cliente desconectado: FnkCRg9V7J6ctMN1AArj
❌ Cliente desconectado: rNb-S5v1_jQgLNnKAArk
❌ Cliente desconectado: XZJAdI1PVM62x6KzAArm
✅ Cliente conectado a WebSocket: KhJ-RRfFXqZa0LgVAAro
✅ Cliente conectado a WebSocket: eTjmOKasJfQimOU_AArr
✅ Cliente conectado a WebSocket: Ahnucqsl_N-ZZmnuAArs
❌ Cliente desconectado: KhJ-RRfFXqZa0LgVAAro
❌ Cliente desconectado: Ahnucqsl_N-ZZmnuAArs
❌ Cliente desconectado: eTjmOKasJfQimOU_AArr
✅ Cliente conectado a WebSocket: D2hnjbD1oo87JoS0AArv
✅ Cliente conectado a WebSocket: JoHjqzj9jm_rCEl3AArw
✅ Cliente conectado a WebSocket: QwUOX25JkRP3VyZNAAry
❌ Cliente desconectado: D2hnjbD1oo87JoS0AArv
❌ Cliente desconectado: JoHjqzj9jm_rCEl3AArw
❌ Cliente desconectado: QwUOX25JkRP3VyZNAAry
✅ Cliente conectado a WebSocket: 2h3r2rnxkLs-RDgbAAr0
✅ Cliente conectado a WebSocket: -Rz5vsGdMiWH0bIKAAr2
✅ Cliente conectado a WebSocket: 7AVcDDbrTjGvtXZDAAr4
❌ Cliente desconectado: 2h3r2rnxkLs-RDgbAAr0
❌ Cliente desconectado: -Rz5vsGdMiWH0bIKAAr2
❌ Cliente desconectado: 7AVcDDbrTjGvtXZDAAr4
✅ Cliente conectado a WebSocket: qcISh_7LMiW0xT-UAAr6
✅ Cliente conectado a WebSocket: PMwDoO7qIHDtUxtZAAr8
✅ Cliente conectado a WebSocket: GSM60hho3mqrAgKfAAr-
❌ Cliente desconectado: qcISh_7LMiW0xT-UAAr6
❌ Cliente desconectado: PMwDoO7qIHDtUxtZAAr8
❌ Cliente desconectado: GSM60hho3mqrAgKfAAr-
✅ Cliente conectado a WebSocket: x1oUoKPJTu9TiFDcAAsB
✅ Cliente conectado a WebSocket: p4Si1v_cL8vua0PGAAsC
✅ Cliente conectado a WebSocket: kaYnPkmvsHIIbCrZAAsE
❌ Cliente desconectado: x1oUoKPJTu9TiFDcAAsB
❌ Cliente desconectado: p4Si1v_cL8vua0PGAAsC
❌ Cliente desconectado: kaYnPkmvsHIIbCrZAAsE
✅ Cliente conectado a WebSocket: 3idf3La94P4CNJOAAAsG
✅ Cliente conectado a WebSocket: W96ud1R_6q910lXrAAsJ
✅ Cliente conectado a WebSocket: ojU1pgOiBWoMFF1NAAsK
❌ Cliente desconectado: 3idf3La94P4CNJOAAAsG
❌ Cliente desconectado: W96ud1R_6q910lXrAAsJ
❌ Cliente desconectado: ojU1pgOiBWoMFF1NAAsK
✅ Cliente conectado a WebSocket: 8s9PG8sH-U-2tCpdAAsN
✅ Cliente conectado a WebSocket: P4M8Ei7p-kjnEB_DAAsO
✅ Cliente conectado a WebSocket: tsrUESOyBAVl_G9UAAsQ
❌ Cliente desconectado: 8s9PG8sH-U-2tCpdAAsN
❌ Cliente desconectado: tsrUESOyBAVl_G9UAAsQ
❌ Cliente desconectado: P4M8Ei7p-kjnEB_DAAsO
✅ Cliente conectado a WebSocket: v5FNld97hEP_qkjTAAsT
✅ Cliente conectado a WebSocket: kRXIYpwHaqiPacuiAAsU
✅ Cliente conectado a WebSocket: C_5ZpdxapgVnfKmIAAsW
❌ Cliente desconectado: v5FNld97hEP_qkjTAAsT
❌ Cliente desconectado: kRXIYpwHaqiPacuiAAsU
❌ Cliente desconectado: C_5ZpdxapgVnfKmIAAsW
✅ Cliente conectado a WebSocket: akIwkAVKzn0O3yZxAAsY
✅ Cliente conectado a WebSocket: KeWayNnpyYUurlG-AAsb
✅ Cliente conectado a WebSocket: t-BWAPqdqLVDYI2WAAsc
❌ Cliente desconectado: akIwkAVKzn0O3yZxAAsY
❌ Cliente desconectado: t-BWAPqdqLVDYI2WAAsc
❌ Cliente desconectado: KeWayNnpyYUurlG-AAsb
✅ Cliente conectado a WebSocket: KibbLcdxb-_UC5T_AAsf
✅ Cliente conectado a WebSocket: S9Cxi9QDORsgL4UcAAsg
✅ Cliente conectado a WebSocket: Nz4pYkTL2R1PCUMUAAsi
❌ Cliente desconectado: KibbLcdxb-_UC5T_AAsf
❌ Cliente desconectado: S9Cxi9QDORsgL4UcAAsg
❌ Cliente desconectado: Nz4pYkTL2R1PCUMUAAsi
✅ Cliente conectado a WebSocket: FD0GQUSx53iLs73sAAsk
✅ Cliente conectado a WebSocket: T9pLywLn2o5KJvXYAAsn
✅ Cliente conectado a WebSocket: OIlXR0IPz6g2uchdAAso
❌ Cliente desconectado: FD0GQUSx53iLs73sAAsk
❌ Cliente desconectado: OIlXR0IPz6g2uchdAAso
❌ Cliente desconectado: T9pLywLn2o5KJvXYAAsn
✅ Cliente conectado a WebSocket: 7H28BmXjozxLwg3YAAsr
✅ Cliente conectado a WebSocket: X_WmsWqVo96CzYZAAAss
✅ Cliente conectado a WebSocket: uM1rEMbOHLR8gwn4AAsu
❌ Cliente desconectado: X_WmsWqVo96CzYZAAAss
❌ Cliente desconectado: 7H28BmXjozxLwg3YAAsr
❌ Cliente desconectado: uM1rEMbOHLR8gwn4AAsu
✅ Cliente conectado a WebSocket: U_0DwGTQi-spxCUIAAsw
✅ Cliente conectado a WebSocket: CiXFamBQdCVKoxWAAAsz
✅ Cliente conectado a WebSocket: wAtx9NXFm0jUJSeaAAs0
❌ Cliente desconectado: U_0DwGTQi-spxCUIAAsw
❌ Cliente desconectado: CiXFamBQdCVKoxWAAAsz
❌ Cliente desconectado: wAtx9NXFm0jUJSeaAAs0
✅ Cliente conectado a WebSocket: 4h2S4kzWFFOacg8OAAs2
✅ Cliente conectado a WebSocket: Ge_MhMcN75zjLgkyAAs4
✅ Cliente conectado a WebSocket: sflSJPktA1oeOMCdAAs6
❌ Cliente desconectado: 4h2S4kzWFFOacg8OAAs2
❌ Cliente desconectado: Ge_MhMcN75zjLgkyAAs4
❌ Cliente desconectado: sflSJPktA1oeOMCdAAs6
✅ Cliente conectado a WebSocket: Mn7_Yl99jdGKC-uAAAs9
✅ Cliente conectado a WebSocket: tCNkRVbxEyZtFV1jAAs-
✅ Cliente conectado a WebSocket: 9bSG1q2zghlYeJgaAAtA
❌ Cliente desconectado: Mn7_Yl99jdGKC-uAAAs9
❌ Cliente desconectado: tCNkRVbxEyZtFV1jAAs-
❌ Cliente desconectado: 9bSG1q2zghlYeJgaAAtA
✅ Cliente conectado a WebSocket: gIJNNJD-ukISTYczAAtD
✅ Cliente conectado a WebSocket: Qmt78pyD4orw11L6AAtE
✅ Cliente conectado a WebSocket: 2Ezi8W4Z5i1QmderAAtG
❌ Cliente desconectado: gIJNNJD-ukISTYczAAtD
❌ Cliente desconectado: Qmt78pyD4orw11L6AAtE
❌ Cliente desconectado: 2Ezi8W4Z5i1QmderAAtG
✅ Cliente conectado a WebSocket: GHhA9xYQ1vv6V_fkAAtI
✅ Cliente conectado a WebSocket: zHKU65V2iIvqtbBxAAtL
✅ Cliente conectado a WebSocket: O9QyDN2ft7TM1mZvAAtM
❌ Cliente desconectado: GHhA9xYQ1vv6V_fkAAtI
❌ Cliente desconectado: O9QyDN2ft7TM1mZvAAtM
❌ Cliente desconectado: zHKU65V2iIvqtbBxAAtL
✅ Cliente conectado a WebSocket: 5vx0ddwo3BcRu4aLAAtO
✅ Cliente conectado a WebSocket: 3yw9KDUs63FK1lNjAAtQ
✅ Cliente conectado a WebSocket: f01ev1uydPlH4580AAtS
❌ Cliente desconectado: 5vx0ddwo3BcRu4aLAAtO
❌ Cliente desconectado: 3yw9KDUs63FK1lNjAAtQ
❌ Cliente desconectado: f01ev1uydPlH4580AAtS
✅ Cliente conectado a WebSocket: L3i0IqrwZmIZSDj3AAtW
✅ Cliente conectado a WebSocket: IUY0JRKrNTdbyY_jAAtX
✅ Cliente conectado a WebSocket: RnI8HuckdYtOrxQhAAtY
❌ Cliente desconectado: RnI8HuckdYtOrxQhAAtY
❌ Cliente desconectado: IUY0JRKrNTdbyY_jAAtX
❌ Cliente desconectado: L3i0IqrwZmIZSDj3AAtW
✅ Cliente conectado a WebSocket: SbfqFYA2Wdi6b73NAAta
✅ Cliente conectado a WebSocket: MEZS-cRNRpmQESgTAAtd
✅ Cliente conectado a WebSocket: MXtZX58sGlrjIlqLAAte
❌ Cliente desconectado: SbfqFYA2Wdi6b73NAAta
❌ Cliente desconectado: MXtZX58sGlrjIlqLAAte
❌ Cliente desconectado: MEZS-cRNRpmQESgTAAtd
✅ Cliente conectado a WebSocket: aKjYOlA4F4b9R9IkAAtg
✅ Cliente conectado a WebSocket: j2uAmCA3BKKs7ZBcAAti
✅ Cliente conectado a WebSocket: d_alo2DDHiw2U5tgAAtk
❌ Cliente desconectado: aKjYOlA4F4b9R9IkAAtg
❌ Cliente desconectado: j2uAmCA3BKKs7ZBcAAti
❌ Cliente desconectado: d_alo2DDHiw2U5tgAAtk
✅ Cliente conectado a WebSocket: aejWvnJssir7wV2nAAtn
✅ Cliente conectado a WebSocket: HuGDPiJsiD3HipnvAAto
✅ Cliente conectado a WebSocket: EGFkTvVE-mSXQfRqAAtq
❌ Cliente desconectado: HuGDPiJsiD3HipnvAAto
❌ Cliente desconectado: aejWvnJssir7wV2nAAtn
❌ Cliente desconectado: EGFkTvVE-mSXQfRqAAtq
✅ Cliente conectado a WebSocket: g9cRuZ-iVANscVkRAAts
✅ Cliente conectado a WebSocket: f-qYFHLXbdkli_hyAAtv
✅ Cliente conectado a WebSocket: n0eKP6q3SV0Fed2MAAtw
❌ Cliente desconectado: g9cRuZ-iVANscVkRAAts
❌ Cliente desconectado: n0eKP6q3SV0Fed2MAAtw
❌ Cliente desconectado: f-qYFHLXbdkli_hyAAtv
✅ Cliente conectado a WebSocket: WSVbLjANcyDFRE-xAAtz
✅ Cliente conectado a WebSocket: yhHx5CObVWKZyuhMAAt1
✅ Cliente conectado a WebSocket: a4GaoFKvittddkO1AAt2
❌ Cliente desconectado: yhHx5CObVWKZyuhMAAt1
❌ Cliente desconectado: a4GaoFKvittddkO1AAt2
❌ Cliente desconectado: WSVbLjANcyDFRE-xAAtz
✅ Cliente conectado a WebSocket: Ipm9yEuAohrC_MDRAAt4
✅ Cliente conectado a WebSocket: oV0EsAQyZbuBmbM2AAt7
✅ Cliente conectado a WebSocket: qyztSzylWGFPWQmsAAt8
❌ Cliente desconectado: Ipm9yEuAohrC_MDRAAt4
❌ Cliente desconectado: oV0EsAQyZbuBmbM2AAt7
❌ Cliente desconectado: qyztSzylWGFPWQmsAAt8
✅ Cliente conectado a WebSocket: VFIuXUCeV6xhG7ABAAt_
✅ Cliente conectado a WebSocket: liA4I4HoXAbepMLRAAuA
✅ Cliente conectado a WebSocket: lBE0nTYTF4IOvZ56AAuC
❌ Cliente desconectado: VFIuXUCeV6xhG7ABAAt_
❌ Cliente desconectado: liA4I4HoXAbepMLRAAuA
❌ Cliente desconectado: lBE0nTYTF4IOvZ56AAuC
✅ Cliente conectado a WebSocket: RbahvcDjFlTx7zZiAAuG
✅ Cliente conectado a WebSocket: d8LjhuG2tn7JVhm1AAuH
✅ Cliente conectado a WebSocket: BDaqmrQG-R-RcyLBAAuI
❌ Cliente desconectado: BDaqmrQG-R-RcyLBAAuI
❌ Cliente desconectado: RbahvcDjFlTx7zZiAAuG
❌ Cliente desconectado: d8LjhuG2tn7JVhm1AAuH
✅ Cliente conectado a WebSocket: 24VCbbzgjSvhvW_qAAuL
✅ Cliente conectado a WebSocket: 1mU0_SpE94eqL4mAAAuM
✅ Cliente conectado a WebSocket: eYP1WypumosYheUaAAuO
❌ Cliente desconectado: 24VCbbzgjSvhvW_qAAuL
❌ Cliente desconectado: 1mU0_SpE94eqL4mAAAuM
❌ Cliente desconectado: eYP1WypumosYheUaAAuO
✅ Cliente conectado a WebSocket: tPBv9NW_E4DVlpjkAAuQ
✅ Cliente conectado a WebSocket: LlLldhIw5lcQHbQcAAuS
✅ Cliente conectado a WebSocket: AqnHiR9oMae917MvAAuU
❌ Cliente desconectado: tPBv9NW_E4DVlpjkAAuQ
❌ Cliente desconectado: LlLldhIw5lcQHbQcAAuS
❌ Cliente desconectado: AqnHiR9oMae917MvAAuU
✅ Cliente conectado a WebSocket: -hOvzF83c6kYkisWAAuW
✅ Cliente conectado a WebSocket: pWaL4DWX4yfzcKC6AAuZ
✅ Cliente conectado a WebSocket: zOl2dcoJ_EoI-LHkAAua
❌ Cliente desconectado: -hOvzF83c6kYkisWAAuW
❌ Cliente desconectado: pWaL4DWX4yfzcKC6AAuZ
❌ Cliente desconectado: zOl2dcoJ_EoI-LHkAAua
✅ Cliente conectado a WebSocket: cVPNzYY89Urxp_MYAAud
✅ Cliente conectado a WebSocket: wHdt7qT5N0fuqLt5AAuf
✅ Cliente conectado a WebSocket: j6QTgvdtUmu5LOhZAAug
❌ Cliente desconectado: wHdt7qT5N0fuqLt5AAuf
❌ Cliente desconectado: cVPNzYY89Urxp_MYAAud
❌ Cliente desconectado: j6QTgvdtUmu5LOhZAAug
✅ Cliente conectado a WebSocket: N5HzUzveN5TmUmLWAAui
✅ Cliente conectado a WebSocket: aUlDBsgn3SVJng40AAuk
✅ Cliente conectado a WebSocket: CEShvQNW2m31HwMJAAum
❌ Cliente desconectado: N5HzUzveN5TmUmLWAAui
❌ Cliente desconectado: CEShvQNW2m31HwMJAAum
❌ Cliente desconectado: aUlDBsgn3SVJng40AAuk
✅ Cliente conectado a WebSocket: X0hXb-Io4jYzkkGaAAuo
✅ Cliente conectado a WebSocket: sr5BFClEwRj4Lz2KAAur
✅ Cliente conectado a WebSocket: CoaI_eHnpZagFRA3AAus
❌ Cliente desconectado: X0hXb-Io4jYzkkGaAAuo
❌ Cliente desconectado: sr5BFClEwRj4Lz2KAAur
❌ Cliente desconectado: CoaI_eHnpZagFRA3AAus
✅ Cliente conectado a WebSocket: JCXXnKbCVc7AEvDkAAuu
✅ Cliente conectado a WebSocket: BTUQk242PvUAgS7jAAux
✅ Cliente conectado a WebSocket: Kmy-8ufjMSxfivhWAAuy
❌ Cliente desconectado: JCXXnKbCVc7AEvDkAAuu
❌ Cliente desconectado: BTUQk242PvUAgS7jAAux
❌ Cliente desconectado: Kmy-8ufjMSxfivhWAAuy
✅ Cliente conectado a WebSocket: c5gQKRVAbWFGYcSSAAu0
✅ Cliente conectado a WebSocket: xllH2X0Dm3ImbqJFAAu2
✅ Cliente conectado a WebSocket: SAd_hDdgyN5duZcyAAu4
❌ Cliente desconectado: c5gQKRVAbWFGYcSSAAu0
❌ Cliente desconectado: xllH2X0Dm3ImbqJFAAu2
❌ Cliente desconectado: SAd_hDdgyN5duZcyAAu4
✅ Cliente conectado a WebSocket: FO_-Sr0nQmF9qzrXAAu6
✅ Cliente conectado a WebSocket: EywtBjZRlCbJM9woAAu9
✅ Cliente conectado a WebSocket: s0xvaIkG8xrds51gAAu-
❌ Cliente desconectado: FO_-Sr0nQmF9qzrXAAu6
❌ Cliente desconectado: s0xvaIkG8xrds51gAAu-
❌ Cliente desconectado: EywtBjZRlCbJM9woAAu9
✅ Cliente conectado a WebSocket: fDxSaecmCngRXwmaAAvA
✅ Cliente conectado a WebSocket: T1-k4CLwabVGdnBAAAvD
✅ Cliente conectado a WebSocket: FsV3w1UZ6gq0zej6AAvE
❌ Cliente desconectado: fDxSaecmCngRXwmaAAvA
❌ Cliente desconectado: T1-k4CLwabVGdnBAAAvD
❌ Cliente desconectado: FsV3w1UZ6gq0zej6AAvE
✅ Cliente conectado a WebSocket: -f8QAojvfYfUmSUJAAvG
✅ Cliente conectado a WebSocket: hFjC7CHflaNWc6AiAAvJ
✅ Cliente conectado a WebSocket: V_xrV_-_DI110_-yAAvK
❌ Cliente desconectado: -f8QAojvfYfUmSUJAAvG
❌ Cliente desconectado: hFjC7CHflaNWc6AiAAvJ
❌ Cliente desconectado: V_xrV_-_DI110_-yAAvK
✅ Cliente conectado a WebSocket: 4qZiScSNdQt90LpaAAvN
✅ Cliente conectado a WebSocket: eAPdzcrC7Mmj_isNAAvO
✅ Cliente conectado a WebSocket: eQYCwAxlv23pqlR6AAvQ
❌ Cliente desconectado: 4qZiScSNdQt90LpaAAvN
❌ Cliente desconectado: eAPdzcrC7Mmj_isNAAvO
❌ Cliente desconectado: eQYCwAxlv23pqlR6AAvQ
✅ Cliente conectado a WebSocket: CImVnHfE3Co1YgWGAAvT
✅ Cliente conectado a WebSocket: NMApJXP1cg6p0E1QAAvU
✅ Cliente conectado a WebSocket: vP8vdfn1CBC3mp7EAAvW
❌ Cliente desconectado: CImVnHfE3Co1YgWGAAvT
❌ Cliente desconectado: NMApJXP1cg6p0E1QAAvU
❌ Cliente desconectado: vP8vdfn1CBC3mp7EAAvW
✅ Cliente conectado a WebSocket: 8ioSTED2waejFVN_AAvZ
✅ Cliente conectado a WebSocket: nx8gMlmUJj3uiW8OAAva
✅ Cliente conectado a WebSocket: VFQTCQsPlVyqVUStAAvc
❌ Cliente desconectado: nx8gMlmUJj3uiW8OAAva
❌ Cliente desconectado: 8ioSTED2waejFVN_AAvZ
❌ Cliente desconectado: VFQTCQsPlVyqVUStAAvc
✅ Cliente conectado a WebSocket: rrv55xlP-sOhsGCpAAvf
✅ Cliente conectado a WebSocket: twaaU0E9pHZP6QpIAAvg
✅ Cliente conectado a WebSocket: nt_GMJucfQ_C-xbaAAvi
❌ Cliente desconectado: rrv55xlP-sOhsGCpAAvf
❌ Cliente desconectado: twaaU0E9pHZP6QpIAAvg
❌ Cliente desconectado: nt_GMJucfQ_C-xbaAAvi
✅ Cliente conectado a WebSocket: 7EkOG09ojUJRUeUzAAvk
✅ Cliente conectado a WebSocket: DOnnxQVB9wWz9ciOAAvn
✅ Cliente conectado a WebSocket: n2RWVab-piTLtAlEAAvo
❌ Cliente desconectado: 7EkOG09ojUJRUeUzAAvk
❌ Cliente desconectado: DOnnxQVB9wWz9ciOAAvn
❌ Cliente desconectado: n2RWVab-piTLtAlEAAvo
✅ Cliente conectado a WebSocket: U4Z1GnLN6uxVxuGsAAvq
✅ Cliente conectado a WebSocket: PX9gps7u0xadxzR5AAvs
✅ Cliente conectado a WebSocket: sdO5iQbEh38eGFGDAAvu
❌ Cliente desconectado: U4Z1GnLN6uxVxuGsAAvq
❌ Cliente desconectado: PX9gps7u0xadxzR5AAvs
❌ Cliente desconectado: sdO5iQbEh38eGFGDAAvu
✅ Cliente conectado a WebSocket: LQ1rYW3tdvD2tl1fAAvw
✅ Cliente conectado a WebSocket: kiJDIybAzGqFR1zyAAvz
✅ Cliente conectado a WebSocket: F_oW7N7jzAFI4qR_AAv0
❌ Cliente desconectado: LQ1rYW3tdvD2tl1fAAvw
❌ Cliente desconectado: kiJDIybAzGqFR1zyAAvz
❌ Cliente desconectado: F_oW7N7jzAFI4qR_AAv0
✅ Cliente conectado a WebSocket: o3mojQsaziY_xU4jAAv2
✅ Cliente conectado a WebSocket: OWlwJtQ2zeosNVchAAv5
✅ Cliente conectado a WebSocket: aoCVfweP7gZjR0lmAAv6
❌ Cliente desconectado: o3mojQsaziY_xU4jAAv2
❌ Cliente desconectado: OWlwJtQ2zeosNVchAAv5
❌ Cliente desconectado: aoCVfweP7gZjR0lmAAv6
✅ Cliente conectado a WebSocket: vcqvf5eZSxrchSe1AAv8
✅ Cliente conectado a WebSocket: 140UiX8R3c4ckOlgAAv_
✅ Cliente conectado a WebSocket: ApsC5II-aV6Wcm9HAAwA
❌ Cliente desconectado: vcqvf5eZSxrchSe1AAv8
❌ Cliente desconectado: 140UiX8R3c4ckOlgAAv_
❌ Cliente desconectado: ApsC5II-aV6Wcm9HAAwA
✅ Cliente conectado a WebSocket: Z5knVt18RBt9WlGFAAwD
✅ Cliente conectado a WebSocket: plmy34Q-t_YNljNlAAwF
✅ Cliente conectado a WebSocket: JddI9IQl0JKCP8tJAAwG
❌ Cliente desconectado: Z5knVt18RBt9WlGFAAwD
❌ Cliente desconectado: JddI9IQl0JKCP8tJAAwG
❌ Cliente desconectado: plmy34Q-t_YNljNlAAwF
✅ Cliente conectado a WebSocket: cC0fAWsYlVLN79AbAAwI
✅ Cliente conectado a WebSocket: m6xVyF_MY_OfrNxHAAwL
✅ Cliente conectado a WebSocket: aJtJk2Db6LRDw6C4AAwM
❌ Cliente desconectado: cC0fAWsYlVLN79AbAAwI
❌ Cliente desconectado: m6xVyF_MY_OfrNxHAAwL
❌ Cliente desconectado: aJtJk2Db6LRDw6C4AAwM
✅ Cliente conectado a WebSocket: D85DvLyABT-IZ8R3AAwP
✅ Cliente conectado a WebSocket: wWEsLQW6Xx_hsax4AAwQ
✅ Cliente conectado a WebSocket: nvNFPLlbwxAQFdybAAwS
❌ Cliente desconectado: wWEsLQW6Xx_hsax4AAwQ
❌ Cliente desconectado: D85DvLyABT-IZ8R3AAwP
❌ Cliente desconectado: nvNFPLlbwxAQFdybAAwS
✅ Cliente conectado a WebSocket: ufJqrwPSkXiCtdb-AAwV
✅ Cliente conectado a WebSocket: FqiJX-TC_cSzmCs-AAwW
✅ Cliente conectado a WebSocket: MaDjZ0lOSVTEV0yyAAwY
❌ Cliente desconectado: ufJqrwPSkXiCtdb-AAwV
❌ Cliente desconectado: FqiJX-TC_cSzmCs-AAwW
❌ Cliente desconectado: MaDjZ0lOSVTEV0yyAAwY
✅ Cliente conectado a WebSocket: ALmHoFBFkzOIpQ7CAAwb
✅ Cliente conectado a WebSocket: YS3HUon6UZ76raxHAAwc
✅ Cliente conectado a WebSocket: fG43Kv9WbRxRE_zOAAwe
❌ Cliente desconectado: ALmHoFBFkzOIpQ7CAAwb
❌ Cliente desconectado: YS3HUon6UZ76raxHAAwc
❌ Cliente desconectado: fG43Kv9WbRxRE_zOAAwe
✅ Cliente conectado a WebSocket: y6lu2rGKQ_ICO3R-AAwg
✅ Cliente conectado a WebSocket: KEvVeavEtgkDB8f5AAwj
✅ Cliente conectado a WebSocket: T5_bjmLjdZy7Q6xFAAwk
❌ Cliente desconectado: y6lu2rGKQ_ICO3R-AAwg
❌ Cliente desconectado: KEvVeavEtgkDB8f5AAwj
❌ Cliente desconectado: T5_bjmLjdZy7Q6xFAAwk
✅ Cliente conectado a WebSocket: QRgRWWcVTzUH7WN3AAwm
✅ Cliente conectado a WebSocket: ewgN3Wn_F5YLXmo6AAwp
✅ Cliente conectado a WebSocket: zOB3QaAzSVoTGpYPAAwq
❌ Cliente desconectado: QRgRWWcVTzUH7WN3AAwm
❌ Cliente desconectado: ewgN3Wn_F5YLXmo6AAwp
❌ Cliente desconectado: zOB3QaAzSVoTGpYPAAwq
✅ Cliente conectado a WebSocket: KxL1JT-IrM57GXeRAAwu
✅ Cliente conectado a WebSocket: CbL5j165eM-9x7rfAAwv
✅ Cliente conectado a WebSocket: F1aqKLyCZub01gvuAAww
❌ Cliente desconectado: KxL1JT-IrM57GXeRAAwu
❌ Cliente desconectado: CbL5j165eM-9x7rfAAwv
❌ Cliente desconectado: F1aqKLyCZub01gvuAAww
✅ Cliente conectado a WebSocket: 5Dd5jA3mbDU0Hx1BAAwy
✅ Cliente conectado a WebSocket: ceBNaCsS9EtuHTw9AAw1
✅ Cliente conectado a WebSocket: Eh-Ip1eiKeGkjCtPAAw2
❌ Cliente desconectado: 5Dd5jA3mbDU0Hx1BAAwy
❌ Cliente desconectado: ceBNaCsS9EtuHTw9AAw1
❌ Cliente desconectado: Eh-Ip1eiKeGkjCtPAAw2
✅ Cliente conectado a WebSocket: OZIGzctSOa91TDsrAAw4
✅ Cliente conectado a WebSocket: f3Gy7dKgIh0MIkH3AAw6
✅ Cliente conectado a WebSocket: W1Va-JTvQ8zR-pnVAAw8
❌ Cliente desconectado: OZIGzctSOa91TDsrAAw4
❌ Cliente desconectado: f3Gy7dKgIh0MIkH3AAw6
❌ Cliente desconectado: W1Va-JTvQ8zR-pnVAAw8
✅ Cliente conectado a WebSocket: -a2zKs0V2P1b8jFkAAw_
✅ Cliente conectado a WebSocket: F3EBwl0Cz7DWn9yUAAxA
✅ Cliente conectado a WebSocket: uw069Sa7ao07uIU5AAxC
❌ Cliente desconectado: F3EBwl0Cz7DWn9yUAAxA
❌ Cliente desconectado: -a2zKs0V2P1b8jFkAAw_
❌ Cliente desconectado: uw069Sa7ao07uIU5AAxC
✅ Cliente conectado a WebSocket: zmZ-P2kJUtTNd_5aAAxF
✅ Cliente conectado a WebSocket: IiiKMD9nbpYtYYtcAAxG
✅ Cliente conectado a WebSocket: O58KGEw0K4Fz8RR7AAxI
❌ Cliente desconectado: zmZ-P2kJUtTNd_5aAAxF
❌ Cliente desconectado: IiiKMD9nbpYtYYtcAAxG
❌ Cliente desconectado: O58KGEw0K4Fz8RR7AAxI
✅ Cliente conectado a WebSocket: l40riIERAQ3Of9BiAAxK
✅ Cliente conectado a WebSocket: qkyPj8YRkAdyBxkKAAxM
✅ Cliente conectado a WebSocket: 7bL74bxrafZNAzyQAAxO
❌ Cliente desconectado: l40riIERAQ3Of9BiAAxK
❌ Cliente desconectado: qkyPj8YRkAdyBxkKAAxM
❌ Cliente desconectado: 7bL74bxrafZNAzyQAAxO
✅ Cliente conectado a WebSocket: Hu9X4nFsU7J3z2BLAAxQ
✅ Cliente conectado a WebSocket: 3nfpRewFHDqLI1wiAAxT
✅ Cliente conectado a WebSocket: uuwVHcFCPIqHSsArAAxU
❌ Cliente desconectado: Hu9X4nFsU7J3z2BLAAxQ
❌ Cliente desconectado: uuwVHcFCPIqHSsArAAxU
❌ Cliente desconectado: 3nfpRewFHDqLI1wiAAxT
✅ Cliente conectado a WebSocket: 5IrFIm67vExnV6FvAAxX
✅ Cliente conectado a WebSocket: cXakK_IW96m8T8FSAAxY
✅ Cliente conectado a WebSocket: SgXIUsWqoVGidxWwAAxa
❌ Cliente desconectado: cXakK_IW96m8T8FSAAxY
❌ Cliente desconectado: 5IrFIm67vExnV6FvAAxX
❌ Cliente desconectado: SgXIUsWqoVGidxWwAAxa
✅ Cliente conectado a WebSocket: lijupqQrRs7rSJ5vAAxc
✅ Cliente conectado a WebSocket: z68mlXJr9Mo7OpEBAAxf
✅ Cliente conectado a WebSocket: 7r9iaD00XvWwuk5hAAxg
❌ Cliente desconectado: lijupqQrRs7rSJ5vAAxc
❌ Cliente desconectado: z68mlXJr9Mo7OpEBAAxf
❌ Cliente desconectado: 7r9iaD00XvWwuk5hAAxg
✅ Cliente conectado a WebSocket: 6Mq_2bTaqYB5oGdAAAxi
✅ Cliente conectado a WebSocket: JIdiQQuFhDQ_nRfCAAxk
✅ Cliente conectado a WebSocket: MimUtZSoTvJIpOvbAAxm
❌ Cliente desconectado: 6Mq_2bTaqYB5oGdAAAxi
❌ Cliente desconectado: JIdiQQuFhDQ_nRfCAAxk
❌ Cliente desconectado: MimUtZSoTvJIpOvbAAxm
✅ Cliente conectado a WebSocket: 8P_EL5QTBXfn103kAAxo
✅ Cliente conectado a WebSocket: K5t8zXmnaVtav1i6AAxq
✅ Cliente conectado a WebSocket: T5AG8ZcZuH91cYXrAAxs
❌ Cliente desconectado: 8P_EL5QTBXfn103kAAxo
❌ Cliente desconectado: K5t8zXmnaVtav1i6AAxq
❌ Cliente desconectado: T5AG8ZcZuH91cYXrAAxs
✅ Cliente conectado a WebSocket: 6L9sYyW7SzemnhVIAAxu
✅ Cliente conectado a WebSocket: 22Axf9-6fA6SmyfmAAxx
✅ Cliente conectado a WebSocket: 9Nmizgvu0Mj19vt5AAxy
❌ Cliente desconectado: 6L9sYyW7SzemnhVIAAxu
❌ Cliente desconectado: 22Axf9-6fA6SmyfmAAxx
❌ Cliente desconectado: 9Nmizgvu0Mj19vt5AAxy
✅ Cliente conectado a WebSocket: TS-ic0Vl15ohPFL7AAx0
✅ Cliente conectado a WebSocket: XARTn_JU7jr2oDPDAAx3
✅ Cliente conectado a WebSocket: gik7mxjsz-1yhgZ3AAx4
❌ Cliente desconectado: TS-ic0Vl15ohPFL7AAx0
❌ Cliente desconectado: XARTn_JU7jr2oDPDAAx3
❌ Cliente desconectado: gik7mxjsz-1yhgZ3AAx4
✅ Cliente conectado a WebSocket: Y2SoWJchApDc7-EGAAx8
✅ Cliente conectado a WebSocket: p9g9WNn46mhaxzRTAAx9
✅ Cliente conectado a WebSocket: KnfLQzPZ7o4GhZ91AAx-
❌ Cliente desconectado: Y2SoWJchApDc7-EGAAx8
❌ Cliente desconectado: p9g9WNn46mhaxzRTAAx9
❌ Cliente desconectado: KnfLQzPZ7o4GhZ91AAx-
✅ Cliente conectado a WebSocket: kx7yppfLydI_ruiLAAyB
✅ Cliente conectado a WebSocket: Nax0c2m_I7c7nU6vAAyC
✅ Cliente conectado a WebSocket: qrbVPWEZGs_HFg06AAyE
❌ Cliente desconectado: kx7yppfLydI_ruiLAAyB
❌ Cliente desconectado: Nax0c2m_I7c7nU6vAAyC
❌ Cliente desconectado: qrbVPWEZGs_HFg06AAyE
✅ Cliente conectado a WebSocket: EzIaQI5RVrfElfgaAAyH
✅ Cliente conectado a WebSocket: O5DrK8WaMBKjansoAAyI
✅ Cliente conectado a WebSocket: evUUjBV8US5CKiz3AAyK
❌ Cliente desconectado: EzIaQI5RVrfElfgaAAyH
❌ Cliente desconectado: O5DrK8WaMBKjansoAAyI
❌ Cliente desconectado: evUUjBV8US5CKiz3AAyK
✅ Cliente conectado a WebSocket: cWhj7CXzEHQIrPScAAyN
✅ Cliente conectado a WebSocket: nHu90gPXafnlxt53AAyO
✅ Cliente conectado a WebSocket: yufjqS0tOiB5-jq3AAyQ
❌ Cliente desconectado: cWhj7CXzEHQIrPScAAyN
❌ Cliente desconectado: nHu90gPXafnlxt53AAyO
❌ Cliente desconectado: yufjqS0tOiB5-jq3AAyQ
✅ Cliente conectado a WebSocket: YluLoPR01r7nOyWlAAyU
✅ Cliente conectado a WebSocket: JbxaBiC16-eTRVGiAAyV
✅ Cliente conectado a WebSocket: NXaZUXOjzbDkqViDAAyW
❌ Cliente desconectado: YluLoPR01r7nOyWlAAyU
❌ Cliente desconectado: JbxaBiC16-eTRVGiAAyV
❌ Cliente desconectado: NXaZUXOjzbDkqViDAAyW
✅ Cliente conectado a WebSocket: NVQXMF_RoRf33XRJAAyY
✅ Cliente conectado a WebSocket: m78rUTivXdA9uXb0AAyb
✅ Cliente conectado a WebSocket: PO2EKwYb7eD5vTlIAAyc
❌ Cliente desconectado: NVQXMF_RoRf33XRJAAyY
❌ Cliente desconectado: m78rUTivXdA9uXb0AAyb
❌ Cliente desconectado: PO2EKwYb7eD5vTlIAAyc
✅ Cliente conectado a WebSocket: y02Qjp7FGGFqKcNKAAye
✅ Cliente conectado a WebSocket: sje7NkAGl_Ak14LoAAyg
✅ Cliente conectado a WebSocket: gBYNx6H3SjlwzNyOAAyi
❌ Cliente desconectado: y02Qjp7FGGFqKcNKAAye
❌ Cliente desconectado: sje7NkAGl_Ak14LoAAyg
❌ Cliente desconectado: gBYNx6H3SjlwzNyOAAyi
✅ Cliente conectado a WebSocket: SiAMoajWnMkrd6XqAAyl
✅ Cliente conectado a WebSocket: l6VHupWTxJNARaNiAAym
✅ Cliente conectado a WebSocket: 5_uGR7mEvBZuQY2kAAyo
❌ Cliente desconectado: l6VHupWTxJNARaNiAAym
❌ Cliente desconectado: SiAMoajWnMkrd6XqAAyl
❌ Cliente desconectado: 5_uGR7mEvBZuQY2kAAyo
✅ Cliente conectado a WebSocket: fB6oy4m4UXCdVvoWAAyq
✅ Cliente conectado a WebSocket: QXnKRDBnmZJi-U-nAAyt
✅ Cliente conectado a WebSocket: PsNMxZUYM--Kyn9AAAyu
❌ Cliente desconectado: fB6oy4m4UXCdVvoWAAyq
❌ Cliente desconectado: QXnKRDBnmZJi-U-nAAyt
❌ Cliente desconectado: PsNMxZUYM--Kyn9AAAyu
✅ Cliente conectado a WebSocket: E2kho_MWBHLbgogRAAyw
✅ Cliente conectado a WebSocket: lvzVfU2_t2Wnzme8AAyz
✅ Cliente conectado a WebSocket: 61dmO-SCC74PDw0rAAy0
❌ Cliente desconectado: E2kho_MWBHLbgogRAAyw
❌ Cliente desconectado: lvzVfU2_t2Wnzme8AAyz
❌ Cliente desconectado: 61dmO-SCC74PDw0rAAy0
✅ Cliente conectado a WebSocket: se_nBfYpLkxbkKBkAAy3
✅ Cliente conectado a WebSocket: RzW6HOnbuSMKlVe5AAy4
✅ Cliente conectado a WebSocket: mN8rBPzpkTixJHVyAAy6
❌ Cliente desconectado: RzW6HOnbuSMKlVe5AAy4
❌ Cliente desconectado: se_nBfYpLkxbkKBkAAy3
❌ Cliente desconectado: mN8rBPzpkTixJHVyAAy6
✅ Cliente conectado a WebSocket: bSIOxR1eBEFhXNpCAAy8
✅ Cliente conectado a WebSocket: 0vypCM2XpAVfy5DkAAy_
✅ Cliente conectado a WebSocket: 0lsSH32PjmyGqHwQAAzA
❌ Cliente desconectado: bSIOxR1eBEFhXNpCAAy8
❌ Cliente desconectado: 0vypCM2XpAVfy5DkAAy_
❌ Cliente desconectado: 0lsSH32PjmyGqHwQAAzA
✅ Cliente conectado a WebSocket: hctGX9DNWxKtE0mQAAzC
✅ Cliente conectado a WebSocket: spp123QFshe8x-oAAAzF
✅ Cliente conectado a WebSocket: uw2r5tS7yPiGJA5hAAzG
❌ Cliente desconectado: hctGX9DNWxKtE0mQAAzC
❌ Cliente desconectado: spp123QFshe8x-oAAAzF
❌ Cliente desconectado: uw2r5tS7yPiGJA5hAAzG
✅ Cliente conectado a WebSocket: F4ksiLFSiV-oZWxpAAzJ
✅ Cliente conectado a WebSocket: uqaulo_hXnWs-SKGAAzK
✅ Cliente conectado a WebSocket: WzRHG_V-pXU_faLEAAzM
❌ Cliente desconectado: F4ksiLFSiV-oZWxpAAzJ
❌ Cliente desconectado: uqaulo_hXnWs-SKGAAzK
❌ Cliente desconectado: WzRHG_V-pXU_faLEAAzM
✅ Cliente conectado a WebSocket: wXMxIoP_EVzIh8hfAAzO
✅ Cliente conectado a WebSocket: UgZR1ns5U1oLTdoFAAzQ
✅ Cliente conectado a WebSocket: M0Wz2rM_ZKxN7g37AAzS
❌ Cliente desconectado: wXMxIoP_EVzIh8hfAAzO
❌ Cliente desconectado: UgZR1ns5U1oLTdoFAAzQ
❌ Cliente desconectado: M0Wz2rM_ZKxN7g37AAzS
✅ Cliente conectado a WebSocket: joFJIRRyPBCEc3DTAAzU
✅ Cliente conectado a WebSocket: e-XiRRalKIGfGz2IAAzX
✅ Cliente conectado a WebSocket: GSA-D6M6M1x6ourxAAzY
❌ Cliente desconectado: joFJIRRyPBCEc3DTAAzU
❌ Cliente desconectado: e-XiRRalKIGfGz2IAAzX
❌ Cliente desconectado: GSA-D6M6M1x6ourxAAzY
✅ Cliente conectado a WebSocket: CTG7rKjp6f6R-jmCAAzc
✅ Cliente conectado a WebSocket: WfjlJfnGT7RqyynLAAzd
✅ Cliente conectado a WebSocket: PduspWt3dvBwzgzuAAze
❌ Cliente desconectado: CTG7rKjp6f6R-jmCAAzc
❌ Cliente desconectado: WfjlJfnGT7RqyynLAAzd
❌ Cliente desconectado: PduspWt3dvBwzgzuAAze
✅ Cliente conectado a WebSocket: zru2aiOjjt0uAZXgAAzg
✅ Cliente conectado a WebSocket: XIi7qJKiYgB2QnToAAzj
✅ Cliente conectado a WebSocket: vK6Kc6JZp-zmNWdHAAzk
❌ Cliente desconectado: zru2aiOjjt0uAZXgAAzg
❌ Cliente desconectado: XIi7qJKiYgB2QnToAAzj
❌ Cliente desconectado: vK6Kc6JZp-zmNWdHAAzk
✅ Cliente conectado a WebSocket: X3UJYWgBv7ioSD4zAAzn
✅ Cliente conectado a WebSocket: BVSKwMJc3hoBauKHAAzo
✅ Cliente conectado a WebSocket: NbW-jvZ-LuW3d7TCAAzq
❌ Cliente desconectado: X3UJYWgBv7ioSD4zAAzn
❌ Cliente desconectado: BVSKwMJc3hoBauKHAAzo
❌ Cliente desconectado: NbW-jvZ-LuW3d7TCAAzq
✅ Cliente conectado a WebSocket: yPRxpYG5EicHliZQAAzt
✅ Cliente conectado a WebSocket: CHcnJcNNH1eq5zEAAAzu
✅ Cliente conectado a WebSocket: gZBBwsq3ZVMvvNK0AAzw
❌ Cliente desconectado: CHcnJcNNH1eq5zEAAAzu
❌ Cliente desconectado: yPRxpYG5EicHliZQAAzt
❌ Cliente desconectado: gZBBwsq3ZVMvvNK0AAzw
✅ Cliente conectado a WebSocket: UeRwEcodyXyAhvDhAAzz
✅ Cliente conectado a WebSocket: YeizvlW1qV71PHTyAAz0
✅ Cliente conectado a WebSocket: q0yqCARzmCSIt8o3AAz2
❌ Cliente desconectado: UeRwEcodyXyAhvDhAAzz
❌ Cliente desconectado: YeizvlW1qV71PHTyAAz0
❌ Cliente desconectado: q0yqCARzmCSIt8o3AAz2
✅ Cliente conectado a WebSocket: o6tRN8mj-23AJq9gAAz4
✅ Cliente conectado a WebSocket: Jp687dJiv1d7Ip_EAAz7
✅ Cliente conectado a WebSocket: _NutT-MqLZ8hNITPAAz8
❌ Cliente desconectado: o6tRN8mj-23AJq9gAAz4
❌ Cliente desconectado: Jp687dJiv1d7Ip_EAAz7
❌ Cliente desconectado: _NutT-MqLZ8hNITPAAz8
✅ Cliente conectado a WebSocket: CT0wKlaRuKgReqimAAz-
✅ Cliente conectado a WebSocket: bpmMpXSkUkpnwx45AA0B
✅ Cliente conectado a WebSocket: atvuEvUFfpPZczH4AA0C
❌ Cliente desconectado: CT0wKlaRuKgReqimAAz-
❌ Cliente desconectado: bpmMpXSkUkpnwx45AA0B
❌ Cliente desconectado: atvuEvUFfpPZczH4AA0C
✅ Cliente conectado a WebSocket: A4thfuP6d9EP3U2UAA0E
✅ Cliente conectado a WebSocket: 6BgVmsH8ozDJUcG5AA0G
✅ Cliente conectado a WebSocket: jsWyYnY92VkBEi7QAA0I
❌ Cliente desconectado: A4thfuP6d9EP3U2UAA0E
❌ Cliente desconectado: 6BgVmsH8ozDJUcG5AA0G
❌ Cliente desconectado: jsWyYnY92VkBEi7QAA0I
✅ Cliente conectado a WebSocket: htAnMAGXx3VAIN0-AA0K
✅ Cliente conectado a WebSocket: rQRLcYvFqvN5RVRaAA0N
✅ Cliente conectado a WebSocket: -EmYs6FkWiHGaZmgAA0O
❌ Cliente desconectado: htAnMAGXx3VAIN0-AA0K
❌ Cliente desconectado: rQRLcYvFqvN5RVRaAA0N
❌ Cliente desconectado: -EmYs6FkWiHGaZmgAA0O
✅ Cliente conectado a WebSocket: qnttlL0F7FxFJil6AA0R
✅ Cliente conectado a WebSocket: rJVdlQjRQY-TLyiRAA0S
✅ Cliente conectado a WebSocket: GX-0Lwm-nrJb8DBsAA0U
❌ Cliente desconectado: qnttlL0F7FxFJil6AA0R
❌ Cliente desconectado: rJVdlQjRQY-TLyiRAA0S
❌ Cliente desconectado: GX-0Lwm-nrJb8DBsAA0U
✅ Cliente conectado a WebSocket: mb4EyEKf4cF_IO8KAA0W
✅ Cliente conectado a WebSocket: FOjtzRZ0_wmIbGCTAA0Z
✅ Cliente conectado a WebSocket: 0hE9cuW47uqpFvH1AA0a
❌ Cliente desconectado: mb4EyEKf4cF_IO8KAA0W
❌ Cliente desconectado: FOjtzRZ0_wmIbGCTAA0Z
❌ Cliente desconectado: 0hE9cuW47uqpFvH1AA0a
✅ Cliente conectado a WebSocket: 2eUiCp66N8xdJhP8AA0c
✅ Cliente conectado a WebSocket: V4Hfjk9SaXfk8hMnAA0f
✅ Cliente conectado a WebSocket: citk0CjdbxGXa1wKAA0g
❌ Cliente desconectado: 2eUiCp66N8xdJhP8AA0c
❌ Cliente desconectado: citk0CjdbxGXa1wKAA0g
❌ Cliente desconectado: V4Hfjk9SaXfk8hMnAA0f
✅ Cliente conectado a WebSocket: 7KS3bcFV_OqVpBvvAA0j
✅ Cliente conectado a WebSocket: h5OT-i_WimHLu5BwAA0k
✅ Cliente conectado a WebSocket: ZudODEdyG360wtwRAA0m
❌ Cliente desconectado: 7KS3bcFV_OqVpBvvAA0j
❌ Cliente desconectado: h5OT-i_WimHLu5BwAA0k
❌ Cliente desconectado: ZudODEdyG360wtwRAA0m
✅ Cliente conectado a WebSocket: VSp3XVsyTspFtKZKAA0o
✅ Cliente conectado a WebSocket: elYnyFslYsCHMHK-AA0q
✅ Cliente conectado a WebSocket: E4h7Y4A2QkFItzTqAA0s
❌ Cliente desconectado: VSp3XVsyTspFtKZKAA0o
❌ Cliente desconectado: elYnyFslYsCHMHK-AA0q
❌ Cliente desconectado: E4h7Y4A2QkFItzTqAA0s
✅ Cliente conectado a WebSocket: 73RBdF7jjp6VhBIwAA0u
✅ Cliente conectado a WebSocket: JOs1hbHxnvn4X1dHAA0x
✅ Cliente conectado a WebSocket: kknuZCvdGyukYNHwAA0y
❌ Cliente desconectado: 73RBdF7jjp6VhBIwAA0u
❌ Cliente desconectado: JOs1hbHxnvn4X1dHAA0x
❌ Cliente desconectado: kknuZCvdGyukYNHwAA0y
✅ Cliente conectado a WebSocket: LkcvTVzgc35SMsogAA00
✅ Cliente conectado a WebSocket: y3GDSyopf9_6TnrxAA03
✅ Cliente conectado a WebSocket: yp0-MBDgrJFDZdzLAA04
❌ Cliente desconectado: LkcvTVzgc35SMsogAA00
❌ Cliente desconectado: y3GDSyopf9_6TnrxAA03
❌ Cliente desconectado: yp0-MBDgrJFDZdzLAA04
✅ Cliente conectado a WebSocket: 9KigE6GtQ1Zn4mr6AA07
✅ Cliente conectado a WebSocket: 7IAnfV9UXwfFm3GVAA08
✅ Cliente conectado a WebSocket: DohIFtemn8fk6s0MAA0-
❌ Cliente desconectado: 9KigE6GtQ1Zn4mr6AA07
❌ Cliente desconectado: 7IAnfV9UXwfFm3GVAA08
❌ Cliente desconectado: DohIFtemn8fk6s0MAA0-
✅ Cliente conectado a WebSocket: THLQvb78bzWesv6SAA1C
✅ Cliente conectado a WebSocket: I2HVdnR7k7bRkHToAA1D
✅ Cliente conectado a WebSocket: VfSBwCJhukbJz1VjAA1E
❌ Cliente desconectado: THLQvb78bzWesv6SAA1C
❌ Cliente desconectado: I2HVdnR7k7bRkHToAA1D
❌ Cliente desconectado: VfSBwCJhukbJz1VjAA1E
✅ Cliente conectado a WebSocket: 4cxNfyHvgal4R0ZbAA1G
✅ Cliente conectado a WebSocket: jBCtouHVgFAfg58XAA1J
✅ Cliente conectado a WebSocket: de3rfQiDyziFc5jNAA1K
❌ Cliente desconectado: 4cxNfyHvgal4R0ZbAA1G
❌ Cliente desconectado: jBCtouHVgFAfg58XAA1J
❌ Cliente desconectado: de3rfQiDyziFc5jNAA1K
✅ Cliente conectado a WebSocket: p_-wk38EXxGwqIuVAA1N
✅ Cliente conectado a WebSocket: wMDv2T1WPr_sFQ9WAA1O
✅ Cliente conectado a WebSocket: Mrv_XSVpLnXKBAJsAA1Q
❌ Cliente desconectado: wMDv2T1WPr_sFQ9WAA1O
❌ Cliente desconectado: p_-wk38EXxGwqIuVAA1N
❌ Cliente desconectado: Mrv_XSVpLnXKBAJsAA1Q
✅ Cliente conectado a WebSocket: hWNQUKfM5MsrmX5gAA1S
✅ Cliente conectado a WebSocket: Rs4k29QieTBfvMG-AA1V
✅ Cliente conectado a WebSocket: KICear-bId4Igw0ZAA1W
❌ Cliente desconectado: hWNQUKfM5MsrmX5gAA1S
❌ Cliente desconectado: KICear-bId4Igw0ZAA1W
❌ Cliente desconectado: Rs4k29QieTBfvMG-AA1V
✅ Cliente conectado a WebSocket: BhAeAo_fKjzYWmUGAA1Y
✅ Cliente conectado a WebSocket: 7vYmtOSs9IHhPaY1AA1a
✅ Cliente conectado a WebSocket: NMdbTBPk7CcBAPo1AA1c
❌ Cliente desconectado: BhAeAo_fKjzYWmUGAA1Y
❌ Cliente desconectado: 7vYmtOSs9IHhPaY1AA1a
❌ Cliente desconectado: NMdbTBPk7CcBAPo1AA1c
✅ Cliente conectado a WebSocket: WR_RY1GRPogFNzsBAA1g
✅ Cliente conectado a WebSocket: vRAKCX3wVUg4yzayAA1h
✅ Cliente conectado a WebSocket: o6icmjvGIlDjhQ85AA1i
❌ Cliente desconectado: WR_RY1GRPogFNzsBAA1g
❌ Cliente desconectado: vRAKCX3wVUg4yzayAA1h
❌ Cliente desconectado: o6icmjvGIlDjhQ85AA1i
✅ Cliente conectado a WebSocket: JRsupViNZCw8HaXyAA1l
✅ Cliente conectado a WebSocket: VAkzIcPJk0OAdj1cAA1m
✅ Cliente conectado a WebSocket: u0RaRaKk0oCmb39RAA1o
❌ Cliente desconectado: JRsupViNZCw8HaXyAA1l
❌ Cliente desconectado: VAkzIcPJk0OAdj1cAA1m
❌ Cliente desconectado: u0RaRaKk0oCmb39RAA1o
✅ Cliente conectado a WebSocket: uHdha1As-9D8D6CVAA1q
✅ Cliente conectado a WebSocket: rWF1zKrj_KKiWgP1AA1s
✅ Cliente conectado a WebSocket: _AqsR-FAInhqaVYLAA1u
❌ Cliente desconectado: uHdha1As-9D8D6CVAA1q
❌ Cliente desconectado: rWF1zKrj_KKiWgP1AA1s
❌ Cliente desconectado: _AqsR-FAInhqaVYLAA1u
✅ Cliente conectado a WebSocket: AhuxkFQk9Wj7AsT1AA1w
✅ Cliente conectado a WebSocket: mJdhr34XkxeqDQVzAA1z
✅ Cliente conectado a WebSocket: O2GnYvSk7vPgKdM3AA10
❌ Cliente desconectado: AhuxkFQk9Wj7AsT1AA1w
❌ Cliente desconectado: mJdhr34XkxeqDQVzAA1z
❌ Cliente desconectado: O2GnYvSk7vPgKdM3AA10
✅ Cliente conectado a WebSocket: e5a3vTQGMpwUjAFBAA14
✅ Cliente conectado a WebSocket: T8DaYQeQnp5riOdmAA15
✅ Cliente conectado a WebSocket: wn7mfXUyq-IIgRmZAA16
❌ Cliente desconectado: wn7mfXUyq-IIgRmZAA16
❌ Cliente desconectado: e5a3vTQGMpwUjAFBAA14
❌ Cliente desconectado: T8DaYQeQnp5riOdmAA15
✅ Cliente conectado a WebSocket: zo-grRIIQpRx89DmAA19
✅ Cliente conectado a WebSocket: vzG957obh04DNSV7AA1-
✅ Cliente conectado a WebSocket: Y-zLHzchIAtmv-6TAA2A
❌ Cliente desconectado: zo-grRIIQpRx89DmAA19
❌ Cliente desconectado: vzG957obh04DNSV7AA1-
❌ Cliente desconectado: Y-zLHzchIAtmv-6TAA2A
✅ Cliente conectado a WebSocket: ZmgTuFalu8ysjFyBAA2C
✅ Cliente conectado a WebSocket: KSQOApyqnNf1L2swAA2F
✅ Cliente conectado a WebSocket: kGRl4bDGLb4WKXV7AA2G
❌ Cliente desconectado: ZmgTuFalu8ysjFyBAA2C
❌ Cliente desconectado: KSQOApyqnNf1L2swAA2F
❌ Cliente desconectado: kGRl4bDGLb4WKXV7AA2G
✅ Cliente conectado a WebSocket: a0LR0TeXJo3ZhhS1AA2J
✅ Cliente conectado a WebSocket: e3_NqZA-k29itF2ZAA2K
✅ Cliente conectado a WebSocket: 9kJXQVIBf_BI1BN_AA2M
❌ Cliente desconectado: e3_NqZA-k29itF2ZAA2K
❌ Cliente desconectado: a0LR0TeXJo3ZhhS1AA2J
❌ Cliente desconectado: 9kJXQVIBf_BI1BN_AA2M
✅ Cliente conectado a WebSocket: g_r9C1lsGqNamd3BAA2P
✅ Cliente conectado a WebSocket: 5sVqfRNySOzNfMIhAA2Q
✅ Cliente conectado a WebSocket: efhu2WN2S-GfkVjuAA2S
❌ Cliente desconectado: g_r9C1lsGqNamd3BAA2P
❌ Cliente desconectado: efhu2WN2S-GfkVjuAA2S
❌ Cliente desconectado: 5sVqfRNySOzNfMIhAA2Q
✅ Cliente conectado a WebSocket: pmr675TFzXSWPMIlAA2V
✅ Cliente conectado a WebSocket: CzRBjDOxqdK5doNRAA2W
✅ Cliente conectado a WebSocket: 2raSCprA0UbwBhrIAA2Y
❌ Cliente desconectado: pmr675TFzXSWPMIlAA2V
❌ Cliente desconectado: 2raSCprA0UbwBhrIAA2Y
❌ Cliente desconectado: CzRBjDOxqdK5doNRAA2W
✅ Cliente conectado a WebSocket: 3NCjhGI_X5cfe5h-AA2b
✅ Cliente conectado a WebSocket: ecg3_RS3hhC35G6xAA2c
✅ Cliente conectado a WebSocket: EkDlbTogBTPRi2v9AA2e
❌ Cliente desconectado: ecg3_RS3hhC35G6xAA2c
❌ Cliente desconectado: 3NCjhGI_X5cfe5h-AA2b
❌ Cliente desconectado: EkDlbTogBTPRi2v9AA2e
✅ Cliente conectado a WebSocket: v6oy1u-2M0W56iXLAA2g
✅ Cliente conectado a WebSocket: jJj0c9zq6cfh_tOMAA2j
✅ Cliente conectado a WebSocket: _7sS7cxsSP45ud2BAA2k
❌ Cliente desconectado: v6oy1u-2M0W56iXLAA2g
❌ Cliente desconectado: jJj0c9zq6cfh_tOMAA2j
❌ Cliente desconectado: _7sS7cxsSP45ud2BAA2k
✅ Cliente conectado a WebSocket: tBwfrFd5aRbsk_JFAA2n
✅ Cliente conectado a WebSocket: wjNy7CMJb39AhfF_AA2o
✅ Cliente conectado a WebSocket: Vq8Mz4cO1R6L3VN1AA2q
❌ Cliente desconectado: tBwfrFd5aRbsk_JFAA2n
❌ Cliente desconectado: Vq8Mz4cO1R6L3VN1AA2q
❌ Cliente desconectado: wjNy7CMJb39AhfF_AA2o
✅ Cliente conectado a WebSocket: 9iWXHDB59U46lEkiAA2s
✅ Cliente conectado a WebSocket: 9uCkz-seMty9DsxaAA2v
✅ Cliente conectado a WebSocket: JtBzPsexCooHgplWAA2w
❌ Cliente desconectado: 9iWXHDB59U46lEkiAA2s
❌ Cliente desconectado: 9uCkz-seMty9DsxaAA2v
❌ Cliente desconectado: JtBzPsexCooHgplWAA2w
✅ Cliente conectado a WebSocket: Q7pSgJFqY-tbw9UWAA2y
✅ Cliente conectado a WebSocket: 8tjcV_8sRyJc_d8aAA21
✅ Cliente conectado a WebSocket: 4vl_87FO7qCg8_PkAA22
❌ Cliente desconectado: Q7pSgJFqY-tbw9UWAA2y
❌ Cliente desconectado: 8tjcV_8sRyJc_d8aAA21
❌ Cliente desconectado: 4vl_87FO7qCg8_PkAA22
✅ Cliente conectado a WebSocket: cNBkA1wmSrJYvzE5AA24
✅ Cliente conectado a WebSocket: kMGIWshI0CKhbxfgAA26
✅ Cliente conectado a WebSocket: mfd60dayzJo_RRsgAA28
❌ Cliente desconectado: cNBkA1wmSrJYvzE5AA24
❌ Cliente desconectado: kMGIWshI0CKhbxfgAA26
❌ Cliente desconectado: mfd60dayzJo_RRsgAA28
✅ Cliente conectado a WebSocket: m804g1EpQKHIwjFpAA2-
✅ Cliente conectado a WebSocket: 8Rk9axKj4YP1lssZAA3A
✅ Cliente conectado a WebSocket: rXVZCGUX03yzzTtxAA3C
❌ Cliente desconectado: m804g1EpQKHIwjFpAA2-
❌ Cliente desconectado: 8Rk9axKj4YP1lssZAA3A
❌ Cliente desconectado: rXVZCGUX03yzzTtxAA3C
✅ Cliente conectado a WebSocket: vFoCAZbfqPrFSNgKAA3F
✅ Cliente conectado a WebSocket: QG_E4wDfUWF9pOWdAA3G
✅ Cliente conectado a WebSocket: bydXiZd18tJUedkqAA3I
❌ Cliente desconectado: vFoCAZbfqPrFSNgKAA3F
❌ Cliente desconectado: QG_E4wDfUWF9pOWdAA3G
❌ Cliente desconectado: bydXiZd18tJUedkqAA3I
✅ Cliente conectado a WebSocket: CQ7_mreQdBDvrbZdAA3K
✅ Cliente conectado a WebSocket: a_I_kQc9XO6UjREuAA3M
✅ Cliente conectado a WebSocket: 5m4jX6WALJNNhVI7AA3O
❌ Cliente desconectado: CQ7_mreQdBDvrbZdAA3K
❌ Cliente desconectado: a_I_kQc9XO6UjREuAA3M
❌ Cliente desconectado: 5m4jX6WALJNNhVI7AA3O
✅ Cliente conectado a WebSocket: ucyqaTRq-ynK62clAA3Q
✅ Cliente conectado a WebSocket: S-zyO_2h_ECyz76QAA3T
✅ Cliente conectado a WebSocket: Rh0BPT5G19nyGqCrAA3U
❌ Cliente desconectado: ucyqaTRq-ynK62clAA3Q
❌ Cliente desconectado: S-zyO_2h_ECyz76QAA3T
❌ Cliente desconectado: Rh0BPT5G19nyGqCrAA3U
✅ Cliente conectado a WebSocket: rrZPtMgygcPBPx68AA3W
✅ Cliente conectado a WebSocket: _pMl71ThCV2twYyBAA3Y
✅ Cliente conectado a WebSocket: 7e8DeVeb6o6vHVN1AA3a
❌ Cliente desconectado: rrZPtMgygcPBPx68AA3W
❌ Cliente desconectado: _pMl71ThCV2twYyBAA3Y
❌ Cliente desconectado: 7e8DeVeb6o6vHVN1AA3a
✅ Cliente conectado a WebSocket: Szc4PwAQjrkI8hPcAA3c
✅ Cliente conectado a WebSocket: UuLlKQ_BKSRgIGZ5AA3f
✅ Cliente conectado a WebSocket: PPhFhfaFgZQjrR1aAA3g
❌ Cliente desconectado: Szc4PwAQjrkI8hPcAA3c
❌ Cliente desconectado: PPhFhfaFgZQjrR1aAA3g
❌ Cliente desconectado: UuLlKQ_BKSRgIGZ5AA3f
✅ Cliente conectado a WebSocket: YFfzuK9wJ5AdvLRDAA3k
✅ Cliente conectado a WebSocket: 7FRmDN_BNJ_05vg3AA3l
✅ Cliente conectado a WebSocket: 2xRvMxctjnDW-OBDAA3m
❌ Cliente desconectado: YFfzuK9wJ5AdvLRDAA3k
❌ Cliente desconectado: 7FRmDN_BNJ_05vg3AA3l
❌ Cliente desconectado: 2xRvMxctjnDW-OBDAA3m
✅ Cliente conectado a WebSocket: 8j4LWhizW77FqjX6AA3p
✅ Cliente conectado a WebSocket: geYKB3d8AjhFZcfPAA3q
✅ Cliente conectado a WebSocket: JLjNK5wLGCAk093KAA3s
❌ Cliente desconectado: 8j4LWhizW77FqjX6AA3p
❌ Cliente desconectado: geYKB3d8AjhFZcfPAA3q
❌ Cliente desconectado: JLjNK5wLGCAk093KAA3s
✅ Cliente conectado a WebSocket: UzgzioDTo26jclSzAA3v
✅ Cliente conectado a WebSocket: 3w_1FxlCYWQ47m6IAA3w
✅ Cliente conectado a WebSocket: 2R0CN-fIBYHNC9eyAA3y
❌ Cliente desconectado: UzgzioDTo26jclSzAA3v
❌ Cliente desconectado: 3w_1FxlCYWQ47m6IAA3w
❌ Cliente desconectado: 2R0CN-fIBYHNC9eyAA3y
✅ Cliente conectado a WebSocket: 45zq6Up9l2jkj9XAAA31
✅ Cliente conectado a WebSocket: OTCO2-e_CNBC067TAA32
✅ Cliente conectado a WebSocket: fP0FfOVIByipUUSuAA34
❌ Cliente desconectado: 45zq6Up9l2jkj9XAAA31
❌ Cliente desconectado: OTCO2-e_CNBC067TAA32
❌ Cliente desconectado: fP0FfOVIByipUUSuAA34
✅ Cliente conectado a WebSocket: dYSi--vVmEQ6NcBhAA36
✅ Cliente conectado a WebSocket: pj5gKNDsDfbI9wUpAA39
✅ Cliente conectado a WebSocket: WOfOOmnOaX3RGxtgAA3-
❌ Cliente desconectado: dYSi--vVmEQ6NcBhAA36
❌ Cliente desconectado: pj5gKNDsDfbI9wUpAA39
❌ Cliente desconectado: WOfOOmnOaX3RGxtgAA3-
✅ Cliente conectado a WebSocket: 1h2i_uxmDQT54aLmAA4C
✅ Cliente conectado a WebSocket: lthkUq5E44deNUfwAA4D
✅ Cliente conectado a WebSocket: EygwiTsNL9f39zuCAA4E
❌ Cliente desconectado: 1h2i_uxmDQT54aLmAA4C
❌ Cliente desconectado: lthkUq5E44deNUfwAA4D
❌ Cliente desconectado: EygwiTsNL9f39zuCAA4E
✅ Cliente conectado a WebSocket: hxXLEXELMdi9sO1xAA4H
✅ Cliente conectado a WebSocket: 2Q3Kpy1Eo-jLbr0cAA4I
✅ Cliente conectado a WebSocket: DcFcwVJVdYIo2RV1AA4K
❌ Cliente desconectado: 2Q3Kpy1Eo-jLbr0cAA4I
❌ Cliente desconectado: hxXLEXELMdi9sO1xAA4H
❌ Cliente desconectado: DcFcwVJVdYIo2RV1AA4K
✅ Cliente conectado a WebSocket: yhiFpPpHHY9eVW-KAA4M
✅ Cliente conectado a WebSocket: D1XyzEPCblHnzDVwAA4P
✅ Cliente conectado a WebSocket: nhNf05ccfiFktdrkAA4Q
❌ Cliente desconectado: yhiFpPpHHY9eVW-KAA4M
❌ Cliente desconectado: D1XyzEPCblHnzDVwAA4P
❌ Cliente desconectado: nhNf05ccfiFktdrkAA4Q
✅ Cliente conectado a WebSocket: 1jkzljUiHs0KDHcJAA4T
✅ Cliente conectado a WebSocket: ZDOn2iJBbXj_1lHBAA4U
✅ Cliente conectado a WebSocket: nX7htCTCSpmrWJDDAA4W
❌ Cliente desconectado: 1jkzljUiHs0KDHcJAA4T
❌ Cliente desconectado: ZDOn2iJBbXj_1lHBAA4U
❌ Cliente desconectado: nX7htCTCSpmrWJDDAA4W
✅ Cliente conectado a WebSocket: WN4Y47ceLQe8b_ElAA4Y
✅ Cliente conectado a WebSocket: fehiOjVeHM5HRuPeAA4b
✅ Cliente conectado a WebSocket: o5BFHvI-_HPp_9Q-AA4c
❌ Cliente desconectado: WN4Y47ceLQe8b_ElAA4Y
❌ Cliente desconectado: fehiOjVeHM5HRuPeAA4b
❌ Cliente desconectado: o5BFHvI-_HPp_9Q-AA4c
✅ Cliente conectado a WebSocket: vZfjqZPcSbi-NetnAA4f
✅ Cliente conectado a WebSocket: JqKOBJY5jTgVpWMGAA4g
✅ Cliente conectado a WebSocket: 1YXWw9uzJ_VNfkStAA4i
❌ Cliente desconectado: vZfjqZPcSbi-NetnAA4f
❌ Cliente desconectado: JqKOBJY5jTgVpWMGAA4g
❌ Cliente desconectado: 1YXWw9uzJ_VNfkStAA4i
✅ Cliente conectado a WebSocket: Ywq41-8MhxFc3cFWAA4l
✅ Cliente conectado a WebSocket: dwWWS2G6LdGyiuCBAA4m
✅ Cliente conectado a WebSocket: Y7yIE9TcAhvFV5QkAA4o
❌ Cliente desconectado: Ywq41-8MhxFc3cFWAA4l
❌ Cliente desconectado: dwWWS2G6LdGyiuCBAA4m
❌ Cliente desconectado: Y7yIE9TcAhvFV5QkAA4o
✅ Cliente conectado a WebSocket: gzem6ZQY8uShQK14AA4s
✅ Cliente conectado a WebSocket: vqGyfmZO6l5iuCCKAA4t
✅ Cliente conectado a WebSocket: lp-HyYBzU4TAotJqAA4u
❌ Cliente desconectado: vqGyfmZO6l5iuCCKAA4t
❌ Cliente desconectado: gzem6ZQY8uShQK14AA4s
❌ Cliente desconectado: lp-HyYBzU4TAotJqAA4u
✅ Cliente conectado a WebSocket: XNWlTFZGrCbKJsseAA4y
✅ Cliente conectado a WebSocket: 5202P1pfYwOtLja-AA4z
✅ Cliente conectado a WebSocket: lqLOzIBjch55rlr4AA40
❌ Cliente desconectado: lqLOzIBjch55rlr4AA40
❌ Cliente desconectado: 5202P1pfYwOtLja-AA4z
❌ Cliente desconectado: XNWlTFZGrCbKJsseAA4y
✅ Cliente conectado a WebSocket: a0gAZZjV_VdkvTVSAA42
✅ Cliente conectado a WebSocket: mE-RYd4jY9lUZ9qlAA44
✅ Cliente conectado a WebSocket: fX0gnEPEwopKNaioAA46
❌ Cliente desconectado: a0gAZZjV_VdkvTVSAA42
❌ Cliente desconectado: fX0gnEPEwopKNaioAA46
❌ Cliente desconectado: mE-RYd4jY9lUZ9qlAA44
✅ Cliente conectado a WebSocket: jwv4vizYHsWQmQtbAA4-
✅ Cliente conectado a WebSocket: vqrkOIO3z1v6sU28AA4_
✅ Cliente conectado a WebSocket: PeNxdFCDrXVm0cSqAA5A
❌ Cliente desconectado: PeNxdFCDrXVm0cSqAA5A
❌ Cliente desconectado: vqrkOIO3z1v6sU28AA4_
❌ Cliente desconectado: jwv4vizYHsWQmQtbAA4-
✅ Cliente conectado a WebSocket: tKMVtjxq5OXnS62OAA5D
✅ Cliente conectado a WebSocket: MMLZ9V9MiuZozpd0AA5E
✅ Cliente conectado a WebSocket: OpECglN6z6ivOQ5fAA5G
❌ Cliente desconectado: tKMVtjxq5OXnS62OAA5D
❌ Cliente desconectado: OpECglN6z6ivOQ5fAA5G
❌ Cliente desconectado: MMLZ9V9MiuZozpd0AA5E
✅ Cliente conectado a WebSocket: YHQsKQXlkvadbtoDAA5K
✅ Cliente conectado a WebSocket: gewvtQzghdA-xCMaAA5L
✅ Cliente conectado a WebSocket: glW30XdmCLVLMbQdAA5M
❌ Cliente desconectado: glW30XdmCLVLMbQdAA5M
❌ Cliente desconectado: YHQsKQXlkvadbtoDAA5K
❌ Cliente desconectado: gewvtQzghdA-xCMaAA5L
✅ Cliente conectado a WebSocket: DYvsr7FMwMCEZ1eLAA5P
✅ Cliente conectado a WebSocket: yCyky7pKHo-TYBLXAA5Q
✅ Cliente conectado a WebSocket: OncfG7aVk-Atx53ZAA5S
❌ Cliente desconectado: DYvsr7FMwMCEZ1eLAA5P
❌ Cliente desconectado: yCyky7pKHo-TYBLXAA5Q
❌ Cliente desconectado: OncfG7aVk-Atx53ZAA5S
✅ Cliente conectado a WebSocket: 2VvPcv8Lz8j3uIQrAA5U
✅ Cliente conectado a WebSocket: jRQO6703SABM_H6vAA5X
✅ Cliente conectado a WebSocket: vcPbSw6Ql-I3Xgy9AA5Y
❌ Cliente desconectado: 2VvPcv8Lz8j3uIQrAA5U
❌ Cliente desconectado: jRQO6703SABM_H6vAA5X
❌ Cliente desconectado: vcPbSw6Ql-I3Xgy9AA5Y
✅ Cliente conectado a WebSocket: JTmfwXT_WL5xbQuAAA5b
✅ Cliente conectado a WebSocket: b6cBjBXmlKM1KxJoAA5c
✅ Cliente conectado a WebSocket: BTiVBwqT5UhlmiYSAA5e
❌ Cliente desconectado: JTmfwXT_WL5xbQuAAA5b
❌ Cliente desconectado: b6cBjBXmlKM1KxJoAA5c
❌ Cliente desconectado: BTiVBwqT5UhlmiYSAA5e
✅ Cliente conectado a WebSocket: 5y3BhTF2nxDZnpYeAA5i
✅ Cliente conectado a WebSocket: Gx7_OB3tXeT5zyHUAA5j
✅ Cliente conectado a WebSocket: 7WqxGqjCzXlg7ydwAA5k
❌ Cliente desconectado: 5y3BhTF2nxDZnpYeAA5i
❌ Cliente desconectado: Gx7_OB3tXeT5zyHUAA5j
❌ Cliente desconectado: 7WqxGqjCzXlg7ydwAA5k
✅ Cliente conectado a WebSocket: YGsUb8qe6Pu-D88mAA5n
✅ Cliente conectado a WebSocket: soWAWMMB2XV3m3onAA5o
✅ Cliente conectado a WebSocket: K3ZOO2BmyMMOvCTFAA5q
❌ Cliente desconectado: soWAWMMB2XV3m3onAA5o
❌ Cliente desconectado: YGsUb8qe6Pu-D88mAA5n
❌ Cliente desconectado: K3ZOO2BmyMMOvCTFAA5q
✅ Cliente conectado a WebSocket: LFUN-9bv-t47Jj7MAA5s
✅ Cliente conectado a WebSocket: esMF5BOn3KsCkd2zAA5v
✅ Cliente conectado a WebSocket: 5_N70RCo1oNpPS79AA5w
❌ Cliente desconectado: LFUN-9bv-t47Jj7MAA5s
❌ Cliente desconectado: esMF5BOn3KsCkd2zAA5v
❌ Cliente desconectado: 5_N70RCo1oNpPS79AA5w
✅ Cliente conectado a WebSocket: ffAS98EMjKZmC5UzAA50
✅ Cliente conectado a WebSocket: WKdpXxCEuH57DKLQAA51
✅ Cliente conectado a WebSocket: 5vdpP0_dAenlu7obAA52
❌ Cliente desconectado: ffAS98EMjKZmC5UzAA50
❌ Cliente desconectado: WKdpXxCEuH57DKLQAA51
❌ Cliente desconectado: 5vdpP0_dAenlu7obAA52
✅ Cliente conectado a WebSocket: oVjDa1AIVYlOeK0-AA54
✅ Cliente conectado a WebSocket: n_w1hDFu40kjw0qrAA57
✅ Cliente conectado a WebSocket: nRK_iiRkxH0_lLTlAA58
❌ Cliente desconectado: oVjDa1AIVYlOeK0-AA54
❌ Cliente desconectado: n_w1hDFu40kjw0qrAA57
❌ Cliente desconectado: nRK_iiRkxH0_lLTlAA58
✅ Cliente conectado a WebSocket: QBSAKCNBgHZ-Nam8AA5-
✅ Cliente conectado a WebSocket: 4pVtYp7usQdGaOsyAA6B
✅ Cliente conectado a WebSocket: eqP63WEOwUMNFeHTAA6C
❌ Cliente desconectado: QBSAKCNBgHZ-Nam8AA5-
❌ Cliente desconectado: 4pVtYp7usQdGaOsyAA6B
❌ Cliente desconectado: eqP63WEOwUMNFeHTAA6C
✅ Cliente conectado a WebSocket: WdXbNPYwwf_zRLXTAA6E
✅ Cliente conectado a WebSocket: jUkKwoWfN7G4OwggAA6H
✅ Cliente conectado a WebSocket: cjeVXr1rYWQbwrehAA6I
❌ Cliente desconectado: WdXbNPYwwf_zRLXTAA6E
❌ Cliente desconectado: jUkKwoWfN7G4OwggAA6H
❌ Cliente desconectado: cjeVXr1rYWQbwrehAA6I
✅ Cliente conectado a WebSocket: HoIQOVhU2O4QMfmGAA6M
✅ Cliente conectado a WebSocket: b-OqGMpU4tNmtTJGAA6N
✅ Cliente conectado a WebSocket: uU49zqid5g6_a91VAA6O
❌ Cliente desconectado: HoIQOVhU2O4QMfmGAA6M
❌ Cliente desconectado: b-OqGMpU4tNmtTJGAA6N
❌ Cliente desconectado: uU49zqid5g6_a91VAA6O
✅ Cliente conectado a WebSocket: FGxgFS5AFze0y4-KAA6Q
✅ Cliente conectado a WebSocket: nIKGgX-xylV6V5goAA6T
✅ Cliente conectado a WebSocket: OL1nwxGDcbWsEfHXAA6U
❌ Cliente desconectado: FGxgFS5AFze0y4-KAA6Q
❌ Cliente desconectado: nIKGgX-xylV6V5goAA6T
❌ Cliente desconectado: OL1nwxGDcbWsEfHXAA6U
✅ Cliente conectado a WebSocket: Iw94vFvkKXHIzP-fAA6W
✅ Cliente conectado a WebSocket: 6MWXdLNvwuxXeKbwAA6Z
✅ Cliente conectado a WebSocket: eri-d1x-7HyjKTEpAA6a
❌ Cliente desconectado: Iw94vFvkKXHIzP-fAA6W
❌ Cliente desconectado: 6MWXdLNvwuxXeKbwAA6Z
❌ Cliente desconectado: eri-d1x-7HyjKTEpAA6a
✅ Cliente conectado a WebSocket: sLoOmVZ2_zQgBpb1AA6d
✅ Cliente conectado a WebSocket: qC-c3HROPBn54irIAA6e
✅ Cliente conectado a WebSocket: YC8cSuF4taA19MsyAA6g
❌ Cliente desconectado: sLoOmVZ2_zQgBpb1AA6d
❌ Cliente desconectado: qC-c3HROPBn54irIAA6e
❌ Cliente desconectado: YC8cSuF4taA19MsyAA6g
✅ Cliente conectado a WebSocket: pXAlgdcvP_6F77RGAA6i
✅ Cliente conectado a WebSocket: Gd1ULVK8Paxe-uPzAA6l
✅ Cliente conectado a WebSocket: yA4h8MbcgNXTfY1kAA6m
❌ Cliente desconectado: pXAlgdcvP_6F77RGAA6i
❌ Cliente desconectado: Gd1ULVK8Paxe-uPzAA6l
❌ Cliente desconectado: yA4h8MbcgNXTfY1kAA6m
✅ Cliente conectado a WebSocket: BMiao7uvTKXH4cOqAA6o
✅ Cliente conectado a WebSocket: _yjGwk9JvhhtONZxAA6r
✅ Cliente conectado a WebSocket: VffoqB52caS8eKMzAA6s
❌ Cliente desconectado: BMiao7uvTKXH4cOqAA6o
❌ Cliente desconectado: _yjGwk9JvhhtONZxAA6r
❌ Cliente desconectado: VffoqB52caS8eKMzAA6s
✅ Cliente conectado a WebSocket: Vpr62A5FiX1L0uPjAA6w
✅ Cliente conectado a WebSocket: j1oj6xkDICYTuNlxAA6x
✅ Cliente conectado a WebSocket: OAsaOPqzVdw3VijaAA6y
❌ Cliente desconectado: Vpr62A5FiX1L0uPjAA6w
❌ Cliente desconectado: OAsaOPqzVdw3VijaAA6y
❌ Cliente desconectado: j1oj6xkDICYTuNlxAA6x
✅ Cliente conectado a WebSocket: C1itEfMdfhxEWJWdAA61
✅ Cliente conectado a WebSocket: StaoXurJ4Blu58rFAA62
✅ Cliente conectado a WebSocket: gpshGo2qb0SHyfN6AA64
❌ Cliente desconectado: C1itEfMdfhxEWJWdAA61
❌ Cliente desconectado: StaoXurJ4Blu58rFAA62
❌ Cliente desconectado: gpshGo2qb0SHyfN6AA64
✅ Cliente conectado a WebSocket: L2nlblEbXNzJxI0PAA67
✅ Cliente conectado a WebSocket: PEo36UOSS9JBSSFSAA68
✅ Cliente conectado a WebSocket: McqwKlCSEiCvpVjvAA6-
❌ Cliente desconectado: L2nlblEbXNzJxI0PAA67
❌ Cliente desconectado: PEo36UOSS9JBSSFSAA68
❌ Cliente desconectado: McqwKlCSEiCvpVjvAA6-
✅ Cliente conectado a WebSocket: 3Gh91xN0Xst1QrSoAA7B
✅ Cliente conectado a WebSocket: 3v8vHo8egHcVQtq6AA7C
✅ Cliente conectado a WebSocket: m6VLpOwUq5KkCuaNAA7E
❌ Cliente desconectado: 3Gh91xN0Xst1QrSoAA7B
❌ Cliente desconectado: 3v8vHo8egHcVQtq6AA7C
❌ Cliente desconectado: m6VLpOwUq5KkCuaNAA7E
✅ Cliente conectado a WebSocket: yqiW9VeEL1BXnZZzAA7G
✅ Cliente conectado a WebSocket: q3MfvFpR0smE4-abAA7J
✅ Cliente conectado a WebSocket: dZpNdPsUr7z_uJ8eAA7K
❌ Cliente desconectado: yqiW9VeEL1BXnZZzAA7G
❌ Cliente desconectado: q3MfvFpR0smE4-abAA7J
❌ Cliente desconectado: dZpNdPsUr7z_uJ8eAA7K
✅ Cliente conectado a WebSocket: tGQ8Rdt7McOCPKmyAA7N
✅ Cliente conectado a WebSocket: ytoROEVoDlG63MT8AA7O
✅ Cliente conectado a WebSocket: G3fo6YwyGPgt2kwqAA7Q
❌ Cliente desconectado: tGQ8Rdt7McOCPKmyAA7N
❌ Cliente desconectado: ytoROEVoDlG63MT8AA7O
❌ Cliente desconectado: G3fo6YwyGPgt2kwqAA7Q
✅ Cliente conectado a WebSocket: gCe7yvNCZkgT0ypWAA7S
✅ Cliente conectado a WebSocket: LRZ-cMDlokFkFZmBAA7V
✅ Cliente conectado a WebSocket: 217_nk4vRO4dq1WNAA7W
❌ Cliente desconectado: gCe7yvNCZkgT0ypWAA7S
❌ Cliente desconectado: LRZ-cMDlokFkFZmBAA7V
❌ Cliente desconectado: 217_nk4vRO4dq1WNAA7W
✅ Cliente conectado a WebSocket: mYvPPAZW0UUnWo-TAA7Z
✅ Cliente conectado a WebSocket: knV2AhXTRfjY-pGPAA7a
✅ Cliente conectado a WebSocket: Y3BI4omRuctL20czAA7c
❌ Cliente desconectado: mYvPPAZW0UUnWo-TAA7Z
❌ Cliente desconectado: knV2AhXTRfjY-pGPAA7a
❌ Cliente desconectado: Y3BI4omRuctL20czAA7c
✅ Cliente conectado a WebSocket: avdvdPYm3oqNaoiSAA7f
✅ Cliente conectado a WebSocket: oZt2eFb4BD6vBKUzAA7g
✅ Cliente conectado a WebSocket: -xHLSyX5wdcUKybEAA7i
❌ Cliente desconectado: avdvdPYm3oqNaoiSAA7f
❌ Cliente desconectado: oZt2eFb4BD6vBKUzAA7g
❌ Cliente desconectado: -xHLSyX5wdcUKybEAA7i
✅ Cliente conectado a WebSocket: bBwWm46Cgk24Oh-AAA7k
✅ Cliente conectado a WebSocket: ef-NknfOjdwRplkiAA7m
✅ Cliente conectado a WebSocket: aHDrzsHc0M61sBJeAA7o
❌ Cliente desconectado: bBwWm46Cgk24Oh-AAA7k
❌ Cliente desconectado: ef-NknfOjdwRplkiAA7m
❌ Cliente desconectado: aHDrzsHc0M61sBJeAA7o
✅ Cliente conectado a WebSocket: SuB15_8bqzYw-hJ4AA7q
✅ Cliente conectado a WebSocket: rUFRy-SLBqUnMztJAA7t
✅ Cliente conectado a WebSocket: jxeknVQxJ3yqiJl4AA7u
❌ Cliente desconectado: SuB15_8bqzYw-hJ4AA7q
❌ Cliente desconectado: jxeknVQxJ3yqiJl4AA7u
❌ Cliente desconectado: rUFRy-SLBqUnMztJAA7t
✅ Cliente conectado a WebSocket: Hd7mY_IY9V6xxyL5AA7w
✅ Cliente conectado a WebSocket: bsbqonMdGrTNu5hsAA7z
✅ Cliente conectado a WebSocket: BWe6rQUhf5z2jfAnAA70
❌ Cliente desconectado: Hd7mY_IY9V6xxyL5AA7w
❌ Cliente desconectado: BWe6rQUhf5z2jfAnAA70
❌ Cliente desconectado: bsbqonMdGrTNu5hsAA7z
✅ Cliente conectado a WebSocket: gjErNFFr23nYDi-FAA74
✅ Cliente conectado a WebSocket: YjiWhihJrb1Cec7FAA75
✅ Cliente conectado a WebSocket: HsdMHnxZGPnseiI5AA76
❌ Cliente desconectado: gjErNFFr23nYDi-FAA74
❌ Cliente desconectado: YjiWhihJrb1Cec7FAA75
❌ Cliente desconectado: HsdMHnxZGPnseiI5AA76
✅ Cliente conectado a WebSocket: ERl0ywMpaSZXpHnIAA7-
✅ Cliente conectado a WebSocket: B3-Bj3XuFXWgs4_IAA7_
✅ Cliente conectado a WebSocket: 1Lgczy0kxf14g0AkAA8A
❌ Cliente desconectado: B3-Bj3XuFXWgs4_IAA7_
❌ Cliente desconectado: ERl0ywMpaSZXpHnIAA7-
❌ Cliente desconectado: 1Lgczy0kxf14g0AkAA8A
✅ Cliente conectado a WebSocket: qZPsZiAhvcOz8lfGAA8C
✅ Cliente conectado a WebSocket: D2655Ar4FXqNp_8PAA8F
✅ Cliente conectado a WebSocket: J_P7Vj29Wgx9W3gAAA8G
❌ Cliente desconectado: qZPsZiAhvcOz8lfGAA8C
❌ Cliente desconectado: D2655Ar4FXqNp_8PAA8F
❌ Cliente desconectado: J_P7Vj29Wgx9W3gAAA8G
✅ Cliente conectado a WebSocket: NBfE90ycATnm1oGsAA8I
✅ Cliente conectado a WebSocket: pN9u4dy8LCeKHHf1AA8L
✅ Cliente conectado a WebSocket: Zwg_GRTMe8q31Y80AA8M
❌ Cliente desconectado: NBfE90ycATnm1oGsAA8I
❌ Cliente desconectado: pN9u4dy8LCeKHHf1AA8L
❌ Cliente desconectado: Zwg_GRTMe8q31Y80AA8M
✅ Cliente conectado a WebSocket: Hgmf6mM85hdl6U0WAA8O
✅ Cliente conectado a WebSocket: koRnV9agnjgdRQqyAA8R
✅ Cliente conectado a WebSocket: H2h7KRAqovXG6TY8AA8S
❌ Cliente desconectado: Hgmf6mM85hdl6U0WAA8O
❌ Cliente desconectado: koRnV9agnjgdRQqyAA8R
❌ Cliente desconectado: H2h7KRAqovXG6TY8AA8S
✅ Cliente conectado a WebSocket: tswFhAEqRDWYPYUMAA8W
✅ Cliente conectado a WebSocket: XYgK_i8XrKJqZVFLAA8X
✅ Cliente conectado a WebSocket: pDom3qyehYiCMGn0AA8Y
❌ Cliente desconectado: XYgK_i8XrKJqZVFLAA8X
❌ Cliente desconectado: pDom3qyehYiCMGn0AA8Y
❌ Cliente desconectado: tswFhAEqRDWYPYUMAA8W
✅ Cliente conectado a WebSocket: r7_bCwA3AvyxnKDwAA8b
✅ Cliente conectado a WebSocket: HJSGY7VQPnbqRHy2AA8c
✅ Cliente conectado a WebSocket: H6XuXBLG7mV0rk9KAA8e
❌ Cliente desconectado: r7_bCwA3AvyxnKDwAA8b
❌ Cliente desconectado: HJSGY7VQPnbqRHy2AA8c
❌ Cliente desconectado: H6XuXBLG7mV0rk9KAA8e
✅ Cliente conectado a WebSocket: cJKOgq4h-qGBJYvyAA8i
✅ Cliente conectado a WebSocket: H95mUSg0KTxlJOUnAA8j
✅ Cliente conectado a WebSocket: rD6ZIzaUPn670YPJAA8k
❌ Cliente desconectado: rD6ZIzaUPn670YPJAA8k
❌ Cliente desconectado: cJKOgq4h-qGBJYvyAA8i
❌ Cliente desconectado: H95mUSg0KTxlJOUnAA8j
✅ Cliente conectado a WebSocket: bFqdjHge1kHs_b0CAA8n
✅ Cliente conectado a WebSocket: _XY-3C4-OP6JigPaAA8o
✅ Cliente conectado a WebSocket: GsUDbWIXrrm9-arFAA8q
❌ Cliente desconectado: bFqdjHge1kHs_b0CAA8n
❌ Cliente desconectado: _XY-3C4-OP6JigPaAA8o
❌ Cliente desconectado: GsUDbWIXrrm9-arFAA8q
✅ Cliente conectado a WebSocket: 2F-3WRmuUW5ibCLtAA8t
✅ Cliente conectado a WebSocket: MhMIAh2lPIA5CKRlAA8u
✅ Cliente conectado a WebSocket: 0yqaYEp6x4B-rVw9AA8w
❌ Cliente desconectado: 2F-3WRmuUW5ibCLtAA8t
❌ Cliente desconectado: MhMIAh2lPIA5CKRlAA8u
❌ Cliente desconectado: 0yqaYEp6x4B-rVw9AA8w
✅ Cliente conectado a WebSocket: 1L4pOniUWpQg5V4pAA8z
✅ Cliente conectado a WebSocket: kOClOimH0r2thtlnAA80
✅ Cliente conectado a WebSocket: GYkTiS4o2eyN3nW1AA82
❌ Cliente desconectado: 1L4pOniUWpQg5V4pAA8z
❌ Cliente desconectado: kOClOimH0r2thtlnAA80
❌ Cliente desconectado: GYkTiS4o2eyN3nW1AA82
✅ Cliente conectado a WebSocket: 06hytvtSRAUxbKC_AA85
✅ Cliente conectado a WebSocket: iXlJvFSnhmwMIIc0AA86
✅ Cliente conectado a WebSocket: uUb0xtBWs_ydO_hTAA88
❌ Cliente desconectado: 06hytvtSRAUxbKC_AA85
❌ Cliente desconectado: iXlJvFSnhmwMIIc0AA86
❌ Cliente desconectado: uUb0xtBWs_ydO_hTAA88
✅ Cliente conectado a WebSocket: k2hJ3F2a-n4Plk8GAA8_
✅ Cliente conectado a WebSocket: 0oYtk6coZ2D7d5kyAA9A
✅ Cliente conectado a WebSocket: IqzBJg3EVGdIIotIAA9C
❌ Cliente desconectado: k2hJ3F2a-n4Plk8GAA8_
❌ Cliente desconectado: 0oYtk6coZ2D7d5kyAA9A
❌ Cliente desconectado: IqzBJg3EVGdIIotIAA9C
✅ Cliente conectado a WebSocket: f3kumDHOMnz5HLNQAA9F
✅ Cliente conectado a WebSocket: PLdwPEOcQAtdRO8ZAA9G
✅ Cliente conectado a WebSocket: vocBnU9vfbNzo4X6AA9I
❌ Cliente desconectado: f3kumDHOMnz5HLNQAA9F
❌ Cliente desconectado: PLdwPEOcQAtdRO8ZAA9G
❌ Cliente desconectado: vocBnU9vfbNzo4X6AA9I
✅ Cliente conectado a WebSocket: mvTCQxWPPKQkOVREAA9K
✅ Cliente conectado a WebSocket: jdAkNPwIK4UM6AzeAA9M
✅ Cliente conectado a WebSocket: GWn5zEZqpqjMJKUmAA9O
❌ Cliente desconectado: mvTCQxWPPKQkOVREAA9K
❌ Cliente desconectado: jdAkNPwIK4UM6AzeAA9M
❌ Cliente desconectado: GWn5zEZqpqjMJKUmAA9O
✅ Cliente conectado a WebSocket: rKlUr_XZ2m0LIoneAA9R
✅ Cliente conectado a WebSocket: Xtj2UEvcRWblTnvfAA9S
✅ Cliente conectado a WebSocket: jp4jS7PNtiKObvfUAA9U
❌ Cliente desconectado: rKlUr_XZ2m0LIoneAA9R
❌ Cliente desconectado: Xtj2UEvcRWblTnvfAA9S
❌ Cliente desconectado: jp4jS7PNtiKObvfUAA9U
✅ Cliente conectado a WebSocket: acwfGMSTygvixkxjAA9Y
✅ Cliente conectado a WebSocket: pzxH2Y7FxMhW3vrbAA9Z
✅ Cliente conectado a WebSocket: 97KBxJLiKE24rmi5AA9a
❌ Cliente desconectado: pzxH2Y7FxMhW3vrbAA9Z
❌ Cliente desconectado: acwfGMSTygvixkxjAA9Y
❌ Cliente desconectado: 97KBxJLiKE24rmi5AA9a
✅ Cliente conectado a WebSocket: 31-yjp8OX46Y5rbxAA9c
✅ Cliente conectado a WebSocket: YXVHVLb1nNTX_e_JAA9f
✅ Cliente conectado a WebSocket: Bsg4aQiAv6Yyn1ESAA9g
❌ Cliente desconectado: 31-yjp8OX46Y5rbxAA9c
❌ Cliente desconectado: YXVHVLb1nNTX_e_JAA9f
❌ Cliente desconectado: Bsg4aQiAv6Yyn1ESAA9g
✅ Cliente conectado a WebSocket: FDZyx92h11ItIiUHAA9k
✅ Cliente conectado a WebSocket: y8OvqJap8O0rII27AA9l
✅ Cliente conectado a WebSocket: y1dOboCFxn8FkUvGAA9m
❌ Cliente desconectado: FDZyx92h11ItIiUHAA9k
❌ Cliente desconectado: y1dOboCFxn8FkUvGAA9m
❌ Cliente desconectado: y8OvqJap8O0rII27AA9l
✅ Cliente conectado a WebSocket: I_aYl-0p9NlXaMBvAA9o
✅ Cliente conectado a WebSocket: p6S93OYbSTti6Tp1AA9q
✅ Cliente conectado a WebSocket: ta4lO9eA2KaBdty6AA9s
❌ Cliente desconectado: I_aYl-0p9NlXaMBvAA9o
❌ Cliente desconectado: p6S93OYbSTti6Tp1AA9q
❌ Cliente desconectado: ta4lO9eA2KaBdty6AA9s
✅ Cliente conectado a WebSocket: a-2vHG4Dx_Pn4y9HAA9u
✅ Cliente conectado a WebSocket: _XC9bXuEcu0yzjNmAA9x
✅ Cliente conectado a WebSocket: YPS3WexBik26C-pzAA9y
❌ Cliente desconectado: a-2vHG4Dx_Pn4y9HAA9u
❌ Cliente desconectado: YPS3WexBik26C-pzAA9y
❌ Cliente desconectado: _XC9bXuEcu0yzjNmAA9x
✅ Cliente conectado a WebSocket: HhH4a2t562t8a6YqAA90
✅ Cliente conectado a WebSocket: EVSLZqdeMFs6x9piAA93
✅ Cliente conectado a WebSocket: 4IUT2Cgfk29wAW9QAA94
❌ Cliente desconectado: HhH4a2t562t8a6YqAA90
❌ Cliente desconectado: EVSLZqdeMFs6x9piAA93
❌ Cliente desconectado: 4IUT2Cgfk29wAW9QAA94
✅ Cliente conectado a WebSocket: ENIfLoF3maoqxZDmAA96
✅ Cliente conectado a WebSocket: DpoNlTJpf9MtdU_kAA99
✅ Cliente conectado a WebSocket: 6B4urSx-z3jssAZrAA9-
❌ Cliente desconectado: ENIfLoF3maoqxZDmAA96
❌ Cliente desconectado: DpoNlTJpf9MtdU_kAA99
❌ Cliente desconectado: 6B4urSx-z3jssAZrAA9-
✅ Cliente conectado a WebSocket: XFmMMxdPbyOUIGeSAA-B
✅ Cliente conectado a WebSocket: 6dN5nkydra3Y9kfvAA-C
✅ Cliente conectado a WebSocket: SdhGz7w2Zk6qmeaMAA-E
❌ Cliente desconectado: 6dN5nkydra3Y9kfvAA-C
❌ Cliente desconectado: XFmMMxdPbyOUIGeSAA-B
❌ Cliente desconectado: SdhGz7w2Zk6qmeaMAA-E
✅ Cliente conectado a WebSocket: RmR3e4V-pivA3FR1AA-G
✅ Cliente conectado a WebSocket: jNUuKdrEm06CmbKNAA-J
✅ Cliente conectado a WebSocket: jFixtEYOQYGvuMSKAA-K
❌ Cliente desconectado: RmR3e4V-pivA3FR1AA-G
❌ Cliente desconectado: jNUuKdrEm06CmbKNAA-J
❌ Cliente desconectado: jFixtEYOQYGvuMSKAA-K
✅ Cliente conectado a WebSocket: fXargKluf6su4gssAA-O
✅ Cliente conectado a WebSocket: 5xmQ1yn3lyoENDGvAA-P
✅ Cliente conectado a WebSocket: WVpkQHveZQ6Ie5kxAA-Q
❌ Cliente desconectado: 5xmQ1yn3lyoENDGvAA-P
❌ Cliente desconectado: fXargKluf6su4gssAA-O
❌ Cliente desconectado: WVpkQHveZQ6Ie5kxAA-Q
✅ Cliente conectado a WebSocket: IPvG0rQ02xm03duKAA-T
✅ Cliente conectado a WebSocket: 76m95myPzTroC-CdAA-U
✅ Cliente conectado a WebSocket: zWCeIYTn2ljLteINAA-W
❌ Cliente desconectado: IPvG0rQ02xm03duKAA-T
❌ Cliente desconectado: 76m95myPzTroC-CdAA-U
❌ Cliente desconectado: zWCeIYTn2ljLteINAA-W
✅ Cliente conectado a WebSocket: WN-EyCF-msxbbxqKAA-a
✅ Cliente conectado a WebSocket: 8nRl-edhIEg--0ALAA-b
✅ Cliente conectado a WebSocket: VEUFh4CQZNn8BoGXAA-c
❌ Cliente desconectado: WN-EyCF-msxbbxqKAA-a
❌ Cliente desconectado: 8nRl-edhIEg--0ALAA-b
❌ Cliente desconectado: VEUFh4CQZNn8BoGXAA-c
✅ Cliente conectado a WebSocket: pSUyn0M5-5wszZIPAA-e
✅ Cliente conectado a WebSocket: G1IUh1Px22Ki7rr-AA-h
✅ Cliente conectado a WebSocket: x61hk6TOP1NeP_JnAA-i
❌ Cliente desconectado: pSUyn0M5-5wszZIPAA-e
❌ Cliente desconectado: x61hk6TOP1NeP_JnAA-i
❌ Cliente desconectado: G1IUh1Px22Ki7rr-AA-h
✅ Cliente conectado a WebSocket: t5UC12d1W0oNJwBzAA-m
✅ Cliente conectado a WebSocket: rF1RCe4WH3HQcKENAA-n
✅ Cliente conectado a WebSocket: 6Fdx4scE1LDF3XPLAA-o
❌ Cliente desconectado: 6Fdx4scE1LDF3XPLAA-o
❌ Cliente desconectado: t5UC12d1W0oNJwBzAA-m
❌ Cliente desconectado: rF1RCe4WH3HQcKENAA-n
✅ Cliente conectado a WebSocket: 58RrzG9Yea90QysyAA-s
✅ Cliente conectado a WebSocket: QZT4zI81LQ9zIbvDAA-t
✅ Cliente conectado a WebSocket: iCL7HLPrs1YSXRh9AA-u
❌ Cliente desconectado: iCL7HLPrs1YSXRh9AA-u
❌ Cliente desconectado: 58RrzG9Yea90QysyAA-s
❌ Cliente desconectado: QZT4zI81LQ9zIbvDAA-t
✅ Cliente conectado a WebSocket: O89FiPQQPkSIV1wJAA-x
✅ Cliente conectado a WebSocket: zOC2ueE0G7Q82_kQAA-y
✅ Cliente conectado a WebSocket: jMFdI_e71XDk5Li4AA-0
❌ Cliente desconectado: O89FiPQQPkSIV1wJAA-x
❌ Cliente desconectado: zOC2ueE0G7Q82_kQAA-y
❌ Cliente desconectado: jMFdI_e71XDk5Li4AA-0
✅ Cliente conectado a WebSocket: FG3oNuuMRAPUFMsOAA-2
✅ Cliente conectado a WebSocket: Ot8_OZRBbzxBiZ3WAA-5
✅ Cliente conectado a WebSocket: 66rv6g-DbHgD5IMTAA-6
❌ Cliente desconectado: FG3oNuuMRAPUFMsOAA-2
❌ Cliente desconectado: Ot8_OZRBbzxBiZ3WAA-5
❌ Cliente desconectado: 66rv6g-DbHgD5IMTAA-6
✅ Cliente conectado a WebSocket: XAXzfq2DMxviqvBOAA-8
✅ Cliente conectado a WebSocket: HNiKPpgXXlYPcmUrAA--
✅ Cliente conectado a WebSocket: NuI8_6Hi0UvPVxSpAA_A
❌ Cliente desconectado: XAXzfq2DMxviqvBOAA-8
❌ Cliente desconectado: HNiKPpgXXlYPcmUrAA--
❌ Cliente desconectado: NuI8_6Hi0UvPVxSpAA_A
✅ Cliente conectado a WebSocket: MClYU3VqWsBLbiDvAA_C
✅ Cliente conectado a WebSocket: sI_PBXKgQyI7Tb7GAA_F
✅ Cliente conectado a WebSocket: zGTHXeSeN5kt_LP_AA_G
❌ Cliente desconectado: MClYU3VqWsBLbiDvAA_C
❌ Cliente desconectado: sI_PBXKgQyI7Tb7GAA_F
❌ Cliente desconectado: zGTHXeSeN5kt_LP_AA_G
✅ Cliente conectado a WebSocket: sUb8fZkosxB2bsm5AA_I
✅ Cliente conectado a WebSocket: bN0IzAM4SkuPcBWNAA_K
✅ Cliente conectado a WebSocket: Kq9zDqm-MSthkF49AA_M
❌ Cliente desconectado: sUb8fZkosxB2bsm5AA_I
❌ Cliente desconectado: bN0IzAM4SkuPcBWNAA_K
❌ Cliente desconectado: Kq9zDqm-MSthkF49AA_M
✅ Cliente conectado a WebSocket: o2CSCRhnZu5SFMzGAA_P
✅ Cliente conectado a WebSocket: F3DuQ-zJBswAsrMoAA_Q
✅ Cliente conectado a WebSocket: -Hb08LuFhSgYAvW_AA_S
❌ Cliente desconectado: F3DuQ-zJBswAsrMoAA_Q
❌ Cliente desconectado: o2CSCRhnZu5SFMzGAA_P
❌ Cliente desconectado: -Hb08LuFhSgYAvW_AA_S
✅ Cliente conectado a WebSocket: P-M_9UT6Fckj21KbAA_V
✅ Cliente conectado a WebSocket: 8BBk6sJdqmfKS0KzAA_W
✅ Cliente conectado a WebSocket: bqNSfeRZoBTPWZxBAA_Y
❌ Cliente desconectado: P-M_9UT6Fckj21KbAA_V
❌ Cliente desconectado: 8BBk6sJdqmfKS0KzAA_W
❌ Cliente desconectado: bqNSfeRZoBTPWZxBAA_Y
✅ Cliente conectado a WebSocket: mtTiwyJgqD7KUfnDAA_a
✅ Cliente conectado a WebSocket: SlMYL_pKdc69Ajo2AA_d
✅ Cliente conectado a WebSocket: aRk5HmHmwm9IJWZYAA_e
❌ Cliente desconectado: mtTiwyJgqD7KUfnDAA_a
❌ Cliente desconectado: SlMYL_pKdc69Ajo2AA_d
❌ Cliente desconectado: aRk5HmHmwm9IJWZYAA_e
✅ Cliente conectado a WebSocket: NHTgKCsfXzpAFD65AA_h
✅ Cliente conectado a WebSocket: xl1bbD-6asVRLtGSAA_i
✅ Cliente conectado a WebSocket: 4UpW_qW52Sh2Os1qAA_k
❌ Cliente desconectado: NHTgKCsfXzpAFD65AA_h
❌ Cliente desconectado: xl1bbD-6asVRLtGSAA_i
❌ Cliente desconectado: 4UpW_qW52Sh2Os1qAA_k
✅ Cliente conectado a WebSocket: kBzd8QUFvLohThR_AA_o
✅ Cliente conectado a WebSocket: GlzcpJNBjdocHRVcAA_p
✅ Cliente conectado a WebSocket: QMRji6Zf_p-CpcpeAA_q
❌ Cliente desconectado: kBzd8QUFvLohThR_AA_o
❌ Cliente desconectado: QMRji6Zf_p-CpcpeAA_q
❌ Cliente desconectado: GlzcpJNBjdocHRVcAA_p
✅ Cliente conectado a WebSocket: ohWu_WfIFNzySHvfAA_s
✅ Cliente conectado a WebSocket: WakQ_aSY3zopTgLGAA_v
✅ Cliente conectado a WebSocket: QY-EgwuWteSltyqvAA_w
❌ Cliente desconectado: ohWu_WfIFNzySHvfAA_s
❌ Cliente desconectado: WakQ_aSY3zopTgLGAA_v
❌ Cliente desconectado: QY-EgwuWteSltyqvAA_w
✅ Cliente conectado a WebSocket: W5FDZcacB2F2wdh0AA_z
✅ Cliente conectado a WebSocket: VP8zZUfwUPmJTP23AA_0
✅ Cliente conectado a WebSocket: r-SvpxRHg3gzgcIBAA_2
❌ Cliente desconectado: W5FDZcacB2F2wdh0AA_z
❌ Cliente desconectado: VP8zZUfwUPmJTP23AA_0
❌ Cliente desconectado: r-SvpxRHg3gzgcIBAA_2
✅ Cliente conectado a WebSocket: ydVgKpLENd9EBtZBAA_4
✅ Cliente conectado a WebSocket: tjvWMFAxjoTkEJbtAA_7
✅ Cliente conectado a WebSocket: 9MgEhcjnvTk58JizAA_8
❌ Cliente desconectado: ydVgKpLENd9EBtZBAA_4
❌ Cliente desconectado: tjvWMFAxjoTkEJbtAA_7
❌ Cliente desconectado: 9MgEhcjnvTk58JizAA_8
✅ Cliente conectado a WebSocket: bQPV0weTPUaQScGmAA_-
❌ Cliente desconectado: bQPV0weTPUaQScGmAA_-
✅ Cliente conectado a WebSocket: gHmuoiBwxm7cVagNABAB
✅ Cliente conectado a WebSocket: Sy5qtxz-THnDcUuaABAC
✅ Cliente conectado a WebSocket: P5P6doqdF9SCVJSEABAE
❌ Cliente desconectado: gHmuoiBwxm7cVagNABAB
❌ Cliente desconectado: Sy5qtxz-THnDcUuaABAC
❌ Cliente desconectado: P5P6doqdF9SCVJSEABAE
✅ Cliente conectado a WebSocket: ArKH_gsSncK0GTLjABAG
✅ Cliente conectado a WebSocket: WddcRsj4guajVPziABAJ
✅ Cliente conectado a WebSocket: 6dpIb6_ZYK37pl0tABAK
❌ Cliente desconectado: ArKH_gsSncK0GTLjABAG
❌ Cliente desconectado: 6dpIb6_ZYK37pl0tABAK
❌ Cliente desconectado: WddcRsj4guajVPziABAJ
✅ Cliente conectado a WebSocket: PuCRfIu54ODUYStQABAO
✅ Cliente conectado a WebSocket: bEXzXliEN9fKrMftABAP
❌ Cliente desconectado: PuCRfIu54ODUYStQABAO
❌ Cliente desconectado: bEXzXliEN9fKrMftABAP
✅ Cliente conectado a WebSocket: mFe6_nQICwx6tz8JABAS
✅ Cliente conectado a WebSocket: irDpJRmniEWepCiCABAT
✅ Cliente conectado a WebSocket: fYb9q7Ya7_6nWZp4ABAV
❌ Cliente desconectado: mFe6_nQICwx6tz8JABAS
❌ Cliente desconectado: irDpJRmniEWepCiCABAT
❌ Cliente desconectado: fYb9q7Ya7_6nWZp4ABAV
✅ Cliente conectado a WebSocket: rGeQbvTedf2OAKXhABAY
✅ Cliente conectado a WebSocket: yueHEzgsZyBsfFotABAZ
✅ Cliente conectado a WebSocket: LKh4vc05znAw_arpABAb
❌ Cliente desconectado: rGeQbvTedf2OAKXhABAY
❌ Cliente desconectado: LKh4vc05znAw_arpABAb
❌ Cliente desconectado: yueHEzgsZyBsfFotABAZ
✅ Cliente conectado a WebSocket: lUE1CjeRAa8U-tF2ABAe
✅ Cliente conectado a WebSocket: YPk78QZ5_O0gBvFnABAf
✅ Cliente conectado a WebSocket: O4F8GikPfMNVUe3bABAh
❌ Cliente desconectado: lUE1CjeRAa8U-tF2ABAe
❌ Cliente desconectado: YPk78QZ5_O0gBvFnABAf
❌ Cliente desconectado: O4F8GikPfMNVUe3bABAh
✅ Cliente conectado a WebSocket: rMBaCiBkCY0T9IszABAj
✅ Cliente conectado a WebSocket: PZbX49-hj-1RbMI6ABAm
✅ Cliente conectado a WebSocket: 9yaTKpGcb-HlYzQtABAn
❌ Cliente desconectado: rMBaCiBkCY0T9IszABAj
✅ Cliente conectado a WebSocket: _0VZAtD-f-bzqs2GABAp
❌ Cliente desconectado: _0VZAtD-f-bzqs2GABAp
✅ Cliente conectado a WebSocket: Fzm3RiEzXhpnF2KRABAr
❌ Cliente desconectado: PZbX49-hj-1RbMI6ABAm
❌ Cliente desconectado: 9yaTKpGcb-HlYzQtABAn
❌ Cliente desconectado: Fzm3RiEzXhpnF2KRABAr
✅ Cliente conectado a WebSocket: eStOa2X1lWUF95FKABAt
✅ Cliente conectado a WebSocket: xCWUZ9sWlsVDutSzABAw
✅ Cliente conectado a WebSocket: uGFyi0R_Vlvl67_pABAx
❌ Cliente desconectado: eStOa2X1lWUF95FKABAt
❌ Cliente desconectado: uGFyi0R_Vlvl67_pABAx
❌ Cliente desconectado: xCWUZ9sWlsVDutSzABAw
✅ Cliente conectado a WebSocket: xwYwJG0RgK915wmyABAz
✅ Cliente conectado a WebSocket: OsC7pFzjc5yq-e6dABA2
✅ Cliente conectado a WebSocket: ze0pMdjx6Yniv0WsABA3
❌ Cliente desconectado: xwYwJG0RgK915wmyABAz
✅ Cliente conectado a WebSocket: WGdqeX4hfX1xcWY3ABA5
❌ Cliente desconectado: WGdqeX4hfX1xcWY3ABA5
✅ Cliente conectado a WebSocket: -Gr5VO0w249Ekja5ABA7
❌ Cliente desconectado: -Gr5VO0w249Ekja5ABA7
✅ Cliente conectado a WebSocket: sEPQom1aliYkQNz8ABA9
❌ Cliente desconectado: OsC7pFzjc5yq-e6dABA2
❌ Cliente desconectado: ze0pMdjx6Yniv0WsABA3
❌ Cliente desconectado: sEPQom1aliYkQNz8ABA9
✅ Cliente conectado a WebSocket: dT559_Ii8u4c_ZbjABA_
✅ Cliente conectado a WebSocket: LpUK5YeaXmrSk3BgABBC
✅ Cliente conectado a WebSocket: UR-ytOeREPn_OW5kABBD
✅ Cliente conectado a WebSocket: Im3XKY8ft7dUNh26ABBG
❌ Cliente desconectado: Im3XKY8ft7dUNh26ABBG
✅ Cliente conectado a WebSocket: 020UgFe38haZ1jOBABBM
✅ Cliente conectado a WebSocket: kgzJ3sVZSQtv_oHbABBN
✅ Cliente conectado a WebSocket: v3s-UVwZgCoUkKsrABBO
❌ Cliente desconectado: dT559_Ii8u4c_ZbjABA_
❌ Cliente desconectado: UR-ytOeREPn_OW5kABBD
❌ Cliente desconectado: LpUK5YeaXmrSk3BgABBC
❌ Cliente desconectado: v3s-UVwZgCoUkKsrABBO
❌ Cliente desconectado: 020UgFe38haZ1jOBABBM
❌ Cliente desconectado: kgzJ3sVZSQtv_oHbABBN
✅ Cliente conectado a WebSocket: WBvOCXHNbCxj8SkUABBR
✅ Cliente conectado a WebSocket: 5-4TSeOEPnwgPz-HABBS
✅ Cliente conectado a WebSocket: RIofXajQpkeL0zkpABBU
❌ Cliente desconectado: WBvOCXHNbCxj8SkUABBR
❌ Cliente desconectado: 5-4TSeOEPnwgPz-HABBS
❌ Cliente desconectado: RIofXajQpkeL0zkpABBU
✅ Cliente conectado a WebSocket: _8dFm9c74BJhMvUjABBW
✅ Cliente conectado a WebSocket: dIb4fBukmXUwLTUzABBZ
✅ Cliente conectado a WebSocket: sJRF0nHMjZxcJ1ypABBa
❌ Cliente desconectado: _8dFm9c74BJhMvUjABBW
❌ Cliente desconectado: sJRF0nHMjZxcJ1ypABBa
❌ Cliente desconectado: dIb4fBukmXUwLTUzABBZ
✅ Cliente conectado a WebSocket: CLODOSYYGSqwYUCLABBc
✅ Cliente conectado a WebSocket: uOoQkpfQh4LkrQttABBf
✅ Cliente conectado a WebSocket: 5eC8O0Qnzg5bdGA_ABBg
❌ Cliente desconectado: CLODOSYYGSqwYUCLABBc
❌ Cliente desconectado: uOoQkpfQh4LkrQttABBf
❌ Cliente desconectado: 5eC8O0Qnzg5bdGA_ABBg
✅ Cliente conectado a WebSocket: wenBGM5IRkarogVlABBk
✅ Cliente conectado a WebSocket: yd3Csd80aTYuZinfABBl
✅ Cliente conectado a WebSocket: s66JP_zbUaNKjIFVABBm
❌ Cliente desconectado: wenBGM5IRkarogVlABBk
❌ Cliente desconectado: yd3Csd80aTYuZinfABBl
❌ Cliente desconectado: s66JP_zbUaNKjIFVABBm
✅ Cliente conectado a WebSocket: AzboYm1P3ehk1v4kABBo
✅ Cliente conectado a WebSocket: VxINkW7I4CrP6PYnABBr
✅ Cliente conectado a WebSocket: ZLGEGHYmuePILiOJABBs
❌ Cliente desconectado: AzboYm1P3ehk1v4kABBo
❌ Cliente desconectado: VxINkW7I4CrP6PYnABBr
❌ Cliente desconectado: ZLGEGHYmuePILiOJABBs
✅ Cliente conectado a WebSocket: jo9iPQomeN-Q6BPrABBu
✅ Cliente conectado a WebSocket: s0d9oc2hr_Gd_VmgABBx
✅ Cliente conectado a WebSocket: YzFaTW3tPqkZV2eAABBy
❌ Cliente desconectado: jo9iPQomeN-Q6BPrABBu
❌ Cliente desconectado: YzFaTW3tPqkZV2eAABBy
❌ Cliente desconectado: s0d9oc2hr_Gd_VmgABBx
✅ Cliente conectado a WebSocket: 98bz8EQagjHkECnCABB1
✅ Cliente conectado a WebSocket: jTLWgkjk_2yx1R95ABB2
✅ Cliente conectado a WebSocket: 7iFI_P4pCcDLLN5OABB4
❌ Cliente desconectado: 98bz8EQagjHkECnCABB1
❌ Cliente desconectado: 7iFI_P4pCcDLLN5OABB4
❌ Cliente desconectado: jTLWgkjk_2yx1R95ABB2
✅ Cliente conectado a WebSocket: 09pqRXdrBjrfNwv1ABB6
✅ Cliente conectado a WebSocket: DQ8omt28U2VVDVuqABB8
✅ Cliente conectado a WebSocket: VYl9U2X2I4-MLzMgABB-
❌ Cliente desconectado: 09pqRXdrBjrfNwv1ABB6
❌ Cliente desconectado: VYl9U2X2I4-MLzMgABB-
❌ Cliente desconectado: DQ8omt28U2VVDVuqABB8
✅ Cliente conectado a WebSocket: qUPaMVqNLGntBZNQABCB
✅ Cliente conectado a WebSocket: NRDDe0fmkBQGZS6fABCC
✅ Cliente conectado a WebSocket: Pi0Phx-s5aLrIPP-ABCE
❌ Cliente desconectado: qUPaMVqNLGntBZNQABCB
❌ Cliente desconectado: NRDDe0fmkBQGZS6fABCC
❌ Cliente desconectado: Pi0Phx-s5aLrIPP-ABCE
✅ Cliente conectado a WebSocket: ohvoVwAPIyOOHzK9ABCG
✅ Cliente conectado a WebSocket: PQikbOLnIIGPIj7qABCJ
✅ Cliente conectado a WebSocket: Gd04PyMobFqLM0gQABCK
❌ Cliente desconectado: ohvoVwAPIyOOHzK9ABCG
❌ Cliente desconectado: PQikbOLnIIGPIj7qABCJ
❌ Cliente desconectado: Gd04PyMobFqLM0gQABCK
✅ Cliente conectado a WebSocket: ftuOeld-bk--ItlxABCM
✅ Cliente conectado a WebSocket: do3crNrgBaYqQJ0AABCP
✅ Cliente conectado a WebSocket: -7Qhab8TytZFHsRoABCQ
❌ Cliente desconectado: ftuOeld-bk--ItlxABCM
❌ Cliente desconectado: -7Qhab8TytZFHsRoABCQ
❌ Cliente desconectado: do3crNrgBaYqQJ0AABCP
✅ Cliente conectado a WebSocket: -OZTAp1w-2U3nOP6ABCS
✅ Cliente conectado a WebSocket: lT3pi3KEOudOXI01ABCU
✅ Cliente conectado a WebSocket: fKIoeSCgoUgDFBhGABCW
❌ Cliente desconectado: -OZTAp1w-2U3nOP6ABCS
❌ Cliente desconectado: fKIoeSCgoUgDFBhGABCW
❌ Cliente desconectado: lT3pi3KEOudOXI01ABCU
✅ Cliente conectado a WebSocket: dV8cikQD7_XDzwgrABCZ
✅ Cliente conectado a WebSocket: rimyWA3LD8zDrY7pABCa
✅ Cliente conectado a WebSocket: JkZg7i8oXMNbBvGgABCc
❌ Cliente desconectado: dV8cikQD7_XDzwgrABCZ
❌ Cliente desconectado: JkZg7i8oXMNbBvGgABCc
❌ Cliente desconectado: rimyWA3LD8zDrY7pABCa
✅ Cliente conectado a WebSocket: Jv6lhyWS4pd_OtS5ABCf
✅ Cliente conectado a WebSocket: kRFCYWhjORndEaobABCg
✅ Cliente conectado a WebSocket: 3U6JovLiXT3UJVTTABCi
❌ Cliente desconectado: kRFCYWhjORndEaobABCg
❌ Cliente desconectado: Jv6lhyWS4pd_OtS5ABCf
❌ Cliente desconectado: 3U6JovLiXT3UJVTTABCi
✅ Cliente conectado a WebSocket: xHuCpDXEBgdyToYJABCm
✅ Cliente conectado a WebSocket: imxIuKoIz5yhIh0iABCn
✅ Cliente conectado a WebSocket: JaXuUV0G1u5dk0wWABCo
❌ Cliente desconectado: xHuCpDXEBgdyToYJABCm
❌ Cliente desconectado: imxIuKoIz5yhIh0iABCn
❌ Cliente desconectado: JaXuUV0G1u5dk0wWABCo
✅ Cliente conectado a WebSocket: 3rQ3hlqGcg6IaurmABCq
✅ Cliente conectado a WebSocket: igJgSUa80Wyo8dowABCt
✅ Cliente conectado a WebSocket: 7l0K9dRmYHGxUvHxABCu
❌ Cliente desconectado: 3rQ3hlqGcg6IaurmABCq
❌ Cliente desconectado: igJgSUa80Wyo8dowABCt
❌ Cliente desconectado: 7l0K9dRmYHGxUvHxABCu
✅ Cliente conectado a WebSocket: yTQDlcGv36QeodlBABCx
✅ Cliente conectado a WebSocket: sHlTzj3R_plT8diIABCy
✅ Cliente conectado a WebSocket: 8-oWKXPpvmsB5qbUABC0
❌ Cliente desconectado: yTQDlcGv36QeodlBABCx
❌ Cliente desconectado: sHlTzj3R_plT8diIABCy
❌ Cliente desconectado: 8-oWKXPpvmsB5qbUABC0
✅ Cliente conectado a WebSocket: SDpXqnoFVMJIMxGcABC3
✅ Cliente conectado a WebSocket: sRVh5DptEDt3AXFfABC4
✅ Cliente conectado a WebSocket: HV5xnF1Dsyv_TfzkABC6
❌ Cliente desconectado: SDpXqnoFVMJIMxGcABC3
❌ Cliente desconectado: HV5xnF1Dsyv_TfzkABC6
❌ Cliente desconectado: sRVh5DptEDt3AXFfABC4
✅ Cliente conectado a WebSocket: qWorxYtk462-9HuQABC9
✅ Cliente conectado a WebSocket: _aGUf8ZOA0pj2lMtABC-
✅ Cliente conectado a WebSocket: TxeqBY8pFok0-ZOYABDA
❌ Cliente desconectado: qWorxYtk462-9HuQABC9
❌ Cliente desconectado: _aGUf8ZOA0pj2lMtABC-
❌ Cliente desconectado: TxeqBY8pFok0-ZOYABDA
✅ Cliente conectado a WebSocket: SWTDKAYLojshIpaGABDD
✅ Cliente conectado a WebSocket: HZV5QZRvt0Wr9pIHABDE
✅ Cliente conectado a WebSocket: fWHcZLt_y1ELYlvCABDG
❌ Cliente desconectado: HZV5QZRvt0Wr9pIHABDE
❌ Cliente desconectado: fWHcZLt_y1ELYlvCABDG
❌ Cliente desconectado: SWTDKAYLojshIpaGABDD
✅ Cliente conectado a WebSocket: UV6bYH7E5sg6-ktdABDI
✅ Cliente conectado a WebSocket: Yy_zGRLKOVlWuve_ABDK
✅ Cliente conectado a WebSocket: FQ_Ovf7BGafdbXAIABDM
❌ Cliente desconectado: UV6bYH7E5sg6-ktdABDI
❌ Cliente desconectado: FQ_Ovf7BGafdbXAIABDM
❌ Cliente desconectado: Yy_zGRLKOVlWuve_ABDK
✅ Cliente conectado a WebSocket: MGFgqfQz9pp6_0E3ABDP
✅ Cliente conectado a WebSocket: 0gInTA9dSyErW5MDABDQ
✅ Cliente conectado a WebSocket: Ok0HsyX63ypownbDABDS
❌ Cliente desconectado: 0gInTA9dSyErW5MDABDQ
❌ Cliente desconectado: MGFgqfQz9pp6_0E3ABDP
❌ Cliente desconectado: Ok0HsyX63ypownbDABDS
✅ Cliente conectado a WebSocket: IKBclpD_2Dc6wyXrABDU
✅ Cliente conectado a WebSocket: 7oHNiXho_Pr2VHQTABDW
✅ Cliente conectado a WebSocket: KVgWZAVm9JKFUaylABDY
❌ Cliente desconectado: IKBclpD_2Dc6wyXrABDU
❌ Cliente desconectado: KVgWZAVm9JKFUaylABDY
❌ Cliente desconectado: 7oHNiXho_Pr2VHQTABDW
✅ Cliente conectado a WebSocket: aGaHB-KGJaZFB8clABDa
✅ Cliente conectado a WebSocket: Ni8Goqi26nkeqBdAABDc
✅ Cliente conectado a WebSocket: GcEZQOE2qQMFY149ABDe
❌ Cliente desconectado: aGaHB-KGJaZFB8clABDa
❌ Cliente desconectado: GcEZQOE2qQMFY149ABDe
❌ Cliente desconectado: Ni8Goqi26nkeqBdAABDc
✅ Cliente conectado a WebSocket: -vneVvR5BbQee7NZABDi
✅ Cliente conectado a WebSocket: DN64hJXa5lj6RAlcABDj
✅ Cliente conectado a WebSocket: cDpjuYKg3BufI9WiABDk
❌ Cliente desconectado: DN64hJXa5lj6RAlcABDj
❌ Cliente desconectado: -vneVvR5BbQee7NZABDi
❌ Cliente desconectado: cDpjuYKg3BufI9WiABDk
✅ Cliente conectado a WebSocket: 1XHL0yfiLv1ylxSSABDn
✅ Cliente conectado a WebSocket: 0wU2JBoWpyrZ29B-ABDp
✅ Cliente conectado a WebSocket: l2fkjzoe-lZ6SooCABDq
❌ Cliente desconectado: 0wU2JBoWpyrZ29B-ABDp
❌ Cliente desconectado: 1XHL0yfiLv1ylxSSABDn
✅ Cliente conectado a WebSocket: lABY6q3KIMaxjkKsABDs
✅ Cliente conectado a WebSocket: SdAYoBbH3_6fjqmaABDu
❌ Cliente desconectado: l2fkjzoe-lZ6SooCABDq
❌ Cliente desconectado: lABY6q3KIMaxjkKsABDs
❌ Cliente desconectado: SdAYoBbH3_6fjqmaABDu
✅ Cliente conectado a WebSocket: _dyDk7jCg10g75X7ABDw
✅ Cliente conectado a WebSocket: Cy4dqj0kG3jqE9nXABDy
✅ Cliente conectado a WebSocket: JCh3AvVnfRrsgy6qABD0
❌ Cliente desconectado: _dyDk7jCg10g75X7ABDw
❌ Cliente desconectado: Cy4dqj0kG3jqE9nXABDy
❌ Cliente desconectado: JCh3AvVnfRrsgy6qABD0
✅ Cliente conectado a WebSocket: a6C5qrrBjXTdoxdhABD3
✅ Cliente conectado a WebSocket: tqU92nQuBcipKjpXABD4
✅ Cliente conectado a WebSocket: ScDESK_CWWTIS0wpABD6
❌ Cliente desconectado: tqU92nQuBcipKjpXABD4
❌ Cliente desconectado: a6C5qrrBjXTdoxdhABD3
❌ Cliente desconectado: ScDESK_CWWTIS0wpABD6
✅ Cliente conectado a WebSocket: ZRcerPNP4776yD4tABD8
✅ Cliente conectado a WebSocket: AMmXjLYYhH_AmmAlABD_
✅ Cliente conectado a WebSocket: LecTj0vAYH0oSR6xABEA
❌ Cliente desconectado: ZRcerPNP4776yD4tABD8
❌ Cliente desconectado: AMmXjLYYhH_AmmAlABD_
❌ Cliente desconectado: LecTj0vAYH0oSR6xABEA
✅ Cliente conectado a WebSocket: UuFyvJ_aKrGlDJFHABEE
✅ Cliente conectado a WebSocket: i9X11hXOM5x0eZO8ABEF
✅ Cliente conectado a WebSocket: GT3fmePFslUqQwCWABEG
❌ Cliente desconectado: i9X11hXOM5x0eZO8ABEF
❌ Cliente desconectado: UuFyvJ_aKrGlDJFHABEE
❌ Cliente desconectado: GT3fmePFslUqQwCWABEG
✅ Cliente conectado a WebSocket: y_9ZFeCfH5BEEJfOABEJ
✅ Cliente conectado a WebSocket: ntMlcFLNaez8N32GABEK
✅ Cliente conectado a WebSocket: 3ksm26MIDMBozoCfABEM
❌ Cliente desconectado: y_9ZFeCfH5BEEJfOABEJ
❌ Cliente desconectado: ntMlcFLNaez8N32GABEK
❌ Cliente desconectado: 3ksm26MIDMBozoCfABEM
✅ Cliente conectado a WebSocket: sAYm62Y8c_eaky8TABEO
✅ Cliente conectado a WebSocket: KYF1MtAAUJ-qdO4bABEQ
✅ Cliente conectado a WebSocket: N0_RbibF_fLbV8XWABES
❌ Cliente desconectado: sAYm62Y8c_eaky8TABEO
❌ Cliente desconectado: KYF1MtAAUJ-qdO4bABEQ
❌ Cliente desconectado: N0_RbibF_fLbV8XWABES
✅ Cliente conectado a WebSocket: 7Lqr6U4wK95k5nYMABEV
✅ Cliente conectado a WebSocket: yARcWPWHNBbpCGSaABEW
✅ Cliente conectado a WebSocket: NbRXA5KP1J_3X8SyABEY
❌ Cliente desconectado: 7Lqr6U4wK95k5nYMABEV
❌ Cliente desconectado: NbRXA5KP1J_3X8SyABEY
❌ Cliente desconectado: yARcWPWHNBbpCGSaABEW
✅ Cliente conectado a WebSocket: OUvUWOneqeBlCwzEABEa
✅ Cliente conectado a WebSocket: eZWczrsBqOzqdqhOABEd
✅ Cliente conectado a WebSocket: Y7krQIjQYbxQxjqBABEe
❌ Cliente desconectado: OUvUWOneqeBlCwzEABEa
❌ Cliente desconectado: Y7krQIjQYbxQxjqBABEe
❌ Cliente desconectado: eZWczrsBqOzqdqhOABEd
✅ Cliente conectado a WebSocket: rb5KiZkDBFAvpr9LABEi
✅ Cliente conectado a WebSocket: Rl_BdLDlVahlHDfFABEj
✅ Cliente conectado a WebSocket: lN0i3BEel_Kkp1m9ABEk
❌ Cliente desconectado: Rl_BdLDlVahlHDfFABEj
❌ Cliente desconectado: rb5KiZkDBFAvpr9LABEi
❌ Cliente desconectado: lN0i3BEel_Kkp1m9ABEk
✅ Cliente conectado a WebSocket: TZ59eCMvlicgY9leABEm
✅ Cliente conectado a WebSocket: CDanwOiIZa5cVIBAABEp
✅ Cliente conectado a WebSocket: OZz499jEr99CUje_ABEq
❌ Cliente desconectado: TZ59eCMvlicgY9leABEm
❌ Cliente desconectado: CDanwOiIZa5cVIBAABEp
❌ Cliente desconectado: OZz499jEr99CUje_ABEq
✅ Cliente conectado a WebSocket: Wl5aJ9a0IRavwzCiABEt
✅ Cliente conectado a WebSocket: DkopyWxU6dw-MLVhABEv
✅ Cliente conectado a WebSocket: BCpXaGuqY8hqYxE8ABEw
❌ Cliente desconectado: Wl5aJ9a0IRavwzCiABEt
❌ Cliente desconectado: DkopyWxU6dw-MLVhABEv
❌ Cliente desconectado: BCpXaGuqY8hqYxE8ABEw
✅ Cliente conectado a WebSocket: AjMao-ply9ZBjxDTABEz
✅ Cliente conectado a WebSocket: R-89UGGZCj9hXbaXABE0
✅ Cliente conectado a WebSocket: WjTUh9ucHWAOBzWwABE2
❌ Cliente desconectado: AjMao-ply9ZBjxDTABEz
❌ Cliente desconectado: R-89UGGZCj9hXbaXABE0
❌ Cliente desconectado: WjTUh9ucHWAOBzWwABE2
✅ Cliente conectado a WebSocket: ircU8-p3Rb1WvoCuABE5
✅ Cliente conectado a WebSocket: Ga6Gy-5-Rqx0tYzfABE6
✅ Cliente conectado a WebSocket: VxkKpmbe4itS8mByABE8
❌ Cliente desconectado: ircU8-p3Rb1WvoCuABE5
❌ Cliente desconectado: Ga6Gy-5-Rqx0tYzfABE6
❌ Cliente desconectado: VxkKpmbe4itS8mByABE8
✅ Cliente conectado a WebSocket: yvwxSkiyWmx4HrrpABE-
✅ Cliente conectado a WebSocket: Uy65HG43tBQKwRHDABFA
✅ Cliente conectado a WebSocket: _jTGEY33KxRuP8dJABFC
❌ Cliente desconectado: yvwxSkiyWmx4HrrpABE-
❌ Cliente desconectado: Uy65HG43tBQKwRHDABFA
❌ Cliente desconectado: _jTGEY33KxRuP8dJABFC
✅ Cliente conectado a WebSocket: 1YPb_HuOvp5UXWjqABFE
✅ Cliente conectado a WebSocket: R5MbslLLxSPzkXWbABFH
✅ Cliente conectado a WebSocket: BZxlB4hPBNCXYcsqABFI
❌ Cliente desconectado: 1YPb_HuOvp5UXWjqABFE
❌ Cliente desconectado: BZxlB4hPBNCXYcsqABFI
❌ Cliente desconectado: R5MbslLLxSPzkXWbABFH
✅ Cliente conectado a WebSocket: o5UKsF1F00O8UZ-oABFK
✅ Cliente conectado a WebSocket: xh5xrWDRyPjOC81SABFN
✅ Cliente conectado a WebSocket: iQ3YJtIkArbn5wluABFO
❌ Cliente desconectado: o5UKsF1F00O8UZ-oABFK
❌ Cliente desconectado: xh5xrWDRyPjOC81SABFN
❌ Cliente desconectado: iQ3YJtIkArbn5wluABFO
✅ Cliente conectado a WebSocket: JZquu9ouoSVqkkmMABFR
✅ Cliente conectado a WebSocket: IM9LOEtoV5-UbSuyABFS
✅ Cliente conectado a WebSocket: egLAYaSoNRT7wZCkABFU
❌ Cliente desconectado: IM9LOEtoV5-UbSuyABFS
❌ Cliente desconectado: JZquu9ouoSVqkkmMABFR
❌ Cliente desconectado: egLAYaSoNRT7wZCkABFU
✅ Cliente conectado a WebSocket: a0Aigdc-zDn0MQB4ABFX
✅ Cliente conectado a WebSocket: etYuIkABQ5Cm3AfhABFY
✅ Cliente conectado a WebSocket: 21T4lM-UkpFf3lmWABFa
❌ Cliente desconectado: a0Aigdc-zDn0MQB4ABFX
❌ Cliente desconectado: etYuIkABQ5Cm3AfhABFY
❌ Cliente desconectado: 21T4lM-UkpFf3lmWABFa
✅ Cliente conectado a WebSocket: VpklEyWLI4vwL7yrABFc
✅ Cliente conectado a WebSocket: BZsHooqC1Ig3QmfVABFe
✅ Cliente conectado a WebSocket: BNQtCNSYoaXk3DHbABFg
❌ Cliente desconectado: BZsHooqC1Ig3QmfVABFe
❌ Cliente desconectado: VpklEyWLI4vwL7yrABFc
❌ Cliente desconectado: BNQtCNSYoaXk3DHbABFg
✅ Cliente conectado a WebSocket: nk8JjYnBTtg-hYQDABFi
✅ Cliente conectado a WebSocket: qqHOb9zO4MwshgLcABFk
✅ Cliente conectado a WebSocket: qUwDYsbDBfzwldTtABFm
❌ Cliente desconectado: nk8JjYnBTtg-hYQDABFi
❌ Cliente desconectado: qqHOb9zO4MwshgLcABFk
❌ Cliente desconectado: qUwDYsbDBfzwldTtABFm
✅ Cliente conectado a WebSocket: XZXJqdXV0ukZUC21ABFp
✅ Cliente conectado a WebSocket: SCVTzjNdd2ndm2OvABFq
✅ Cliente conectado a WebSocket: jMhq2ECQUdQT1_wbABFs
❌ Cliente desconectado: XZXJqdXV0ukZUC21ABFp
❌ Cliente desconectado: jMhq2ECQUdQT1_wbABFs
❌ Cliente desconectado: SCVTzjNdd2ndm2OvABFq
✅ Cliente conectado a WebSocket: odMpzA4PEXlh22itABFu
✅ Cliente conectado a WebSocket: HxRCV0cVPdJn8o2OABFx
✅ Cliente conectado a WebSocket: 0X0KYE3JUddwmYaqABFy
❌ Cliente desconectado: odMpzA4PEXlh22itABFu
❌ Cliente desconectado: HxRCV0cVPdJn8o2OABFx
❌ Cliente desconectado: 0X0KYE3JUddwmYaqABFy
✅ Cliente conectado a WebSocket: dwNT2-AMv7mFrSDPABF0
✅ Cliente conectado a WebSocket: tx5QW88OkeHAfaY8ABF2
✅ Cliente conectado a WebSocket: aO0vXCcr5WWfPhPZABF4
❌ Cliente desconectado: aO0vXCcr5WWfPhPZABF4
❌ Cliente desconectado: tx5QW88OkeHAfaY8ABF2
❌ Cliente desconectado: dwNT2-AMv7mFrSDPABF0
✅ Cliente conectado a WebSocket: XWMdWHgUG2oR7AM8ABF7
✅ Cliente conectado a WebSocket: OZ-1iFjtfaKB7ZOuABF8
✅ Cliente conectado a WebSocket: 3K6o06QkDbTR-MVyABF-
❌ Cliente desconectado: XWMdWHgUG2oR7AM8ABF7
❌ Cliente desconectado: OZ-1iFjtfaKB7ZOuABF8
❌ Cliente desconectado: 3K6o06QkDbTR-MVyABF-
✅ Cliente conectado a WebSocket: aeuULr9I8ueDXOhxABGC
✅ Cliente conectado a WebSocket: 3sg5QxbY_MENB5WgABGD
✅ Cliente conectado a WebSocket: -mOMygnAVxfQaNSBABGE
❌ Cliente desconectado: -mOMygnAVxfQaNSBABGE
❌ Cliente desconectado: 3sg5QxbY_MENB5WgABGD
❌ Cliente desconectado: aeuULr9I8ueDXOhxABGC
✅ Cliente conectado a WebSocket: oS1SJmwxzIpFPtnUABGH
✅ Cliente conectado a WebSocket: CUv1f9COulYEneR3ABGI
✅ Cliente conectado a WebSocket: DBcak8AyYRuB2LC-ABGK
❌ Cliente desconectado: CUv1f9COulYEneR3ABGI
❌ Cliente desconectado: DBcak8AyYRuB2LC-ABGK
❌ Cliente desconectado: oS1SJmwxzIpFPtnUABGH
✅ Cliente conectado a WebSocket: fzgiTQkzJqYUTJuMABGM
✅ Cliente conectado a WebSocket: 88Zqs3MAWOy6HxneABGP
✅ Cliente conectado a WebSocket: WdEMK1pQ7JM9HOmMABGQ
❌ Cliente desconectado: fzgiTQkzJqYUTJuMABGM
❌ Cliente desconectado: 88Zqs3MAWOy6HxneABGP
❌ Cliente desconectado: WdEMK1pQ7JM9HOmMABGQ
✅ Cliente conectado a WebSocket: dnLcsalpDzL_jziJABGS
✅ Cliente conectado a WebSocket: hSHnuRqAJkEiw18uABGV
✅ Cliente conectado a WebSocket: dHOTf04veTqRol-3ABGW
❌ Cliente desconectado: dnLcsalpDzL_jziJABGS
❌ Cliente desconectado: hSHnuRqAJkEiw18uABGV
❌ Cliente desconectado: dHOTf04veTqRol-3ABGW
✅ Cliente conectado a WebSocket: tRyPTfODyxpWRL5wABGa
✅ Cliente conectado a WebSocket: NGEudFNFV6JMNC_tABGb
✅ Cliente conectado a WebSocket: kCT8oVCWIg-re-r9ABGc
❌ Cliente desconectado: tRyPTfODyxpWRL5wABGa
❌ Cliente desconectado: NGEudFNFV6JMNC_tABGb
❌ Cliente desconectado: kCT8oVCWIg-re-r9ABGc
✅ Cliente conectado a WebSocket: ScTijmpyfBKoFnw7ABGe
✅ Cliente conectado a WebSocket: QtADlN1bFeRREb2gABGh
✅ Cliente conectado a WebSocket: f2xsqtxbWtc8mGkfABGi
❌ Cliente desconectado: ScTijmpyfBKoFnw7ABGe
❌ Cliente desconectado: QtADlN1bFeRREb2gABGh
❌ Cliente desconectado: f2xsqtxbWtc8mGkfABGi
✅ Cliente conectado a WebSocket: v6q13QjxfgKKM2CbABGl
✅ Cliente conectado a WebSocket: e0w6vRpjPdHVHR6tABGm
✅ Cliente conectado a WebSocket: OEoy8x3hNEDWggV4ABGo
❌ Cliente desconectado: e0w6vRpjPdHVHR6tABGm
❌ Cliente desconectado: v6q13QjxfgKKM2CbABGl
❌ Cliente desconectado: OEoy8x3hNEDWggV4ABGo
✅ Cliente conectado a WebSocket: DZXNIanVxzkhaavpABGr
✅ Cliente conectado a WebSocket: MYIHQvvux5lOD9WzABGt
✅ Cliente conectado a WebSocket: qLSvb8f6m7ilGoUDABGu
❌ Cliente desconectado: DZXNIanVxzkhaavpABGr
❌ Cliente desconectado: MYIHQvvux5lOD9WzABGt
❌ Cliente desconectado: qLSvb8f6m7ilGoUDABGu
✅ Cliente conectado a WebSocket: NKhFI_UC25sfcbDlABGw
✅ Cliente conectado a WebSocket: GjrYNZ7H6uM73NICABGy
✅ Cliente conectado a WebSocket: zy-EZtHf97LbbkpWABG0
❌ Cliente desconectado: NKhFI_UC25sfcbDlABGw
❌ Cliente desconectado: GjrYNZ7H6uM73NICABGy
❌ Cliente desconectado: zy-EZtHf97LbbkpWABG0
✅ Cliente conectado a WebSocket: A2xcIXQNyu6lSaOFABG2
✅ Cliente conectado a WebSocket: VQ3QCxxNM6VKHMniABG5
✅ Cliente conectado a WebSocket: OVnUeHoZBV6bYfYtABG6
❌ Cliente desconectado: A2xcIXQNyu6lSaOFABG2
❌ Cliente desconectado: VQ3QCxxNM6VKHMniABG5
❌ Cliente desconectado: OVnUeHoZBV6bYfYtABG6
✅ Cliente conectado a WebSocket: aFx3QyATUy0cleZNABG9
✅ Cliente conectado a WebSocket: rSh0KWWS_J6i3bcXABG-
✅ Cliente conectado a WebSocket: g6HkRyIMI1kWqeo4ABHA
❌ Cliente desconectado: aFx3QyATUy0cleZNABG9
❌ Cliente desconectado: rSh0KWWS_J6i3bcXABG-
❌ Cliente desconectado: g6HkRyIMI1kWqeo4ABHA
✅ Cliente conectado a WebSocket: tAoHLninMr9uoScRABHC
✅ Cliente conectado a WebSocket: yCr67OmmmUhltQDgABHF
✅ Cliente conectado a WebSocket: EK0KjNm7pSwyz5onABHG
❌ Cliente desconectado: tAoHLninMr9uoScRABHC
❌ Cliente desconectado: yCr67OmmmUhltQDgABHF
❌ Cliente desconectado: EK0KjNm7pSwyz5onABHG
✅ Cliente conectado a WebSocket: BxNCHb446XhrME5ZABHI
✅ Cliente conectado a WebSocket: O4hdoZ3aT_iI4FbJABHL
✅ Cliente conectado a WebSocket: rWYtPA0VNT7NkkW3ABHM
❌ Cliente desconectado: BxNCHb446XhrME5ZABHI
❌ Cliente desconectado: O4hdoZ3aT_iI4FbJABHL
❌ Cliente desconectado: rWYtPA0VNT7NkkW3ABHM
✅ Cliente conectado a WebSocket: dT66IiDN8u-bUx71ABHO
✅ Cliente conectado a WebSocket: fTr4TEhTVAeUi6eJABHQ
✅ Cliente conectado a WebSocket: WnTnqb1nFDZ9mI4vABHS
❌ Cliente desconectado: dT66IiDN8u-bUx71ABHO
❌ Cliente desconectado: fTr4TEhTVAeUi6eJABHQ
❌ Cliente desconectado: WnTnqb1nFDZ9mI4vABHS
✅ Cliente conectado a WebSocket: bAPnWKbZ4ZfoMWX7ABHU
✅ Cliente conectado a WebSocket: hPelQmWpnuMTZY9VABHX
✅ Cliente conectado a WebSocket: 0izt-LTzLZ3LHLBSABHY
❌ Cliente desconectado: bAPnWKbZ4ZfoMWX7ABHU
❌ Cliente desconectado: 0izt-LTzLZ3LHLBSABHY
❌ Cliente desconectado: hPelQmWpnuMTZY9VABHX
✅ Cliente conectado a WebSocket: aaav5EIsudcUFbdOABHb
✅ Cliente conectado a WebSocket: 5xyeWv4kXHG61R2QABHc
✅ Cliente conectado a WebSocket: PrU0I_QWOjdYbw-sABHe
❌ Cliente desconectado: aaav5EIsudcUFbdOABHb
❌ Cliente desconectado: 5xyeWv4kXHG61R2QABHc
❌ Cliente desconectado: PrU0I_QWOjdYbw-sABHe
✅ Cliente conectado a WebSocket: t_GpU7Siqqp4gRJDABHg
✅ Cliente conectado a WebSocket: TSaQ8BcD8Utfzi63ABHi
✅ Cliente conectado a WebSocket: ZlklarsS-TUJx47yABHk
❌ Cliente desconectado: t_GpU7Siqqp4gRJDABHg
❌ Cliente desconectado: TSaQ8BcD8Utfzi63ABHi
❌ Cliente desconectado: ZlklarsS-TUJx47yABHk
✅ Cliente conectado a WebSocket: HwbGtp9foUAMeRrPABHo
✅ Cliente conectado a WebSocket: 3Tslp82DxvqYbk7BABHp
✅ Cliente conectado a WebSocket: 7O3AubRsYuORsaQFABHq
❌ Cliente desconectado: 7O3AubRsYuORsaQFABHq
❌ Cliente desconectado: 3Tslp82DxvqYbk7BABHp
❌ Cliente desconectado: HwbGtp9foUAMeRrPABHo
✅ Cliente conectado a WebSocket: 0BcJR8Ch7eLGM3gPABHu
✅ Cliente conectado a WebSocket: ZLvq0yJab72acC3CABHv
✅ Cliente conectado a WebSocket: mqT2N4lx6ZPxrpuxABHw
❌ Cliente desconectado: mqT2N4lx6ZPxrpuxABHw
❌ Cliente desconectado: 0BcJR8Ch7eLGM3gPABHu
❌ Cliente desconectado: ZLvq0yJab72acC3CABHv
✅ Cliente conectado a WebSocket: -XCl8EDGUAK3A86VABHy
✅ Cliente conectado a WebSocket: W-LAehcfnJ2smOm6ABH1
✅ Cliente conectado a WebSocket: Su4lnyUw1EdH6q_SABH2
❌ Cliente desconectado: -XCl8EDGUAK3A86VABHy
❌ Cliente desconectado: W-LAehcfnJ2smOm6ABH1
❌ Cliente desconectado: Su4lnyUw1EdH6q_SABH2
✅ Cliente conectado a WebSocket: p28LBnRB9K3_7GK1ABH5
✅ Cliente conectado a WebSocket: LZj5DWwDCd1XRwFtABH6
✅ Cliente conectado a WebSocket: mLQcKI1lkOWcYRNnABH8
❌ Cliente desconectado: p28LBnRB9K3_7GK1ABH5
❌ Cliente desconectado: LZj5DWwDCd1XRwFtABH6
❌ Cliente desconectado: mLQcKI1lkOWcYRNnABH8
✅ Cliente conectado a WebSocket: LngF2nQVUi6Fi_ixABH_
✅ Cliente conectado a WebSocket: zA5BC-uHN_nTk4qVABIA
✅ Cliente conectado a WebSocket: GyFHhjPXI7xFNJ1WABIC
❌ Cliente desconectado: LngF2nQVUi6Fi_ixABH_
❌ Cliente desconectado: GyFHhjPXI7xFNJ1WABIC
❌ Cliente desconectado: zA5BC-uHN_nTk4qVABIA
✅ Cliente conectado a WebSocket: EbdOkyeDFLJ2-H4XABIE
✅ Cliente conectado a WebSocket: e9wuSJMcWs1u2yZXABIH
✅ Cliente conectado a WebSocket: Me2ait-x0tqR3uwEABII
❌ Cliente desconectado: EbdOkyeDFLJ2-H4XABIE
❌ Cliente desconectado: Me2ait-x0tqR3uwEABII
❌ Cliente desconectado: e9wuSJMcWs1u2yZXABIH
✅ Cliente conectado a WebSocket: 2zWFHoXJEjr8TLXxABIK
✅ Cliente conectado a WebSocket: i7ZSgKMp7YXVU687ABIN
✅ Cliente conectado a WebSocket: Wi_-NatdcP8qJynmABIO
❌ Cliente desconectado: 2zWFHoXJEjr8TLXxABIK
❌ Cliente desconectado: Wi_-NatdcP8qJynmABIO
❌ Cliente desconectado: i7ZSgKMp7YXVU687ABIN
✅ Cliente conectado a WebSocket: XVcW_5wb3Bb7CMgoABIQ
✅ Cliente conectado a WebSocket: mdJEjJEjdvUtPCMkABIS
✅ Cliente conectado a WebSocket: Y_opxCHsz2dDE4dQABIU
❌ Cliente desconectado: XVcW_5wb3Bb7CMgoABIQ
❌ Cliente desconectado: Y_opxCHsz2dDE4dQABIU
❌ Cliente desconectado: mdJEjJEjdvUtPCMkABIS
✅ Cliente conectado a WebSocket: V73c7xJy6Xj8H_sBABIY
✅ Cliente conectado a WebSocket: 8IQ8sz8MrkbNxq_3ABIZ
✅ Cliente conectado a WebSocket: C6tQ1xJWYxQgeBmDABIa
❌ Cliente desconectado: C6tQ1xJWYxQgeBmDABIa
❌ Cliente desconectado: 8IQ8sz8MrkbNxq_3ABIZ
❌ Cliente desconectado: V73c7xJy6Xj8H_sBABIY
✅ Cliente conectado a WebSocket: Tihqni5miNVd9-2CABIc
✅ Cliente conectado a WebSocket: Olf4H9AMCBXNA5MGABIf
✅ Cliente conectado a WebSocket: 7QsZnA_gxFH_vu-FABIg
❌ Cliente desconectado: Tihqni5miNVd9-2CABIc
❌ Cliente desconectado: 7QsZnA_gxFH_vu-FABIg
❌ Cliente desconectado: Olf4H9AMCBXNA5MGABIf
✅ Cliente conectado a WebSocket: j-U5gCulDIthR0v6ABIk
✅ Cliente conectado a WebSocket: QuCrYXGfMff-URHuABIl
✅ Cliente conectado a WebSocket: G1S1FJ2DFdqQuh2bABIm
❌ Cliente desconectado: j-U5gCulDIthR0v6ABIk
❌ Cliente desconectado: G1S1FJ2DFdqQuh2bABIm
❌ Cliente desconectado: QuCrYXGfMff-URHuABIl
✅ Cliente conectado a WebSocket: EL2BI3AlIT-1qQSiABIo
✅ Cliente conectado a WebSocket: PLdzE1t96Psd-3W6ABIq
✅ Cliente conectado a WebSocket: lWhTcwGi96En1XzDABIs
❌ Cliente desconectado: EL2BI3AlIT-1qQSiABIo
❌ Cliente desconectado: lWhTcwGi96En1XzDABIs
❌ Cliente desconectado: PLdzE1t96Psd-3W6ABIq
✅ Cliente conectado a WebSocket: BB7Xjz9YDe-Yj2EqABIu
✅ Cliente conectado a WebSocket: gbBI6eLLX5ho8wz4ABIw
✅ Cliente conectado a WebSocket: VTWryjzbk3QNTCqdABIy
❌ Cliente desconectado: BB7Xjz9YDe-Yj2EqABIu
❌ Cliente desconectado: gbBI6eLLX5ho8wz4ABIw
❌ Cliente desconectado: VTWryjzbk3QNTCqdABIy
✅ Cliente conectado a WebSocket: MkeMV43gkrpQU9bkABI2
✅ Cliente conectado a WebSocket: xw5l_6SigRprXaENABI3
✅ Cliente conectado a WebSocket: lcV2k5FL0efhbFV8ABI4
❌ Cliente desconectado: lcV2k5FL0efhbFV8ABI4
❌ Cliente desconectado: xw5l_6SigRprXaENABI3
❌ Cliente desconectado: MkeMV43gkrpQU9bkABI2
✅ Cliente conectado a WebSocket: k9LDCaJz6_qejlGPABI7
✅ Cliente conectado a WebSocket: lhAOKGcV8PGmHc-XABI8
✅ Cliente conectado a WebSocket: jIlw3b8LltKDBwo9ABI-
❌ Cliente desconectado: jIlw3b8LltKDBwo9ABI-
❌ Cliente desconectado: lhAOKGcV8PGmHc-XABI8
❌ Cliente desconectado: k9LDCaJz6_qejlGPABI7
✅ Cliente conectado a WebSocket: pt5R4YVmk86VIPyIABJC
✅ Cliente conectado a WebSocket: 9WBhSok0qFEWhJlvABJD
✅ Cliente conectado a WebSocket: zjrL31m54vNxE24TABJE
❌ Cliente desconectado: pt5R4YVmk86VIPyIABJC
❌ Cliente desconectado: zjrL31m54vNxE24TABJE
❌ Cliente desconectado: 9WBhSok0qFEWhJlvABJD
✅ Cliente conectado a WebSocket: osp8Lx4xQnUV8WElABJH
✅ Cliente conectado a WebSocket: cxi7YUHbSTi8ebtoABJI
✅ Cliente conectado a WebSocket: 4YSGAmhlGwXrIdJNABJK
❌ Cliente desconectado: cxi7YUHbSTi8ebtoABJI
❌ Cliente desconectado: osp8Lx4xQnUV8WElABJH
❌ Cliente desconectado: 4YSGAmhlGwXrIdJNABJK
✅ Cliente conectado a WebSocket: Cf9jrXlU-7zwo8ChABJN
✅ Cliente conectado a WebSocket: eUOa6h-4zb8vToXYABJO
✅ Cliente conectado a WebSocket: GrF1SwdnjtbofnCmABJQ
❌ Cliente desconectado: eUOa6h-4zb8vToXYABJO
❌ Cliente desconectado: Cf9jrXlU-7zwo8ChABJN
❌ Cliente desconectado: GrF1SwdnjtbofnCmABJQ
✅ Cliente conectado a WebSocket: WZbwqzPxSO-wqMC-ABJS
✅ Cliente conectado a WebSocket: Y53sGO-Ei1IGZ_I5ABJU
✅ Cliente conectado a WebSocket: CPptzLFcS8tn7jOfABJW
❌ Cliente desconectado: WZbwqzPxSO-wqMC-ABJS
❌ Cliente desconectado: Y53sGO-Ei1IGZ_I5ABJU
❌ Cliente desconectado: CPptzLFcS8tn7jOfABJW
✅ Cliente conectado a WebSocket: 3FxE6Z92I9CNPl5kABJa
✅ Cliente conectado a WebSocket: ZIStdO4qlZEnQHgeABJb
✅ Cliente conectado a WebSocket: 0nEK-6z2nm_zBe1tABJc
❌ Cliente desconectado: 0nEK-6z2nm_zBe1tABJc
❌ Cliente desconectado: 3FxE6Z92I9CNPl5kABJa
❌ Cliente desconectado: ZIStdO4qlZEnQHgeABJb
✅ Cliente conectado a WebSocket: r2QrQwPJCPEPHpEfABJe
✅ Cliente conectado a WebSocket: zsg8pmtRv7LGOpb6ABJh
✅ Cliente conectado a WebSocket: en6yh4I3YslhYngqABJi
❌ Cliente desconectado: r2QrQwPJCPEPHpEfABJe
❌ Cliente desconectado: en6yh4I3YslhYngqABJi
❌ Cliente desconectado: zsg8pmtRv7LGOpb6ABJh
✅ Cliente conectado a WebSocket: pFssVL4hI7a1E40NABJl
✅ Cliente conectado a WebSocket: TlQy3JS7Hoj2X1ZPABJm
✅ Cliente conectado a WebSocket: IsPm8Z-OVeUDle6RABJo
❌ Cliente desconectado: pFssVL4hI7a1E40NABJl
❌ Cliente desconectado: TlQy3JS7Hoj2X1ZPABJm
❌ Cliente desconectado: IsPm8Z-OVeUDle6RABJo
✅ Cliente conectado a WebSocket: 1fVo-IPtBXhslBt7ABJq
✅ Cliente conectado a WebSocket: D8AEo3KDj8uXBd7AABJt
✅ Cliente conectado a WebSocket: GEqQGimB3kImjCvtABJu
❌ Cliente desconectado: 1fVo-IPtBXhslBt7ABJq
❌ Cliente desconectado: D8AEo3KDj8uXBd7AABJt
❌ Cliente desconectado: GEqQGimB3kImjCvtABJu
✅ Cliente conectado a WebSocket: _VL0V2fcdpgULCttABJw
✅ Cliente conectado a WebSocket: ySaAaR20EeBtndAwABJz
✅ Cliente conectado a WebSocket: zLPyA236xLCo9iwJABJ0
❌ Cliente desconectado: _VL0V2fcdpgULCttABJw
❌ Cliente desconectado: ySaAaR20EeBtndAwABJz
❌ Cliente desconectado: zLPyA236xLCo9iwJABJ0
✅ Cliente conectado a WebSocket: Xt_u0XJsZZXkxie0ABJ2
✅ Cliente conectado a WebSocket: 0btUB3acVZHNgd-fABJ4
✅ Cliente conectado a WebSocket: OsU70PXPkejbztxvABJ6
❌ Cliente desconectado: Xt_u0XJsZZXkxie0ABJ2
❌ Cliente desconectado: 0btUB3acVZHNgd-fABJ4
❌ Cliente desconectado: OsU70PXPkejbztxvABJ6
✅ Cliente conectado a WebSocket: AkPLNm5X_7ON64z5ABJ9
✅ Cliente conectado a WebSocket: CZfZpHGE62mP-8NzABJ-
✅ Cliente conectado a WebSocket: QziKfSDd6gLFCzpLABKA
❌ Cliente desconectado: AkPLNm5X_7ON64z5ABJ9
❌ Cliente desconectado: CZfZpHGE62mP-8NzABJ-
❌ Cliente desconectado: QziKfSDd6gLFCzpLABKA
✅ Cliente conectado a WebSocket: ngrqPRe6vG7mw4X6ABKE
✅ Cliente conectado a WebSocket: s6_-TyRwrP24kVnQABKF
✅ Cliente conectado a WebSocket: wzXGHtiJ0iisZ-jEABKG
❌ Cliente desconectado: ngrqPRe6vG7mw4X6ABKE
❌ Cliente desconectado: s6_-TyRwrP24kVnQABKF
❌ Cliente desconectado: wzXGHtiJ0iisZ-jEABKG
✅ Cliente conectado a WebSocket: 9cMaBErLGPAFUaeWABKJ
✅ Cliente conectado a WebSocket: InOzxPH8A8kmOs2AABKL
✅ Cliente conectado a WebSocket: EBvs6FNS2k1fpHwkABKM
❌ Cliente desconectado: InOzxPH8A8kmOs2AABKL
❌ Cliente desconectado: 9cMaBErLGPAFUaeWABKJ
❌ Cliente desconectado: EBvs6FNS2k1fpHwkABKM
✅ Cliente conectado a WebSocket: 7UOEYLBSrpuFblPsABKO
✅ Cliente conectado a WebSocket: bOeJ6ZtnP1EzFkZGABKR
✅ Cliente conectado a WebSocket: vVD9bWsWxERxUhsEABKS
❌ Cliente desconectado: 7UOEYLBSrpuFblPsABKO
❌ Cliente desconectado: bOeJ6ZtnP1EzFkZGABKR
❌ Cliente desconectado: vVD9bWsWxERxUhsEABKS
✅ Cliente conectado a WebSocket: iXIfeJE_fPJCpHMDABKW
✅ Cliente conectado a WebSocket: ekXgwktuxzyHprCtABKX
✅ Cliente conectado a WebSocket: 9dccTb_hKNTbzJl1ABKY
❌ Cliente desconectado: 9dccTb_hKNTbzJl1ABKY
❌ Cliente desconectado: iXIfeJE_fPJCpHMDABKW
❌ Cliente desconectado: ekXgwktuxzyHprCtABKX
✅ Cliente conectado a WebSocket: ACVVyuKiU0htbRIfABKa
✅ Cliente conectado a WebSocket: Dw2O-pPbPn7KzyziABKc
✅ Cliente conectado a WebSocket: _eHYWCbgrH-WegOpABKe
❌ Cliente desconectado: ACVVyuKiU0htbRIfABKa
❌ Cliente desconectado: _eHYWCbgrH-WegOpABKe
❌ Cliente desconectado: Dw2O-pPbPn7KzyziABKc
✅ Cliente conectado a WebSocket: -aklgiMb1oCYEdYWABKg
✅ Cliente conectado a WebSocket: HvjsQn2wxx44ktm9ABKj
✅ Cliente conectado a WebSocket: c3cBbOYnHd8VjPGbABKk
❌ Cliente desconectado: -aklgiMb1oCYEdYWABKg
❌ Cliente desconectado: HvjsQn2wxx44ktm9ABKj
❌ Cliente desconectado: c3cBbOYnHd8VjPGbABKk
✅ Cliente conectado a WebSocket: rSxBgkctT9_20K0RABKo
✅ Cliente conectado a WebSocket: 2eWX8PvtVRqCXBqXABKp
✅ Cliente conectado a WebSocket: VRynijmHp9Pnm-o1ABKq
❌ Cliente desconectado: VRynijmHp9Pnm-o1ABKq
❌ Cliente desconectado: 2eWX8PvtVRqCXBqXABKp
❌ Cliente desconectado: rSxBgkctT9_20K0RABKo
✅ Cliente conectado a WebSocket: YPFj3RA0FFA1rIhZABKs
✅ Cliente conectado a WebSocket: ZkYc-XhnSWc595D6ABKv
✅ Cliente conectado a WebSocket: GSBx_23uE4tnDdfxABKw
❌ Cliente desconectado: YPFj3RA0FFA1rIhZABKs
❌ Cliente desconectado: GSBx_23uE4tnDdfxABKw
❌ Cliente desconectado: ZkYc-XhnSWc595D6ABKv
✅ Cliente conectado a WebSocket: fGvH7R4fhYZ2ziUCABKy
✅ Cliente conectado a WebSocket: moLM_LR6PiepFJnGABK1
✅ Cliente conectado a WebSocket: -IPZq6eIN812urUQABK2
❌ Cliente desconectado: -IPZq6eIN812urUQABK2
❌ Cliente desconectado: moLM_LR6PiepFJnGABK1
❌ Cliente desconectado: fGvH7R4fhYZ2ziUCABKy
✅ Cliente conectado a WebSocket: GWjjFcm5jD8Q8_6HABK5
✅ Cliente conectado a WebSocket: Bu45qjpqFs4fCcSfABK6
✅ Cliente conectado a WebSocket: 3Z0N2BJFMqBO-bZEABK8
❌ Cliente desconectado: Bu45qjpqFs4fCcSfABK6
❌ Cliente desconectado: GWjjFcm5jD8Q8_6HABK5
❌ Cliente desconectado: 3Z0N2BJFMqBO-bZEABK8
✅ Cliente conectado a WebSocket: oNZTQzq870RSPr7LABK_
✅ Cliente conectado a WebSocket: M5PVHrWA6rcEtqM6ABLA
✅ Cliente conectado a WebSocket: c-DVZ5Uy9717LVvwABLC
❌ Cliente desconectado: M5PVHrWA6rcEtqM6ABLA
❌ Cliente desconectado: c-DVZ5Uy9717LVvwABLC
❌ Cliente desconectado: oNZTQzq870RSPr7LABK_
✅ Cliente conectado a WebSocket: upy25pAgpalRNzfgABLE
✅ Cliente conectado a WebSocket: lI1HP4EwkqxFgZs0ABLH
✅ Cliente conectado a WebSocket: axrgQ4tgJKVx3minABLI
❌ Cliente desconectado: upy25pAgpalRNzfgABLE
❌ Cliente desconectado: lI1HP4EwkqxFgZs0ABLH
❌ Cliente desconectado: axrgQ4tgJKVx3minABLI
✅ Cliente conectado a WebSocket: hTJ2PpXWAi6e285bABLK
✅ Cliente conectado a WebSocket: ss-HVpl781eWZPZwABLN
✅ Cliente conectado a WebSocket: PV3GZs1dChWcyIWFABLO
❌ Cliente desconectado: hTJ2PpXWAi6e285bABLK
❌ Cliente desconectado: ss-HVpl781eWZPZwABLN
❌ Cliente desconectado: PV3GZs1dChWcyIWFABLO
✅ Cliente conectado a WebSocket: wcgkgSjuQfDCtPnBABLQ
✅ Cliente conectado a WebSocket: NKQkoq22mLh6KiOdABLS
✅ Cliente conectado a WebSocket: LSMeNczI8THdakQOABLU
❌ Cliente desconectado: wcgkgSjuQfDCtPnBABLQ
❌ Cliente desconectado: LSMeNczI8THdakQOABLU
❌ Cliente desconectado: NKQkoq22mLh6KiOdABLS
✅ Cliente conectado a WebSocket: xjETefOTIGsO0FZLABLY
✅ Cliente conectado a WebSocket: Z08sTB68LLlgNjKmABLZ
✅ Cliente conectado a WebSocket: TNvMC5sw4YFQN-aMABLa
❌ Cliente desconectado: xjETefOTIGsO0FZLABLY
❌ Cliente desconectado: TNvMC5sw4YFQN-aMABLa
❌ Cliente desconectado: Z08sTB68LLlgNjKmABLZ
✅ Cliente conectado a WebSocket: _mNHEnvlBTqEi1JYABLd
✅ Cliente conectado a WebSocket: 9HskfVQ2nqRmtLqaABLe
✅ Cliente conectado a WebSocket: 6p8iG1aPTfFFL6VGABLg
❌ Cliente desconectado: _mNHEnvlBTqEi1JYABLd
❌ Cliente desconectado: 6p8iG1aPTfFFL6VGABLg
❌ Cliente desconectado: 9HskfVQ2nqRmtLqaABLe
✅ Cliente conectado a WebSocket: nQ5meamg7sGdYVyKABLj
✅ Cliente conectado a WebSocket: EdL0F0cr_O-DqKZrABLk
✅ Cliente conectado a WebSocket: pBfjkaGDQ-TRO9RBABLm
❌ Cliente desconectado: nQ5meamg7sGdYVyKABLj
❌ Cliente desconectado: EdL0F0cr_O-DqKZrABLk
❌ Cliente desconectado: pBfjkaGDQ-TRO9RBABLm
✅ Cliente conectado a WebSocket: 9byLX029yB-US1mdABLo
✅ Cliente conectado a WebSocket: xW9io9CvCqQ0wIvPABLr
✅ Cliente conectado a WebSocket: 4RCv_3BJApyvd1moABLs
❌ Cliente desconectado: 9byLX029yB-US1mdABLo
❌ Cliente desconectado: xW9io9CvCqQ0wIvPABLr
❌ Cliente desconectado: 4RCv_3BJApyvd1moABLs
✅ Cliente conectado a WebSocket: Kvv7Gc-hbXOC9ZCyABLu
✅ Cliente conectado a WebSocket: E34Furb1ptJz9SY-ABLw
✅ Cliente conectado a WebSocket: N04kv80JMfUizRssABLy
❌ Cliente desconectado: N04kv80JMfUizRssABLy
❌ Cliente desconectado: E34Furb1ptJz9SY-ABLw
❌ Cliente desconectado: Kvv7Gc-hbXOC9ZCyABLu
✅ Cliente conectado a WebSocket: Wo28xWEtFRp18gidABL1
✅ Cliente conectado a WebSocket: v0h6xY7LUgJDwvkeABL2
✅ Cliente conectado a WebSocket: lHC-sd8Cth_g3I0MABL4
❌ Cliente desconectado: v0h6xY7LUgJDwvkeABL2
❌ Cliente desconectado: lHC-sd8Cth_g3I0MABL4
❌ Cliente desconectado: Wo28xWEtFRp18gidABL1
✅ Cliente conectado a WebSocket: zPOa-P-hGZ7YDNYDABL6
✅ Cliente conectado a WebSocket: Mv0Q9mUqBWa1MPG8ABL9
✅ Cliente conectado a WebSocket: -IHR1CMZ89o91PK-ABL-
❌ Cliente desconectado: zPOa-P-hGZ7YDNYDABL6
❌ Cliente desconectado: Mv0Q9mUqBWa1MPG8ABL9
❌ Cliente desconectado: -IHR1CMZ89o91PK-ABL-
✅ Cliente conectado a WebSocket: is8ZMQYAeiHrARi8ABMA
✅ Cliente conectado a WebSocket: LeCZoeA16VuEqf74ABMD
✅ Cliente conectado a WebSocket: dCJTwws790hpxJhcABME
❌ Cliente desconectado: is8ZMQYAeiHrARi8ABMA
❌ Cliente desconectado: LeCZoeA16VuEqf74ABMD
❌ Cliente desconectado: dCJTwws790hpxJhcABME
✅ Cliente conectado a WebSocket: c9omY35OQi3x6q5vABMG
✅ Cliente conectado a WebSocket: LG7XtSTe2R1fI81aABMJ
✅ Cliente conectado a WebSocket: eFppMqkQi8KuAIVlABMK
❌ Cliente desconectado: c9omY35OQi3x6q5vABMG
❌ Cliente desconectado: LG7XtSTe2R1fI81aABMJ
❌ Cliente desconectado: eFppMqkQi8KuAIVlABMK
✅ Cliente conectado a WebSocket: 3W88wpZXLNvmBMkkABMO
✅ Cliente conectado a WebSocket: _HzV9Lew4R9WlAlEABMP
✅ Cliente conectado a WebSocket: JiUh3BHpaezKoZ_BABMQ
❌ Cliente desconectado: JiUh3BHpaezKoZ_BABMQ
❌ Cliente desconectado: 3W88wpZXLNvmBMkkABMO
❌ Cliente desconectado: _HzV9Lew4R9WlAlEABMP
✅ Cliente conectado a WebSocket: YwVQP1giqVNMaKx-ABMS
✅ Cliente conectado a WebSocket: UYpIqJlJXg6agxGcABMV
✅ Cliente conectado a WebSocket: HQLfr8c33c1xFxxwABMW
❌ Cliente desconectado: YwVQP1giqVNMaKx-ABMS
❌ Cliente desconectado: UYpIqJlJXg6agxGcABMV
❌ Cliente desconectado: HQLfr8c33c1xFxxwABMW
✅ Cliente conectado a WebSocket: Rlo77-do19HrdXYGABMZ
✅ Cliente conectado a WebSocket: OIRM9Vl4dd8Oe2tpABMa
✅ Cliente conectado a WebSocket: 7AppR-svg1Sh1UfgABMc
❌ Cliente desconectado: Rlo77-do19HrdXYGABMZ
❌ Cliente desconectado: OIRM9Vl4dd8Oe2tpABMa
❌ Cliente desconectado: 7AppR-svg1Sh1UfgABMc
✅ Cliente conectado a WebSocket: U3XmFLtm6RBxjL8IABMe
✅ Cliente conectado a WebSocket: Ib59k72tSb_jXqFQABMh
✅ Cliente conectado a WebSocket: krAYSHpqR5JTs66_ABMi
❌ Cliente desconectado: U3XmFLtm6RBxjL8IABMe
❌ Cliente desconectado: Ib59k72tSb_jXqFQABMh
❌ Cliente desconectado: krAYSHpqR5JTs66_ABMi
✅ Cliente conectado a WebSocket: jkAqTAZwYWL5XsYuABMk
✅ Cliente conectado a WebSocket: d7rdRqwtcvguSlbkABMn
✅ Cliente conectado a WebSocket: rIJXuHcq9_l0bc9qABMo
❌ Cliente desconectado: jkAqTAZwYWL5XsYuABMk
❌ Cliente desconectado: d7rdRqwtcvguSlbkABMn
❌ Cliente desconectado: rIJXuHcq9_l0bc9qABMo
✅ Cliente conectado a WebSocket: m7BVRK04eEhlLzuVABMq
✅ Cliente conectado a WebSocket: 6pbVQm-wCneScxLEABMt
✅ Cliente conectado a WebSocket: co7-w2fA2CW3wIVDABMu
❌ Cliente desconectado: m7BVRK04eEhlLzuVABMq
❌ Cliente desconectado: 6pbVQm-wCneScxLEABMt
❌ Cliente desconectado: co7-w2fA2CW3wIVDABMu
✅ Cliente conectado a WebSocket: LJE0448JR7cBXdWKABMy
✅ Cliente conectado a WebSocket: C59kS4plba_eUmdtABMz
✅ Cliente conectado a WebSocket: wPjhq7luW8F3obL0ABM0
❌ Cliente desconectado: LJE0448JR7cBXdWKABMy
❌ Cliente desconectado: C59kS4plba_eUmdtABMz
❌ Cliente desconectado: wPjhq7luW8F3obL0ABM0
✅ Cliente conectado a WebSocket: 71GAtuBRZFj0wkdLABM2
✅ Cliente conectado a WebSocket: _xZqTipkg4HhYSOjABM5
✅ Cliente conectado a WebSocket: KMoXSJ-huqrtPFLDABM6
❌ Cliente desconectado: 71GAtuBRZFj0wkdLABM2
❌ Cliente desconectado: _xZqTipkg4HhYSOjABM5
❌ Cliente desconectado: KMoXSJ-huqrtPFLDABM6
✅ Cliente conectado a WebSocket: m2Fw0u8QaBAKt5p1ABM-
✅ Cliente conectado a WebSocket: zAGXUPBcLtIo60OmABM_
✅ Cliente conectado a WebSocket: KjNRnvn8mcpgOfu6ABNA
❌ Cliente desconectado: KjNRnvn8mcpgOfu6ABNA
❌ Cliente desconectado: m2Fw0u8QaBAKt5p1ABM-
❌ Cliente desconectado: zAGXUPBcLtIo60OmABM_
✅ Cliente conectado a WebSocket: VS3zV_uKiK8b_iVpABNC
✅ Cliente conectado a WebSocket: jo0UeiU-lEmT7oX0ABNE
✅ Cliente conectado a WebSocket: 6ZjymR5GrDbBM1suABNG
❌ Cliente desconectado: VS3zV_uKiK8b_iVpABNC
❌ Cliente desconectado: jo0UeiU-lEmT7oX0ABNE
❌ Cliente desconectado: 6ZjymR5GrDbBM1suABNG
✅ Cliente conectado a WebSocket: y_isR2yZx1E6J0NSABNJ
✅ Cliente conectado a WebSocket: Wu3OMOa1UVkTvqvtABNK
✅ Cliente conectado a WebSocket: oGtLgHm5F6caFu_4ABNM
❌ Cliente desconectado: Wu3OMOa1UVkTvqvtABNK
❌ Cliente desconectado: y_isR2yZx1E6J0NSABNJ
❌ Cliente desconectado: oGtLgHm5F6caFu_4ABNM
✅ Cliente conectado a WebSocket: FZ5Pbx8bBAPATiVuABNP
✅ Cliente conectado a WebSocket: vyY9UshYxZqJMKaoABNQ
✅ Cliente conectado a WebSocket: 7u8S9Pcmz4g2jvyuABNS
❌ Cliente desconectado: FZ5Pbx8bBAPATiVuABNP
❌ Cliente desconectado: vyY9UshYxZqJMKaoABNQ
❌ Cliente desconectado: 7u8S9Pcmz4g2jvyuABNS
✅ Cliente conectado a WebSocket: T0TffUMicQenfiZlABNV
✅ Cliente conectado a WebSocket: HS9HNN-wsXdZ04OBABNW
✅ Cliente conectado a WebSocket: tXEifTzgp3Mlz96QABNY
❌ Cliente desconectado: T0TffUMicQenfiZlABNV
❌ Cliente desconectado: HS9HNN-wsXdZ04OBABNW
❌ Cliente desconectado: tXEifTzgp3Mlz96QABNY
✅ Cliente conectado a WebSocket: CSiskpybAR_BOGZVABNa
✅ Cliente conectado a WebSocket: swd63SHUXTbkHeUZABNc
✅ Cliente conectado a WebSocket: CV7JyHIFzh_6Ze08ABNe
❌ Cliente desconectado: CSiskpybAR_BOGZVABNa
❌ Cliente desconectado: CV7JyHIFzh_6Ze08ABNe
❌ Cliente desconectado: swd63SHUXTbkHeUZABNc
✅ Cliente conectado a WebSocket: mP4Jnd_YPpRkKZiSABNh
✅ Cliente conectado a WebSocket: i19iZdxFHh00dgJFABNi
✅ Cliente conectado a WebSocket: 9fOuK6zmoEJwcJdPABNk
❌ Cliente desconectado: mP4Jnd_YPpRkKZiSABNh
❌ Cliente desconectado: i19iZdxFHh00dgJFABNi
❌ Cliente desconectado: 9fOuK6zmoEJwcJdPABNk
✅ Cliente conectado a WebSocket: AcDiGWuDUmyzyT4RABNo
✅ Cliente conectado a WebSocket: _64lcSjkbqSq3ajKABNp
✅ Cliente conectado a WebSocket: vPQ7AC75OUwslFpjABNq
❌ Cliente desconectado: AcDiGWuDUmyzyT4RABNo
❌ Cliente desconectado: vPQ7AC75OUwslFpjABNq
❌ Cliente desconectado: _64lcSjkbqSq3ajKABNp
✅ Cliente conectado a WebSocket: 2XFc9dI55YHMgtPPABNt
✅ Cliente conectado a WebSocket: BJB8oi5RKvjuHa0QABNu
✅ Cliente conectado a WebSocket: 4uWtixcy5vWMk1_LABNw
❌ Cliente desconectado: 2XFc9dI55YHMgtPPABNt
❌ Cliente desconectado: BJB8oi5RKvjuHa0QABNu
❌ Cliente desconectado: 4uWtixcy5vWMk1_LABNw
✅ Cliente conectado a WebSocket: UPumL8RdF14t51PlABNz
✅ Cliente conectado a WebSocket: nlD2a8cnmSB9x1AsABN0
✅ Cliente conectado a WebSocket: Y11hFbfZOYnn27vzABN2
❌ Cliente desconectado: UPumL8RdF14t51PlABNz
❌ Cliente desconectado: nlD2a8cnmSB9x1AsABN0
❌ Cliente desconectado: Y11hFbfZOYnn27vzABN2
✅ Cliente conectado a WebSocket: -gnIAZb0Ft7Yq9nDABN4
✅ Cliente conectado a WebSocket: H8ZFE5HICzbEBHjZABN7
✅ Cliente conectado a WebSocket: vCU1sA2VnjsUIv0GABN8
❌ Cliente desconectado: -gnIAZb0Ft7Yq9nDABN4
❌ Cliente desconectado: H8ZFE5HICzbEBHjZABN7
❌ Cliente desconectado: vCU1sA2VnjsUIv0GABN8
✅ Cliente conectado a WebSocket: fdY0Vf6RTGsP9YTXABN_
✅ Cliente conectado a WebSocket: D876E8cn3Q8TvwQUABOA
✅ Cliente conectado a WebSocket: YkITLG-BTfbQRmxpABOC
❌ Cliente desconectado: YkITLG-BTfbQRmxpABOC
❌ Cliente desconectado: D876E8cn3Q8TvwQUABOA
❌ Cliente desconectado: fdY0Vf6RTGsP9YTXABN_
✅ Cliente conectado a WebSocket: 8sgY4NFNJHgEaFJQABOF
✅ Cliente conectado a WebSocket: KWH4KNHkVv7qmTniABOG
✅ Cliente conectado a WebSocket: MVrhjyiDJK9i6G9PABOI
❌ Cliente desconectado: KWH4KNHkVv7qmTniABOG
❌ Cliente desconectado: 8sgY4NFNJHgEaFJQABOF
❌ Cliente desconectado: MVrhjyiDJK9i6G9PABOI
✅ Cliente conectado a WebSocket: e-FsLV9hfj12dLU1ABOK
✅ Cliente conectado a WebSocket: HkPz0QfevbUvzTaDABON
✅ Cliente conectado a WebSocket: 23EiBU0vSBKmFvwVABOO
❌ Cliente desconectado: e-FsLV9hfj12dLU1ABOK
❌ Cliente desconectado: HkPz0QfevbUvzTaDABON
❌ Cliente desconectado: 23EiBU0vSBKmFvwVABOO
✅ Cliente conectado a WebSocket: 3uaKqfViwWvkXN9CABOQ
✅ Cliente conectado a WebSocket: qVENIGV18ybjaXjJABOT
✅ Cliente conectado a WebSocket: bQ6mhfQFsen_U3TPABOU
❌ Cliente desconectado: 3uaKqfViwWvkXN9CABOQ
❌ Cliente desconectado: qVENIGV18ybjaXjJABOT
❌ Cliente desconectado: bQ6mhfQFsen_U3TPABOU
✅ Cliente conectado a WebSocket: cCV1w1Cl04kRLex8ABOY
✅ Cliente conectado a WebSocket: qLaFYq8kGWXwg247ABOZ
✅ Cliente conectado a WebSocket: ZjNQuLinJIgp4700ABOa
❌ Cliente desconectado: ZjNQuLinJIgp4700ABOa
❌ Cliente desconectado: cCV1w1Cl04kRLex8ABOY
❌ Cliente desconectado: qLaFYq8kGWXwg247ABOZ
✅ Cliente conectado a WebSocket: w3EinvJI5C1SussGABOd
✅ Cliente conectado a WebSocket: D3jNnv_YWB7t03PlABOe
✅ Cliente conectado a WebSocket: rsjbw9rx80JCKsdeABOg
❌ Cliente desconectado: D3jNnv_YWB7t03PlABOe
❌ Cliente desconectado: w3EinvJI5C1SussGABOd
❌ Cliente desconectado: rsjbw9rx80JCKsdeABOg
✅ Cliente conectado a WebSocket: qfNR-88BpOzeujzFABOj
✅ Cliente conectado a WebSocket: J_o4-25RZQH85tw-ABOk
✅ Cliente conectado a WebSocket: mhrtw0gs50IivDj-ABOm
❌ Cliente desconectado: J_o4-25RZQH85tw-ABOk
❌ Cliente desconectado: qfNR-88BpOzeujzFABOj
❌ Cliente desconectado: mhrtw0gs50IivDj-ABOm
✅ Cliente conectado a WebSocket: FVlwZZD6Kn6A3Pi1ABOo
✅ Cliente conectado a WebSocket: hm4KKW-ZeTq8mQkTABOr
✅ Cliente conectado a WebSocket: ZS-wSaSHhcgGKpY5ABOs
❌ Cliente desconectado: FVlwZZD6Kn6A3Pi1ABOo
❌ Cliente desconectado: hm4KKW-ZeTq8mQkTABOr
❌ Cliente desconectado: ZS-wSaSHhcgGKpY5ABOs
✅ Cliente conectado a WebSocket: O4vFBTGj7zJbDL1xABOu
❌ Cliente desconectado: O4vFBTGj7zJbDL1xABOu
✅ Cliente conectado a WebSocket: buTdPcuICa7UdDdyABOx
✅ Cliente conectado a WebSocket: hC14fJeKTAGLg1IOABOy
✅ Cliente conectado a WebSocket: uLZrIRsFaG5aOT0yABO0
❌ Cliente desconectado: buTdPcuICa7UdDdyABOx
❌ Cliente desconectado: hC14fJeKTAGLg1IOABOy
❌ Cliente desconectado: uLZrIRsFaG5aOT0yABO0
✅ Cliente conectado a WebSocket: sIYmqR_7aYIqg6KKABO4
✅ Cliente conectado a WebSocket: _fzpJH7jBMb_mj6VABO5
✅ Cliente conectado a WebSocket: utkEU5jVYvoyNdWdABO6
❌ Cliente desconectado: _fzpJH7jBMb_mj6VABO5
❌ Cliente desconectado: sIYmqR_7aYIqg6KKABO4
❌ Cliente desconectado: utkEU5jVYvoyNdWdABO6
✅ Cliente conectado a WebSocket: jKzZ7bRA7EDa_JqNABO9
✅ Cliente conectado a WebSocket: hZpkku05NadN1pRrABO-
✅ Cliente conectado a WebSocket: rurMLoJAXAHC1trXABPA
❌ Cliente desconectado: jKzZ7bRA7EDa_JqNABO9
❌ Cliente desconectado: hZpkku05NadN1pRrABO-
❌ Cliente desconectado: rurMLoJAXAHC1trXABPA
✅ Cliente conectado a WebSocket: ipzwCJHAAOlfQ8PcABPD
✅ Cliente conectado a WebSocket: ZJCa5PrduCWyn02fABPF
✅ Cliente conectado a WebSocket: 9Q_geioW6y_8PR0wABPG
❌ Cliente desconectado: ZJCa5PrduCWyn02fABPF
❌ Cliente desconectado: ipzwCJHAAOlfQ8PcABPD
❌ Cliente desconectado: 9Q_geioW6y_8PR0wABPG
✅ Cliente conectado a WebSocket: FyX5jlsIAIjQPdHOABPJ
✅ Cliente conectado a WebSocket: R80aHHkkC62_MJkVABPK
✅ Cliente conectado a WebSocket: wFt8v6zZ-5zhC-jeABPM
❌ Cliente desconectado: R80aHHkkC62_MJkVABPK
❌ Cliente desconectado: FyX5jlsIAIjQPdHOABPJ
❌ Cliente desconectado: wFt8v6zZ-5zhC-jeABPM
✅ Cliente conectado a WebSocket: ErUggf1nXZkp6JrOABPP
✅ Cliente conectado a WebSocket: GtZtczSTt2xaPkwmABPR
✅ Cliente conectado a WebSocket: cuwxySscAXwBwibeABPS
❌ Cliente desconectado: ErUggf1nXZkp6JrOABPP
❌ Cliente desconectado: cuwxySscAXwBwibeABPS
❌ Cliente desconectado: GtZtczSTt2xaPkwmABPR
✅ Cliente conectado a WebSocket: WmV-E0bjGpHK7efjABPW
✅ Cliente conectado a WebSocket: d2oG1SZstYB98KBRABPX
✅ Cliente conectado a WebSocket: xMQ4fXF3G4oLyPnkABPY
❌ Cliente desconectado: xMQ4fXF3G4oLyPnkABPY
❌ Cliente desconectado: WmV-E0bjGpHK7efjABPW
❌ Cliente desconectado: d2oG1SZstYB98KBRABPX
✅ Cliente conectado a WebSocket: bZPkVubWVW8Dd0IMABPb
✅ Cliente conectado a WebSocket: XaR0sHzqHA61An6LABPc
✅ Cliente conectado a WebSocket: EF_z6r5O6iPDu8yhABPe
❌ Cliente desconectado: XaR0sHzqHA61An6LABPc
❌ Cliente desconectado: EF_z6r5O6iPDu8yhABPe
❌ Cliente desconectado: bZPkVubWVW8Dd0IMABPb
✅ Cliente conectado a WebSocket: WpXJoi-8hq3wtvxyABPg
✅ Cliente conectado a WebSocket: SMPIYUR0JecfuEBoABPj
✅ Cliente conectado a WebSocket: T-rIOIiNX1nzG-zcABPk
❌ Cliente desconectado: WpXJoi-8hq3wtvxyABPg
❌ Cliente desconectado: T-rIOIiNX1nzG-zcABPk
❌ Cliente desconectado: SMPIYUR0JecfuEBoABPj
✅ Cliente conectado a WebSocket: WCZp-fDTCY5gMwgtABPm
✅ Cliente conectado a WebSocket: fwwZdf1w6NaeHWG3ABPo
✅ Cliente conectado a WebSocket: z61tzGrIidmWgLdFABPq
❌ Cliente desconectado: WCZp-fDTCY5gMwgtABPm
❌ Cliente desconectado: fwwZdf1w6NaeHWG3ABPo
❌ Cliente desconectado: z61tzGrIidmWgLdFABPq
✅ Cliente conectado a WebSocket: cMtcEQO50bOwS1zDABPt
✅ Cliente conectado a WebSocket: owM6LaNfv2ok2ldoABPu
✅ Cliente conectado a WebSocket: POC7pxgRT6WAMaogABPw
❌ Cliente desconectado: cMtcEQO50bOwS1zDABPt
❌ Cliente desconectado: owM6LaNfv2ok2ldoABPu
❌ Cliente desconectado: POC7pxgRT6WAMaogABPw
✅ Cliente conectado a WebSocket: 0ycpjoFob7JhotPfABPy
✅ Cliente conectado a WebSocket: dsZLQ_wO4agTW1WlABP1
✅ Cliente conectado a WebSocket: qkRZEFhwNWUogPy4ABP2
❌ Cliente desconectado: 0ycpjoFob7JhotPfABPy
❌ Cliente desconectado: qkRZEFhwNWUogPy4ABP2
❌ Cliente desconectado: dsZLQ_wO4agTW1WlABP1
✅ Cliente conectado a WebSocket: hj2rZEo7H5o_4ImLABP6
✅ Cliente conectado a WebSocket: hiHCtZy78QW0h1s_ABP7
✅ Cliente conectado a WebSocket: 922_8XOf7tBYzz9NABP8
❌ Cliente desconectado: hj2rZEo7H5o_4ImLABP6
❌ Cliente desconectado: hiHCtZy78QW0h1s_ABP7
❌ Cliente desconectado: 922_8XOf7tBYzz9NABP8
✅ Cliente conectado a WebSocket: 1L9BzFoQ2mhExBG6ABP-
✅ Cliente conectado a WebSocket: hM86gkv4zHIbwA5_ABQB
✅ Cliente conectado a WebSocket: pTmjR_zPyISuhV2WABQC
❌ Cliente desconectado: 1L9BzFoQ2mhExBG6ABP-
❌ Cliente desconectado: pTmjR_zPyISuhV2WABQC
❌ Cliente desconectado: hM86gkv4zHIbwA5_ABQB
✅ Cliente conectado a WebSocket: OknGyjZjJwTocDz8ABQE
✅ Cliente conectado a WebSocket: rr-ZekTBy1FB8SGwABQG
✅ Cliente conectado a WebSocket: kxlTUpJMy91O_uAGABQI
❌ Cliente desconectado: OknGyjZjJwTocDz8ABQE
❌ Cliente desconectado: rr-ZekTBy1FB8SGwABQG
❌ Cliente desconectado: kxlTUpJMy91O_uAGABQI
✅ Cliente conectado a WebSocket: 39a8Ocu08w0itu_pABQM
✅ Cliente conectado a WebSocket: 4PiSvDsVvW4qzKKWABQN
✅ Cliente conectado a WebSocket: r-FS3zQqNzg2PIzaABQO
❌ Cliente desconectado: 39a8Ocu08w0itu_pABQM
❌ Cliente desconectado: 4PiSvDsVvW4qzKKWABQN
❌ Cliente desconectado: r-FS3zQqNzg2PIzaABQO
✅ Cliente conectado a WebSocket: KAk4r_dKIGkX1macABQQ
✅ Cliente conectado a WebSocket: EeGiwWxCD5HYMB90ABQS
✅ Cliente conectado a WebSocket: tI0t-wHAgJgwejb3ABQU
❌ Cliente desconectado: KAk4r_dKIGkX1macABQQ
❌ Cliente desconectado: EeGiwWxCD5HYMB90ABQS
❌ Cliente desconectado: tI0t-wHAgJgwejb3ABQU
✅ Cliente conectado a WebSocket: ey4L9D1fFUTdEB8ZABQW
✅ Cliente conectado a WebSocket: reUOsSFbyfxdpnI0ABQZ
✅ Cliente conectado a WebSocket: g0UaxW1XIs2Bzo1rABQa
❌ Cliente desconectado: ey4L9D1fFUTdEB8ZABQW
❌ Cliente desconectado: reUOsSFbyfxdpnI0ABQZ
❌ Cliente desconectado: g0UaxW1XIs2Bzo1rABQa
✅ Cliente conectado a WebSocket: RWJJWUk1s1Aa57lgABQc
✅ Cliente conectado a WebSocket: VGzTTEvojxmFGrNjABQf
✅ Cliente conectado a WebSocket: KfkDDuNJaG6mpIMYABQg
❌ Cliente desconectado: RWJJWUk1s1Aa57lgABQc
❌ Cliente desconectado: VGzTTEvojxmFGrNjABQf
❌ Cliente desconectado: KfkDDuNJaG6mpIMYABQg
✅ Cliente conectado a WebSocket: 0eN79OTh200YqWD7ABQi
✅ Cliente conectado a WebSocket: QRZ600KkUfliZpoHABQk
✅ Cliente conectado a WebSocket: Pkis_lLAsmcOnPYmABQm
❌ Cliente desconectado: 0eN79OTh200YqWD7ABQi
❌ Cliente desconectado: QRZ600KkUfliZpoHABQk
❌ Cliente desconectado: Pkis_lLAsmcOnPYmABQm
✅ Cliente conectado a WebSocket: Sj14PHF7fXJgIUiCABQo
✅ Cliente conectado a WebSocket: QuGl__iIvwq21cLpABQr
✅ Cliente conectado a WebSocket: 27WnsMsW3TdGaa_bABQs
❌ Cliente desconectado: Sj14PHF7fXJgIUiCABQo
❌ Cliente desconectado: QuGl__iIvwq21cLpABQr
❌ Cliente desconectado: 27WnsMsW3TdGaa_bABQs
✅ Cliente conectado a WebSocket: DUtjptlaThivmpYIABQu
✅ Cliente conectado a WebSocket: pxEUW0Dmjo3VWiaKABQx
✅ Cliente conectado a WebSocket: u47vaaVyd8Do05fJABQy
❌ Cliente desconectado: DUtjptlaThivmpYIABQu
❌ Cliente desconectado: pxEUW0Dmjo3VWiaKABQx
❌ Cliente desconectado: u47vaaVyd8Do05fJABQy
✅ Cliente conectado a WebSocket: 0NVeSDqKbDgOnyryABQ0
✅ Cliente conectado a WebSocket: SJVWlJZUgjffqjIwABQ3
✅ Cliente conectado a WebSocket: zYqHoTWxIPie8hZlABQ4
❌ Cliente desconectado: 0NVeSDqKbDgOnyryABQ0
❌ Cliente desconectado: SJVWlJZUgjffqjIwABQ3
❌ Cliente desconectado: zYqHoTWxIPie8hZlABQ4
✅ Cliente conectado a WebSocket: UHWlFwhLUWh8V_MjABQ8
✅ Cliente conectado a WebSocket: 6AP8TTjrK_38n5qZABQ9
✅ Cliente conectado a WebSocket: mILdc6itHfBlNoInABQ-
❌ Cliente desconectado: UHWlFwhLUWh8V_MjABQ8
❌ Cliente desconectado: 6AP8TTjrK_38n5qZABQ9
❌ Cliente desconectado: mILdc6itHfBlNoInABQ-
✅ Cliente conectado a WebSocket: kmHFfpoVyYuyea0NABRA
✅ Cliente conectado a WebSocket: FDcy0uCgnKFqZFskABRD
✅ Cliente conectado a WebSocket: 8ahrYjqu3VjpoW3_ABRE
❌ Cliente desconectado: kmHFfpoVyYuyea0NABRA
❌ Cliente desconectado: FDcy0uCgnKFqZFskABRD
❌ Cliente desconectado: 8ahrYjqu3VjpoW3_ABRE
✅ Cliente conectado a WebSocket: 3ux4uIpPlMBRpxoBABRG
✅ Cliente conectado a WebSocket: lm_VeqI2iF5BLkgJABRJ
✅ Cliente conectado a WebSocket: 2rqT3AVl7yhaI66-ABRK
❌ Cliente desconectado: 3ux4uIpPlMBRpxoBABRG
❌ Cliente desconectado: 2rqT3AVl7yhaI66-ABRK
❌ Cliente desconectado: lm_VeqI2iF5BLkgJABRJ
✅ Cliente conectado a WebSocket: lyndL2bU-4_z1rsoABRN
✅ Cliente conectado a WebSocket: 0dP8dJBNpCb8mcyoABRO
✅ Cliente conectado a WebSocket: 5oG6tqPZrN1RsYmeABRQ
❌ Cliente desconectado: lyndL2bU-4_z1rsoABRN
❌ Cliente desconectado: 0dP8dJBNpCb8mcyoABRO
❌ Cliente desconectado: 5oG6tqPZrN1RsYmeABRQ
✅ Cliente conectado a WebSocket: 58RE71yxsN2jGpPIABRS
✅ Cliente conectado a WebSocket: Tqvkrq1QFwJOFX8wABRV
✅ Cliente conectado a WebSocket: pNmPsRuQl8TvvO--ABRW
❌ Cliente desconectado: 58RE71yxsN2jGpPIABRS
❌ Cliente desconectado: Tqvkrq1QFwJOFX8wABRV
❌ Cliente desconectado: pNmPsRuQl8TvvO--ABRW
✅ Cliente conectado a WebSocket: d2PQ7p_RSCbpqAk6ABRY
✅ Cliente conectado a WebSocket: vKLaErKwDLPbSoL-ABRa
✅ Cliente conectado a WebSocket: N_uR8tWbAroZ0oZVABRc
❌ Cliente desconectado: d2PQ7p_RSCbpqAk6ABRY
❌ Cliente desconectado: vKLaErKwDLPbSoL-ABRa
❌ Cliente desconectado: N_uR8tWbAroZ0oZVABRc
✅ Cliente conectado a WebSocket: 2Dm0t5ILVHhZ9NFiABRe
✅ Cliente conectado a WebSocket: hGncg8qhDJz8sVa_ABRg
✅ Cliente conectado a WebSocket: ULDnz2IfyUHOcEl6ABRi
❌ Cliente desconectado: 2Dm0t5ILVHhZ9NFiABRe
❌ Cliente desconectado: hGncg8qhDJz8sVa_ABRg
❌ Cliente desconectado: ULDnz2IfyUHOcEl6ABRi
✅ Cliente conectado a WebSocket: yYH4a-jxXBdtod25ABRk
✅ Cliente conectado a WebSocket: 3972_CFoD6VXggQaABRn
✅ Cliente conectado a WebSocket: vArdM3B5kjUsTMDNABRo
❌ Cliente desconectado: yYH4a-jxXBdtod25ABRk
❌ Cliente desconectado: vArdM3B5kjUsTMDNABRo
❌ Cliente desconectado: 3972_CFoD6VXggQaABRn
✅ Cliente conectado a WebSocket: tNY30uN1YbySe9pnABRr
✅ Cliente conectado a WebSocket: IYOQSHCKaDF-hrUiABRs
✅ Cliente conectado a WebSocket: ORLcsbBgoF4VGT2OABRu
❌ Cliente desconectado: tNY30uN1YbySe9pnABRr
❌ Cliente desconectado: IYOQSHCKaDF-hrUiABRs
❌ Cliente desconectado: ORLcsbBgoF4VGT2OABRu
✅ Cliente conectado a WebSocket: rP5ltE2KQiFmoccUABRx
✅ Cliente conectado a WebSocket: othYgcldUHarZG3HABRy
✅ Cliente conectado a WebSocket: alPntqbIXLVdPlkVABR0
❌ Cliente desconectado: rP5ltE2KQiFmoccUABRx
❌ Cliente desconectado: othYgcldUHarZG3HABRy
❌ Cliente desconectado: alPntqbIXLVdPlkVABR0
✅ Cliente conectado a WebSocket: t10kO4sJCN_zq-sxABR2
✅ Cliente conectado a WebSocket: G_bpYcQBlBofhcY4ABR4
✅ Cliente conectado a WebSocket: 3SACaZQWDzgMVzpoABR6
❌ Cliente desconectado: t10kO4sJCN_zq-sxABR2
❌ Cliente desconectado: G_bpYcQBlBofhcY4ABR4
❌ Cliente desconectado: 3SACaZQWDzgMVzpoABR6
✅ Cliente conectado a WebSocket: yuW5_3Cm6nA20AiNABR8
✅ Cliente conectado a WebSocket: CxILPotsJh34PEI2ABR_
✅ Cliente conectado a WebSocket: iMIj8PdWZ2e7RdGJABSA
❌ Cliente desconectado: yuW5_3Cm6nA20AiNABR8
❌ Cliente desconectado: CxILPotsJh34PEI2ABR_
❌ Cliente desconectado: iMIj8PdWZ2e7RdGJABSA
✅ Cliente conectado a WebSocket: M6y4jRhrcmTZ6qcQABSE
✅ Cliente conectado a WebSocket: wR_KGiSf2X5tYlzSABSF
✅ Cliente conectado a WebSocket: l-rE-C3VUHGflpuuABSG
❌ Cliente desconectado: wR_KGiSf2X5tYlzSABSF
❌ Cliente desconectado: M6y4jRhrcmTZ6qcQABSE
❌ Cliente desconectado: l-rE-C3VUHGflpuuABSG
✅ Cliente conectado a WebSocket: AhmeYIzRjrz1RjtjABSJ
✅ Cliente conectado a WebSocket: z_dT8-IYKmrqNrxbABSK
✅ Cliente conectado a WebSocket: 2kraVT7LJ36POvIqABSM
❌ Cliente desconectado: AhmeYIzRjrz1RjtjABSJ
❌ Cliente desconectado: z_dT8-IYKmrqNrxbABSK
❌ Cliente desconectado: 2kraVT7LJ36POvIqABSM
✅ Cliente conectado a WebSocket: 1_79anZrwEVbGMOMABSO
✅ Cliente conectado a WebSocket: ab-6wwR10bjQS8M4ABSR
✅ Cliente conectado a WebSocket: 0bWypUriG-vgvqfTABSS
❌ Cliente desconectado: 1_79anZrwEVbGMOMABSO
❌ Cliente desconectado: 0bWypUriG-vgvqfTABSS
❌ Cliente desconectado: ab-6wwR10bjQS8M4ABSR
✅ Cliente conectado a WebSocket: NO5TKR2VaF6k9uPKABSU
✅ Cliente conectado a WebSocket: sIprmn7tcrokMW86ABSW
✅ Cliente conectado a WebSocket: 0bBW0XTC0dASOCr-ABSY
❌ Cliente desconectado: NO5TKR2VaF6k9uPKABSU
❌ Cliente desconectado: sIprmn7tcrokMW86ABSW
❌ Cliente desconectado: 0bBW0XTC0dASOCr-ABSY
✅ Cliente conectado a WebSocket: Dr-QA78uQaBokt4_ABSa
✅ Cliente conectado a WebSocket: 8a6ov5PrBm8xUeZ1ABSc
✅ Cliente conectado a WebSocket: ppAqRErOXsGuLRHkABSe
❌ Cliente desconectado: Dr-QA78uQaBokt4_ABSa
❌ Cliente desconectado: 8a6ov5PrBm8xUeZ1ABSc
❌ Cliente desconectado: ppAqRErOXsGuLRHkABSe
✅ Cliente conectado a WebSocket: YmYBnAZR4-YO1MSkABSi
✅ Cliente conectado a WebSocket: phqlpfz4cLnweI9eABSj
✅ Cliente conectado a WebSocket: OBEH5BvFHRtFhaFVABSk
❌ Cliente desconectado: YmYBnAZR4-YO1MSkABSi
❌ Cliente desconectado: phqlpfz4cLnweI9eABSj
❌ Cliente desconectado: OBEH5BvFHRtFhaFVABSk
✅ Cliente conectado a WebSocket: gXN_bTYqfOXD9V9eABSm
✅ Cliente conectado a WebSocket: btfoBcQKff7O33EkABSp
✅ Cliente conectado a WebSocket: UY74NUSzfACMLS_gABSq
❌ Cliente desconectado: gXN_bTYqfOXD9V9eABSm
❌ Cliente desconectado: btfoBcQKff7O33EkABSp
❌ Cliente desconectado: UY74NUSzfACMLS_gABSq
✅ Cliente conectado a WebSocket: 5m8loxIWyRW5EsbOABSs
✅ Cliente conectado a WebSocket: BIEDidoAZxSmQnzbABSv
✅ Cliente conectado a WebSocket: eQ7w4Tz7QsjFX70IABSw
❌ Cliente desconectado: 5m8loxIWyRW5EsbOABSs
❌ Cliente desconectado: BIEDidoAZxSmQnzbABSv
❌ Cliente desconectado: eQ7w4Tz7QsjFX70IABSw
✅ Cliente conectado a WebSocket: 7c3u9TxSUr_r8ZNQABSz
✅ Cliente conectado a WebSocket: TbyR3uPklzAPE-EDABS0
✅ Cliente conectado a WebSocket: -Juk2_5rkxDiOBwUABS2
❌ Cliente desconectado: 7c3u9TxSUr_r8ZNQABSz
❌ Cliente desconectado: TbyR3uPklzAPE-EDABS0
❌ Cliente desconectado: -Juk2_5rkxDiOBwUABS2
✅ Cliente conectado a WebSocket: JY1T-ayf_pASX1uUABS4
✅ Cliente conectado a WebSocket: GG9kLP2GaEQQLBNcABS7
✅ Cliente conectado a WebSocket: NGYexWS1D4kJZhTaABS8
❌ Cliente desconectado: JY1T-ayf_pASX1uUABS4
❌ Cliente desconectado: NGYexWS1D4kJZhTaABS8
❌ Cliente desconectado: GG9kLP2GaEQQLBNcABS7
✅ Cliente conectado a WebSocket: tpOP7Cmynkiqzv7hABS-
✅ Cliente conectado a WebSocket: j-fMRqRVCmilT0pzABTA
✅ Cliente conectado a WebSocket: c3PMMFVWFhEXNaluABTC
❌ Cliente desconectado: tpOP7Cmynkiqzv7hABS-
❌ Cliente desconectado: j-fMRqRVCmilT0pzABTA
❌ Cliente desconectado: c3PMMFVWFhEXNaluABTC
✅ Cliente conectado a WebSocket: oQqgo_ypX8qz1PsqABTG
✅ Cliente conectado a WebSocket: wh9BPa_Y4by7ynWWABTH
✅ Cliente conectado a WebSocket: 1sD6pjILL3h1kvEOABTI
❌ Cliente desconectado: 1sD6pjILL3h1kvEOABTI
❌ Cliente desconectado: oQqgo_ypX8qz1PsqABTG
❌ Cliente desconectado: wh9BPa_Y4by7ynWWABTH
✅ Cliente conectado a WebSocket: seobvTN-ngpwqUIPABTK
✅ Cliente conectado a WebSocket: bRhcZBTbUrKAK75cABTN
✅ Cliente conectado a WebSocket: PTuJt332OsAOJcr-ABTO
❌ Cliente desconectado: seobvTN-ngpwqUIPABTK
❌ Cliente desconectado: PTuJt332OsAOJcr-ABTO
❌ Cliente desconectado: bRhcZBTbUrKAK75cABTN
✅ Cliente conectado a WebSocket: xNhE7A7K4mymWQeRABTQ
✅ Cliente conectado a WebSocket: 1R6pSxFjgHIGuVbPABTS
✅ Cliente conectado a WebSocket: vXDAzyRXTdsp6vJ7ABTU
❌ Cliente desconectado: xNhE7A7K4mymWQeRABTQ
❌ Cliente desconectado: 1R6pSxFjgHIGuVbPABTS
❌ Cliente desconectado: vXDAzyRXTdsp6vJ7ABTU
✅ Cliente conectado a WebSocket: bMIQzmiK9hWvMnEPABTW
✅ Cliente conectado a WebSocket: qYDGQyGXvxCa4tttABTZ
✅ Cliente conectado a WebSocket: GXA7pcL1vKc7rk2KABTa
❌ Cliente desconectado: bMIQzmiK9hWvMnEPABTW
❌ Cliente desconectado: GXA7pcL1vKc7rk2KABTa
❌ Cliente desconectado: qYDGQyGXvxCa4tttABTZ
✅ Cliente conectado a WebSocket: UH2h9LzsmZmxu2RAABTc
✅ Cliente conectado a WebSocket: z8Y6OhdM_iAkvzG6ABTf
✅ Cliente conectado a WebSocket: oDAxwBB4HFiyIaLfABTg
❌ Cliente desconectado: UH2h9LzsmZmxu2RAABTc
❌ Cliente desconectado: z8Y6OhdM_iAkvzG6ABTf
❌ Cliente desconectado: oDAxwBB4HFiyIaLfABTg
✅ Cliente conectado a WebSocket: 1xnSRhY_2wBvEP7mABTi
✅ Cliente conectado a WebSocket: 8t-72Mcmyrsrnq7zABTl
✅ Cliente conectado a WebSocket: XbkErp1e6NLmzw8uABTm
❌ Cliente desconectado: 8t-72Mcmyrsrnq7zABTl
❌ Cliente desconectado: XbkErp1e6NLmzw8uABTm
❌ Cliente desconectado: 1xnSRhY_2wBvEP7mABTi
✅ Cliente conectado a WebSocket: M5FWUAGHcPYpzR97ABTp
✅ Cliente conectado a WebSocket: FlpmYe8lyq4MCHnvABTq
✅ Cliente conectado a WebSocket: Be2706WpeufmgYlDABTs
❌ Cliente desconectado: FlpmYe8lyq4MCHnvABTq
❌ Cliente desconectado: Be2706WpeufmgYlDABTs
❌ Cliente desconectado: M5FWUAGHcPYpzR97ABTp
✅ Cliente conectado a WebSocket: 6LV1hZjpT47iTTheABTv
✅ Cliente conectado a WebSocket: Lqg37Bz2UWGmN_xiABTw
✅ Cliente conectado a WebSocket: 5eddYpSzZLvgq_SIABTy
❌ Cliente desconectado: 6LV1hZjpT47iTTheABTv
❌ Cliente desconectado: 5eddYpSzZLvgq_SIABTy
❌ Cliente desconectado: Lqg37Bz2UWGmN_xiABTw
✅ Cliente conectado a WebSocket: 3T1pVazT8u1MnSSFABT2
✅ Cliente conectado a WebSocket: xrzNbS-2tsNJgiQ7ABT3
✅ Cliente conectado a WebSocket: S09Ss4DYBpO3zKRhABT4
❌ Cliente desconectado: S09Ss4DYBpO3zKRhABT4
❌ Cliente desconectado: 3T1pVazT8u1MnSSFABT2
❌ Cliente desconectado: xrzNbS-2tsNJgiQ7ABT3
✅ Cliente conectado a WebSocket: pksOvF3vEHIm0RZJABT6
✅ Cliente conectado a WebSocket: X3i6LQUYmWhB_7G5ABT9
✅ Cliente conectado a WebSocket: _Lt7sr1tOVKpQIdXABT-
❌ Cliente desconectado: pksOvF3vEHIm0RZJABT6
❌ Cliente desconectado: X3i6LQUYmWhB_7G5ABT9
❌ Cliente desconectado: _Lt7sr1tOVKpQIdXABT-
✅ Cliente conectado a WebSocket: 0Z3MU734khyWZAmMABUA
✅ Cliente conectado a WebSocket: 0pUrzlRz2LDXCROoABUD
✅ Cliente conectado a WebSocket: 5XSA_FC3lJv9GJx4ABUE
❌ Cliente desconectado: 0Z3MU734khyWZAmMABUA
❌ Cliente desconectado: 0pUrzlRz2LDXCROoABUD
❌ Cliente desconectado: 5XSA_FC3lJv9GJx4ABUE
✅ Cliente conectado a WebSocket: cJ0GOUAtIaTilVtmABUH
✅ Cliente conectado a WebSocket: CylD6Er8sKtstWk0ABUI
✅ Cliente conectado a WebSocket: UGKLZiCCSZp7frj6ABUK
❌ Cliente desconectado: cJ0GOUAtIaTilVtmABUH
❌ Cliente desconectado: UGKLZiCCSZp7frj6ABUK
❌ Cliente desconectado: CylD6Er8sKtstWk0ABUI
✅ Cliente conectado a WebSocket: nkZO9xmn-4GXndXaABUM
✅ Cliente conectado a WebSocket: DyvF3FvFYSSMzdvvABUO
✅ Cliente conectado a WebSocket: -gn4bvc_lHukAM7GABUQ
❌ Cliente desconectado: nkZO9xmn-4GXndXaABUM
❌ Cliente desconectado: DyvF3FvFYSSMzdvvABUO
❌ Cliente desconectado: -gn4bvc_lHukAM7GABUQ
✅ Cliente conectado a WebSocket: eKNP8GGC6IgigR1YABUS
✅ Cliente conectado a WebSocket: 2-I_Vr_88vGZtmPxABUV
✅ Cliente conectado a WebSocket: o46J7UQ8C20bSLHsABUW
❌ Cliente desconectado: eKNP8GGC6IgigR1YABUS
❌ Cliente desconectado: o46J7UQ8C20bSLHsABUW
❌ Cliente desconectado: 2-I_Vr_88vGZtmPxABUV
✅ Cliente conectado a WebSocket: 8lhYUBx58FUE00utABUY
✅ Cliente conectado a WebSocket: Y2QKpPtYP-V8dfSoABUb
✅ Cliente conectado a WebSocket: PshwQSc9KHqhdNDgABUc
❌ Cliente desconectado: 8lhYUBx58FUE00utABUY
❌ Cliente desconectado: Y2QKpPtYP-V8dfSoABUb
❌ Cliente desconectado: PshwQSc9KHqhdNDgABUc
✅ Cliente conectado a WebSocket: RGgF9e89bKg_QUl2ABUe
✅ Cliente conectado a WebSocket: 9xYZLBecvo4d0EwKABUh
✅ Cliente conectado a WebSocket: SHvxTe5uzvi1iAp9ABUi
❌ Cliente desconectado: RGgF9e89bKg_QUl2ABUe
❌ Cliente desconectado: 9xYZLBecvo4d0EwKABUh
❌ Cliente desconectado: SHvxTe5uzvi1iAp9ABUi
✅ Cliente conectado a WebSocket: 86DDdFsyqkm0lUGRABUm
✅ Cliente conectado a WebSocket: MfGDvi1kt9e876zCABUn
✅ Cliente conectado a WebSocket: RU__DfcbMC6DOgDkABUo
❌ Cliente desconectado: 86DDdFsyqkm0lUGRABUm
❌ Cliente desconectado: MfGDvi1kt9e876zCABUn
❌ Cliente desconectado: RU__DfcbMC6DOgDkABUo
✅ Cliente conectado a WebSocket: 7nMBz5lo8rHRUQuBABUr
✅ Cliente conectado a WebSocket: TokKxxiQBwhqbEcpABUs
✅ Cliente conectado a WebSocket: 1ccpOYQBb3fWhJnpABUu
❌ Cliente desconectado: 7nMBz5lo8rHRUQuBABUr
❌ Cliente desconectado: TokKxxiQBwhqbEcpABUs
❌ Cliente desconectado: 1ccpOYQBb3fWhJnpABUu
✅ Cliente conectado a WebSocket: zoPF96W4B-SQas7cABUw
✅ Cliente conectado a WebSocket: 18nyc3LN4XBluEBPABUy
✅ Cliente conectado a WebSocket: 1w9II4zxfxEvffzOABU0
❌ Cliente desconectado: zoPF96W4B-SQas7cABUw
❌ Cliente desconectado: 18nyc3LN4XBluEBPABUy
❌ Cliente desconectado: 1w9II4zxfxEvffzOABU0
✅ Cliente conectado a WebSocket: ck5zOLO9tOpKOb_eABU3
✅ Cliente conectado a WebSocket: DvHcYPPz6qdRIN9zABU4
✅ Cliente conectado a WebSocket: omT427dem9ApAJxkABU6
❌ Cliente desconectado: ck5zOLO9tOpKOb_eABU3
❌ Cliente desconectado: DvHcYPPz6qdRIN9zABU4
❌ Cliente desconectado: omT427dem9ApAJxkABU6
✅ Cliente conectado a WebSocket: gbpUPMyV4-Tz-wcAABU8
✅ Cliente conectado a WebSocket: MqssZcWbuvgRphE4ABU_
✅ Cliente conectado a WebSocket: I19IA8ZebYGY-k89ABVA
❌ Cliente desconectado: gbpUPMyV4-Tz-wcAABU8
❌ Cliente desconectado: MqssZcWbuvgRphE4ABU_
❌ Cliente desconectado: I19IA8ZebYGY-k89ABVA
✅ Cliente conectado a WebSocket: TaS1GtRnB9KcXNXYABVC
✅ Cliente conectado a WebSocket: 6dlVAlaIMbJ49TiCABVF
✅ Cliente conectado a WebSocket: nHjUPxbWas3F881hABVG
❌ Cliente desconectado: TaS1GtRnB9KcXNXYABVC
❌ Cliente desconectado: 6dlVAlaIMbJ49TiCABVF
❌ Cliente desconectado: nHjUPxbWas3F881hABVG
✅ Cliente conectado a WebSocket: Uj8ymWY-p1lvEhNAABVI
✅ Cliente conectado a WebSocket: aFka9v4rCui6xF_OABVL
✅ Cliente conectado a WebSocket: 6TqdVuZFsbhXzcPrABVM
❌ Cliente desconectado: Uj8ymWY-p1lvEhNAABVI
❌ Cliente desconectado: aFka9v4rCui6xF_OABVL
❌ Cliente desconectado: 6TqdVuZFsbhXzcPrABVM
✅ Cliente conectado a WebSocket: Pb35l5l-EWTE_803ABVP
✅ Cliente conectado a WebSocket: wyj-4qnvBKvtWvQtABVQ
✅ Cliente conectado a WebSocket: UW9_KqVFJ1P_OGeHABVS
❌ Cliente desconectado: Pb35l5l-EWTE_803ABVP
❌ Cliente desconectado: UW9_KqVFJ1P_OGeHABVS
❌ Cliente desconectado: wyj-4qnvBKvtWvQtABVQ
✅ Cliente conectado a WebSocket: gpn89TDebfMfEvrNABVW
✅ Cliente conectado a WebSocket: ogZn3JI_lUuu0Zb7ABVX
✅ Cliente conectado a WebSocket: Vj3D7IHuaSr8EFcPABVY
❌ Cliente desconectado: gpn89TDebfMfEvrNABVW
❌ Cliente desconectado: Vj3D7IHuaSr8EFcPABVY
❌ Cliente desconectado: ogZn3JI_lUuu0Zb7ABVX
✅ Cliente conectado a WebSocket: bBmmzmhLW9DuI923ABVa
✅ Cliente conectado a WebSocket: lCH4KaG5VZ3D3Z8DABVc
✅ Cliente conectado a WebSocket: dlhqzC-3wv5sQrVFABVe
❌ Cliente desconectado: bBmmzmhLW9DuI923ABVa
❌ Cliente desconectado: lCH4KaG5VZ3D3Z8DABVc
❌ Cliente desconectado: dlhqzC-3wv5sQrVFABVe
✅ Cliente conectado a WebSocket: 6WfZP9tbVZULuVMUABVi
✅ Cliente conectado a WebSocket: e6i3Ujo32twAcJrqABVj
✅ Cliente conectado a WebSocket: S7erXD_D8FUtfi-hABVk
❌ Cliente desconectado: 6WfZP9tbVZULuVMUABVi
❌ Cliente desconectado: e6i3Ujo32twAcJrqABVj
❌ Cliente desconectado: S7erXD_D8FUtfi-hABVk
✅ Cliente conectado a WebSocket: wjDqhWsX1nr8FlvMABVm
✅ Cliente conectado a WebSocket: GSBQsSSA80ZGQajBABVp
✅ Cliente conectado a WebSocket: w93vg7vHIaFXxIm5ABVq
❌ Cliente desconectado: wjDqhWsX1nr8FlvMABVm
❌ Cliente desconectado: w93vg7vHIaFXxIm5ABVq
❌ Cliente desconectado: GSBQsSSA80ZGQajBABVp
✅ Cliente conectado a WebSocket: eOJjiK72NlCKyJZkABVu
✅ Cliente conectado a WebSocket: kNPsql2vIsk5w7PJABVv
✅ Cliente conectado a WebSocket: V060W_-q5Qnu1_WyABVw
❌ Cliente desconectado: eOJjiK72NlCKyJZkABVu
❌ Cliente desconectado: kNPsql2vIsk5w7PJABVv
❌ Cliente desconectado: V060W_-q5Qnu1_WyABVw
✅ Cliente conectado a WebSocket: B-cyKXlx2JEfqwDuABVz
✅ Cliente conectado a WebSocket: taGDtYYmu2X4Y6TuABV0
✅ Cliente conectado a WebSocket: PQ8Mcii6qRFtxpQCABV2
❌ Cliente desconectado: B-cyKXlx2JEfqwDuABVz
❌ Cliente desconectado: PQ8Mcii6qRFtxpQCABV2
❌ Cliente desconectado: taGDtYYmu2X4Y6TuABV0
✅ Cliente conectado a WebSocket: OTsP_nTp4cRcPe_AABV4
✅ Cliente conectado a WebSocket: 8Z_sE8bldGWPunUxABV7
✅ Cliente conectado a WebSocket: ok2qAq-8Lf9KJoRGABV8
❌ Cliente desconectado: OTsP_nTp4cRcPe_AABV4
❌ Cliente desconectado: ok2qAq-8Lf9KJoRGABV8
❌ Cliente desconectado: 8Z_sE8bldGWPunUxABV7
✅ Cliente conectado a WebSocket: h_lRnl_aO8QHGi8SABV_
✅ Cliente conectado a WebSocket: O4bhmNMLQFNJcJKDABWA
✅ Cliente conectado a WebSocket: q4o3BSRdfimNsQ-WABWC
❌ Cliente desconectado: h_lRnl_aO8QHGi8SABV_
❌ Cliente desconectado: O4bhmNMLQFNJcJKDABWA
❌ Cliente desconectado: q4o3BSRdfimNsQ-WABWC
✅ Cliente conectado a WebSocket: EfjNuNQgosV9Wu0EABWG
✅ Cliente conectado a WebSocket: vMzv2sCR4hKQqQBiABWH
✅ Cliente conectado a WebSocket: 6OjNWUowWmE0Fh19ABWI
❌ Cliente desconectado: 6OjNWUowWmE0Fh19ABWI
❌ Cliente desconectado: vMzv2sCR4hKQqQBiABWH
❌ Cliente desconectado: EfjNuNQgosV9Wu0EABWG
✅ Cliente conectado a WebSocket: vjIfjvBis2YvJ7g0ABWK
✅ Cliente conectado a WebSocket: Fpz1j0DvwhT7GjqDABWM
✅ Cliente conectado a WebSocket: mvqcDESgTIhpuAYZABWO
❌ Cliente desconectado: vjIfjvBis2YvJ7g0ABWK
❌ Cliente desconectado: mvqcDESgTIhpuAYZABWO
❌ Cliente desconectado: Fpz1j0DvwhT7GjqDABWM
✅ Cliente conectado a WebSocket: NoMW5d02z2QU9ERcABWQ
✅ Cliente conectado a WebSocket: fyQKxxZKpLzTux8zABWT
✅ Cliente conectado a WebSocket: yzj8a-y_Uf2HpfFpABWU
❌ Cliente desconectado: NoMW5d02z2QU9ERcABWQ
❌ Cliente desconectado: yzj8a-y_Uf2HpfFpABWU
❌ Cliente desconectado: fyQKxxZKpLzTux8zABWT
✅ Cliente conectado a WebSocket: Ksk-R4PiVWYWzJKXABWW
✅ Cliente conectado a WebSocket: hP0qcDt3sUG_kgM6ABWY
✅ Cliente conectado a WebSocket: FZp04_0dkRs4gKdCABWa
❌ Cliente desconectado: Ksk-R4PiVWYWzJKXABWW
❌ Cliente desconectado: hP0qcDt3sUG_kgM6ABWY
❌ Cliente desconectado: FZp04_0dkRs4gKdCABWa
✅ Cliente conectado a WebSocket: lJfrNjd5Fz7v6r6DABWc
✅ Cliente conectado a WebSocket: v9v-ERjyaQ-yzjobABWe
✅ Cliente conectado a WebSocket: XLQuBPFMIqrv9zj8ABWg
❌ Cliente desconectado: lJfrNjd5Fz7v6r6DABWc
❌ Cliente desconectado: XLQuBPFMIqrv9zj8ABWg
❌ Cliente desconectado: v9v-ERjyaQ-yzjobABWe
✅ Cliente conectado a WebSocket: yUzJtpyEMeBYKtMfABWj
✅ Cliente conectado a WebSocket: BT7RTQxRrhfo7De5ABWk
✅ Cliente conectado a WebSocket: QQLoxAJTtz6l3EEUABWm
❌ Cliente desconectado: yUzJtpyEMeBYKtMfABWj
❌ Cliente desconectado: BT7RTQxRrhfo7De5ABWk
❌ Cliente desconectado: QQLoxAJTtz6l3EEUABWm
✅ Cliente conectado a WebSocket: nw1BFzRdrtEaDL70ABWo
✅ Cliente conectado a WebSocket: -8lV8gV6Pd164X2FABWr
✅ Cliente conectado a WebSocket: s35-3l5_eOgTnCz7ABWs
❌ Cliente desconectado: nw1BFzRdrtEaDL70ABWo
❌ Cliente desconectado: -8lV8gV6Pd164X2FABWr
❌ Cliente desconectado: s35-3l5_eOgTnCz7ABWs
✅ Cliente conectado a WebSocket: Y5dL8RjklumWdOANABWu
✅ Cliente conectado a WebSocket: WjgvhtIYnBn8yGsuABWx
✅ Cliente conectado a WebSocket: IhMuKcxnpeVn9ttnABWy
❌ Cliente desconectado: Y5dL8RjklumWdOANABWu
❌ Cliente desconectado: WjgvhtIYnBn8yGsuABWx
❌ Cliente desconectado: IhMuKcxnpeVn9ttnABWy
✅ Cliente conectado a WebSocket: aNvI0j3RE5R_bg1uABW0
✅ Cliente conectado a WebSocket: eSadEw2YFxNVdzeXABW3
✅ Cliente conectado a WebSocket: japB1VQV2r2VNCfeABW4
❌ Cliente desconectado: aNvI0j3RE5R_bg1uABW0
❌ Cliente desconectado: eSadEw2YFxNVdzeXABW3
❌ Cliente desconectado: japB1VQV2r2VNCfeABW4
✅ Cliente conectado a WebSocket: peRQ8HIGhAKZILAZABW7
✅ Cliente conectado a WebSocket: C_HK-mVxlVWOzE0zABW8
✅ Cliente conectado a WebSocket: _noks_r5wVVxom9uABW-
❌ Cliente desconectado: peRQ8HIGhAKZILAZABW7
❌ Cliente desconectado: C_HK-mVxlVWOzE0zABW8
❌ Cliente desconectado: _noks_r5wVVxom9uABW-
✅ Cliente conectado a WebSocket: 7uzL647XyMdG7j9IABXA
✅ Cliente conectado a WebSocket: t3-FDlykCvCocw-3ABXD
✅ Cliente conectado a WebSocket: qyrbnWfU1oFcAplUABXE
❌ Cliente desconectado: 7uzL647XyMdG7j9IABXA
❌ Cliente desconectado: qyrbnWfU1oFcAplUABXE
❌ Cliente desconectado: t3-FDlykCvCocw-3ABXD
✅ Cliente conectado a WebSocket: Z3UDAZf8QQ0HGHNkABXH
✅ Cliente conectado a WebSocket: S6fsVZzuEWA4uMRoABXI
✅ Cliente conectado a WebSocket: oOv-8Dqv2oAP5hmSABXK
❌ Cliente desconectado: Z3UDAZf8QQ0HGHNkABXH
❌ Cliente desconectado: S6fsVZzuEWA4uMRoABXI
❌ Cliente desconectado: oOv-8Dqv2oAP5hmSABXK
✅ Cliente conectado a WebSocket: 1LG79BwyMNfsnAsPABXO
✅ Cliente conectado a WebSocket: 0SSaQBccmzdmCA2jABXP
✅ Cliente conectado a WebSocket: ShirR7aDeowI5SnqABXQ
❌ Cliente desconectado: 1LG79BwyMNfsnAsPABXO
❌ Cliente desconectado: 0SSaQBccmzdmCA2jABXP
❌ Cliente desconectado: ShirR7aDeowI5SnqABXQ
✅ Cliente conectado a WebSocket: R5NeLpMQTHt2ZqRMABXU
✅ Cliente conectado a WebSocket: 8g01I-MTxUaEabWNABXV
✅ Cliente conectado a WebSocket: nN04v8mwBZxUNDZlABXW
❌ Cliente desconectado: nN04v8mwBZxUNDZlABXW
❌ Cliente desconectado: 8g01I-MTxUaEabWNABXV
❌ Cliente desconectado: R5NeLpMQTHt2ZqRMABXU
✅ Cliente conectado a WebSocket: ZjVFEBs7_Bc1fblRABXZ
✅ Cliente conectado a WebSocket: QNig8SSuXOFQ9nFWABXa
✅ Cliente conectado a WebSocket: rcekcnJlleGAeTQbABXc
❌ Cliente desconectado: QNig8SSuXOFQ9nFWABXa
❌ Cliente desconectado: rcekcnJlleGAeTQbABXc
❌ Cliente desconectado: ZjVFEBs7_Bc1fblRABXZ
✅ Cliente conectado a WebSocket: dCMOX6U86gW7hPJwABXg
✅ Cliente conectado a WebSocket: MB7JumlmDJDWnVqMABXh
✅ Cliente conectado a WebSocket: WptFCDTz9WeTk2i7ABXi
❌ Cliente desconectado: WptFCDTz9WeTk2i7ABXi
❌ Cliente desconectado: MB7JumlmDJDWnVqMABXh
❌ Cliente desconectado: dCMOX6U86gW7hPJwABXg
✅ Cliente conectado a WebSocket: h71s5fCk3H-tIkn1ABXl
✅ Cliente conectado a WebSocket: Opwln4xhgH7nx9_QABXm
✅ Cliente conectado a WebSocket: Quu6ROFpd6W5tcy4ABXo
❌ Cliente desconectado: Opwln4xhgH7nx9_QABXm
❌ Cliente desconectado: h71s5fCk3H-tIkn1ABXl
❌ Cliente desconectado: Quu6ROFpd6W5tcy4ABXo
✅ Cliente conectado a WebSocket: xE29RXlQm-kZHK96ABXr
✅ Cliente conectado a WebSocket: F_XhqbZl-aAGuKvtABXs
✅ Cliente conectado a WebSocket: e1HcHhiRuQd3IreYABXu
❌ Cliente desconectado: xE29RXlQm-kZHK96ABXr
❌ Cliente desconectado: F_XhqbZl-aAGuKvtABXs
❌ Cliente desconectado: e1HcHhiRuQd3IreYABXu
✅ Cliente conectado a WebSocket: CaJf92vHv_d5ElU_ABXx
✅ Cliente conectado a WebSocket: Sv3-aYxrdzT0vYm1ABXy
✅ Cliente conectado a WebSocket: v9vyFHf8YXwAM_G1ABX0
❌ Cliente desconectado: Sv3-aYxrdzT0vYm1ABXy
❌ Cliente desconectado: CaJf92vHv_d5ElU_ABXx
❌ Cliente desconectado: v9vyFHf8YXwAM_G1ABX0
✅ Cliente conectado a WebSocket: Y0lbo53q59Slen3XABX2
✅ Cliente conectado a WebSocket: UZFK_hkZ04axiX6jABX5
✅ Cliente conectado a WebSocket: 8MC2rJYeFfDQMSvDABX6
❌ Cliente desconectado: Y0lbo53q59Slen3XABX2
❌ Cliente desconectado: UZFK_hkZ04axiX6jABX5
❌ Cliente desconectado: 8MC2rJYeFfDQMSvDABX6
✅ Cliente conectado a WebSocket: xhJnx62A3umLOFROABX9
✅ Cliente conectado a WebSocket: c6WUt0CLnUL45ilsABX-
✅ Cliente conectado a WebSocket: 0Hhjp1o5gNnUkXkfABYA
❌ Cliente desconectado: xhJnx62A3umLOFROABX9
❌ Cliente desconectado: c6WUt0CLnUL45ilsABX-
❌ Cliente desconectado: 0Hhjp1o5gNnUkXkfABYA
✅ Cliente conectado a WebSocket: nqULoDGAmM_27WgRABYD
✅ Cliente conectado a WebSocket: MWLtrf5n_mR5le_KABYE
✅ Cliente conectado a WebSocket: gHuAAVT-WeUuto8sABYG
❌ Cliente desconectado: nqULoDGAmM_27WgRABYD
❌ Cliente desconectado: MWLtrf5n_mR5le_KABYE
❌ Cliente desconectado: gHuAAVT-WeUuto8sABYG
✅ Cliente conectado a WebSocket: WCOso93XWbjSewgwABYI
✅ Cliente conectado a WebSocket: hIeW7vgPuVz1EQNKABYL
✅ Cliente conectado a WebSocket: H-TqXzPGDUqZUygUABYM
❌ Cliente desconectado: WCOso93XWbjSewgwABYI
❌ Cliente desconectado: hIeW7vgPuVz1EQNKABYL
❌ Cliente desconectado: H-TqXzPGDUqZUygUABYM
✅ Cliente conectado a WebSocket: Ky9AdWEY7Z6XIA0vABYO
✅ Cliente conectado a WebSocket: ia4N3P-qYteFg22rABYQ
✅ Cliente conectado a WebSocket: 6J9mvNk6u6AV1YpFABYS
❌ Cliente desconectado: Ky9AdWEY7Z6XIA0vABYO
❌ Cliente desconectado: 6J9mvNk6u6AV1YpFABYS
❌ Cliente desconectado: ia4N3P-qYteFg22rABYQ
✅ Cliente conectado a WebSocket: yhlSD1sFS9gKF52wABYV
✅ Cliente conectado a WebSocket: Mw0awihWVe05YUDWABYX
✅ Cliente conectado a WebSocket: LZ0sQ7NJRUfbwk8_ABYY
❌ Cliente desconectado: Mw0awihWVe05YUDWABYX
❌ Cliente desconectado: LZ0sQ7NJRUfbwk8_ABYY
❌ Cliente desconectado: yhlSD1sFS9gKF52wABYV
✅ Cliente conectado a WebSocket: MRbY-iApGdQYf0SsABYa
✅ Cliente conectado a WebSocket: T46E61oxkiKs_EhSABYd
✅ Cliente conectado a WebSocket: WVO0FjOWtN5dT-QoABYe
❌ Cliente desconectado: MRbY-iApGdQYf0SsABYa
❌ Cliente desconectado: T46E61oxkiKs_EhSABYd
❌ Cliente desconectado: WVO0FjOWtN5dT-QoABYe
✅ Cliente conectado a WebSocket: aLtyuJQY2nItEvTCABYh
✅ Cliente conectado a WebSocket: pcByyackqSOpf-YIABYi
✅ Cliente conectado a WebSocket: 8ieZ_EM9p_mJXbyeABYk
❌ Cliente desconectado: aLtyuJQY2nItEvTCABYh
❌ Cliente desconectado: pcByyackqSOpf-YIABYi
❌ Cliente desconectado: 8ieZ_EM9p_mJXbyeABYk
✅ Cliente conectado a WebSocket: uJPw9CdjLB5wl6kmABYm
✅ Cliente conectado a WebSocket: -WB-mxGwyprJ7huEABYo
✅ Cliente conectado a WebSocket: x3MheRVigNxzVkGdABYq
❌ Cliente desconectado: uJPw9CdjLB5wl6kmABYm
❌ Cliente desconectado: -WB-mxGwyprJ7huEABYo
❌ Cliente desconectado: x3MheRVigNxzVkGdABYq
✅ Cliente conectado a WebSocket: j45ld-rTjt4_0rEDABYs
✅ Cliente conectado a WebSocket: FXRAo9o90dT-3cRBABYv
✅ Cliente conectado a WebSocket: U34LmxYGL0MWxkKwABYw
❌ Cliente desconectado: j45ld-rTjt4_0rEDABYs
❌ Cliente desconectado: FXRAo9o90dT-3cRBABYv
❌ Cliente desconectado: U34LmxYGL0MWxkKwABYw
✅ Cliente conectado a WebSocket: 57_s23-3F3hOsVKnABYz
✅ Cliente conectado a WebSocket: 3EUNbUnVK1RVnKWQABY0
✅ Cliente conectado a WebSocket: 8WWSyEYhGMIUVmY3ABY2
❌ Cliente desconectado: 57_s23-3F3hOsVKnABYz
❌ Cliente desconectado: 3EUNbUnVK1RVnKWQABY0
❌ Cliente desconectado: 8WWSyEYhGMIUVmY3ABY2
✅ Cliente conectado a WebSocket: ZNDSwFfN_28thcDEABY5
✅ Cliente conectado a WebSocket: V6SUFfRs77TaQi8nABY6
✅ Cliente conectado a WebSocket: dxTUBZF9uiEVNbrFABY8
❌ Cliente desconectado: ZNDSwFfN_28thcDEABY5
❌ Cliente desconectado: V6SUFfRs77TaQi8nABY6
❌ Cliente desconectado: dxTUBZF9uiEVNbrFABY8
✅ Cliente conectado a WebSocket: QNafNFHMUjACHlrnABY-
✅ Cliente conectado a WebSocket: u_XJwmNjQP_1yeeqABZB
✅ Cliente conectado a WebSocket: 85Wc0b_W1BjOQ7ccABZC
❌ Cliente desconectado: QNafNFHMUjACHlrnABY-
❌ Cliente desconectado: u_XJwmNjQP_1yeeqABZB
❌ Cliente desconectado: 85Wc0b_W1BjOQ7ccABZC
✅ Cliente conectado a WebSocket: YqNhCgDjck6vgoxmABZE
✅ Cliente conectado a WebSocket: 6vW58u6Sef8xzTjJABZG
✅ Cliente conectado a WebSocket: hZXYM0L91JlzXo_zABZI
❌ Cliente desconectado: YqNhCgDjck6vgoxmABZE
❌ Cliente desconectado: 6vW58u6Sef8xzTjJABZG
❌ Cliente desconectado: hZXYM0L91JlzXo_zABZI
✅ Cliente conectado a WebSocket: a-sHGtANxbZL_fBMABZK
✅ Cliente conectado a WebSocket: XqCG4nc7JgqgrdsyABZM
✅ Cliente conectado a WebSocket: v5T3Pdh_7mhiszBKABZO
❌ Cliente desconectado: a-sHGtANxbZL_fBMABZK
❌ Cliente desconectado: v5T3Pdh_7mhiszBKABZO
❌ Cliente desconectado: XqCG4nc7JgqgrdsyABZM
✅ Cliente conectado a WebSocket: orN_9mL97uDmoPqiABZQ
✅ Cliente conectado a WebSocket: ffFUl0PZrh6gFIFtABZT
✅ Cliente conectado a WebSocket: W_HskrvmpMtrvuvkABZU
❌ Cliente desconectado: orN_9mL97uDmoPqiABZQ
❌ Cliente desconectado: ffFUl0PZrh6gFIFtABZT
❌ Cliente desconectado: W_HskrvmpMtrvuvkABZU
✅ Cliente conectado a WebSocket: _79q1XQhIKQCdzRKABZX
✅ Cliente conectado a WebSocket: p633BQOeH_drKIRPABZY
✅ Cliente conectado a WebSocket: SAh4woAo0b9W2eu0ABZa
❌ Cliente desconectado: _79q1XQhIKQCdzRKABZX
❌ Cliente desconectado: p633BQOeH_drKIRPABZY
❌ Cliente desconectado: SAh4woAo0b9W2eu0ABZa
✅ Cliente conectado a WebSocket: AQW_2AgWLZcYKqZ7ABZd
✅ Cliente conectado a WebSocket: ZDk0TlIUn0UclmMDABZe
✅ Cliente conectado a WebSocket: hPJ7hiTJNq9_t07eABZg
❌ Cliente desconectado: AQW_2AgWLZcYKqZ7ABZd
❌ Cliente desconectado: ZDk0TlIUn0UclmMDABZe
❌ Cliente desconectado: hPJ7hiTJNq9_t07eABZg
✅ Cliente conectado a WebSocket: mffW8utunBjEyZPNABZj
✅ Cliente conectado a WebSocket: RypNqNWfzIDTCI6rABZk
✅ Cliente conectado a WebSocket: yYiH-XiScyrfLdxGABZm
❌ Cliente desconectado: RypNqNWfzIDTCI6rABZk
❌ Cliente desconectado: mffW8utunBjEyZPNABZj
❌ Cliente desconectado: yYiH-XiScyrfLdxGABZm
✅ Cliente conectado a WebSocket: IuulFNy4fgMvcI4MABZq
✅ Cliente conectado a WebSocket: D3tDXXkRSHlJ1_E4ABZr
✅ Cliente conectado a WebSocket: PqgLYYFEEEGUHjltABZs
❌ Cliente desconectado: IuulFNy4fgMvcI4MABZq
❌ Cliente desconectado: D3tDXXkRSHlJ1_E4ABZr
❌ Cliente desconectado: PqgLYYFEEEGUHjltABZs
✅ Cliente conectado a WebSocket: bTGhgYjFwlKf_NP4ABZu
✅ Cliente conectado a WebSocket: Gqhmq2ivPPSnkH5vABZx
✅ Cliente conectado a WebSocket: rLtlvTqO9wGSNtj5ABZy
❌ Cliente desconectado: bTGhgYjFwlKf_NP4ABZu
❌ Cliente desconectado: Gqhmq2ivPPSnkH5vABZx
❌ Cliente desconectado: rLtlvTqO9wGSNtj5ABZy
✅ Cliente conectado a WebSocket: zgD7pNz7dBpRnHsfABZ0
✅ Cliente conectado a WebSocket: v5lxtWRK57A3t_HPABZ3
✅ Cliente conectado a WebSocket: qzzHFMJTdXfhzjD7ABZ4
❌ Cliente desconectado: zgD7pNz7dBpRnHsfABZ0
❌ Cliente desconectado: v5lxtWRK57A3t_HPABZ3
❌ Cliente desconectado: qzzHFMJTdXfhzjD7ABZ4
✅ Cliente conectado a WebSocket: o9t8RyZ6Skdoh0zlABZ7
✅ Cliente conectado a WebSocket: Xetglug-TREfbjxWABZ8
✅ Cliente conectado a WebSocket: r7rXZpKpXFA43azpABZ-
❌ Cliente desconectado: Xetglug-TREfbjxWABZ8
❌ Cliente desconectado: r7rXZpKpXFA43azpABZ-
❌ Cliente desconectado: o9t8RyZ6Skdoh0zlABZ7
✅ Cliente conectado a WebSocket: SMYvq94Hg-c0_rLxABaC
✅ Cliente conectado a WebSocket: 9m3v9Hni7Utd1YM6ABaD
✅ Cliente conectado a WebSocket: M6sE7eKo5SahlQKwABaE
❌ Cliente desconectado: M6sE7eKo5SahlQKwABaE
❌ Cliente desconectado: SMYvq94Hg-c0_rLxABaC
❌ Cliente desconectado: 9m3v9Hni7Utd1YM6ABaD
✅ Cliente conectado a WebSocket: rdNkbJspUzWIptC_ABaI
✅ Cliente conectado a WebSocket: tah4qVGvvGJjuxfwABaJ
✅ Cliente conectado a WebSocket: 1JysIYvpc7_SUtKLABaK
❌ Cliente desconectado: rdNkbJspUzWIptC_ABaI
❌ Cliente desconectado: tah4qVGvvGJjuxfwABaJ
❌ Cliente desconectado: 1JysIYvpc7_SUtKLABaK
✅ Cliente conectado a WebSocket: 9pS8I3zsANHkGKa5ABaN
✅ Cliente conectado a WebSocket: u-iBRRYYaK1natK6ABaO
✅ Cliente conectado a WebSocket: 34NLdaXuFPigqcZfABaQ
❌ Cliente desconectado: 9pS8I3zsANHkGKa5ABaN
❌ Cliente desconectado: u-iBRRYYaK1natK6ABaO
❌ Cliente desconectado: 34NLdaXuFPigqcZfABaQ
✅ Cliente conectado a WebSocket: cmPJNQ365IhcyzmtABaS
✅ Cliente conectado a WebSocket: GCLn6JMIWI-4_29bABaV
✅ Cliente conectado a WebSocket: 4Z5B1V1ooIHHKIw0ABaW
❌ Cliente desconectado: cmPJNQ365IhcyzmtABaS
❌ Cliente desconectado: GCLn6JMIWI-4_29bABaV
❌ Cliente desconectado: 4Z5B1V1ooIHHKIw0ABaW
✅ Cliente conectado a WebSocket: vja2BheHgz8-yX9MABaZ
✅ Cliente conectado a WebSocket: uLFEX1k6fYdw7r-gABaa
✅ Cliente conectado a WebSocket: 2myA3hrPu5LQVP3WABac
❌ Cliente desconectado: vja2BheHgz8-yX9MABaZ
❌ Cliente desconectado: uLFEX1k6fYdw7r-gABaa
❌ Cliente desconectado: 2myA3hrPu5LQVP3WABac
✅ Cliente conectado a WebSocket: tetvqSteO_WPw5tJABae
✅ Cliente conectado a WebSocket: UHV_3gsqpA6nJcovABah
✅ Cliente conectado a WebSocket: zk1ABrx0MYGhPOPjABai
❌ Cliente desconectado: tetvqSteO_WPw5tJABae
❌ Cliente desconectado: UHV_3gsqpA6nJcovABah
❌ Cliente desconectado: zk1ABrx0MYGhPOPjABai
✅ Cliente conectado a WebSocket: z-u7fIDBLFN3F8WfABal
✅ Cliente conectado a WebSocket: M8oJjl59FVBRx7DuABam
✅ Cliente conectado a WebSocket: 4QEgLpEAuxMlYcvoABao
❌ Cliente desconectado: M8oJjl59FVBRx7DuABam
❌ Cliente desconectado: z-u7fIDBLFN3F8WfABal
❌ Cliente desconectado: 4QEgLpEAuxMlYcvoABao
✅ Cliente conectado a WebSocket: oqp2S3ev-tPkci6jABas
✅ Cliente conectado a WebSocket: uZmc-4s1PFb3IqUXABat
✅ Cliente conectado a WebSocket: _IBbRkh5G67LZF4iABau
❌ Cliente desconectado: oqp2S3ev-tPkci6jABas
❌ Cliente desconectado: uZmc-4s1PFb3IqUXABat
❌ Cliente desconectado: _IBbRkh5G67LZF4iABau
✅ Cliente conectado a WebSocket: gxsSpn9f3CWa8OjRABaw
✅ Cliente conectado a WebSocket: m-vRpKeT1y64YJ1EABaz
✅ Cliente conectado a WebSocket: M15kexonwc23DmYcABa0
❌ Cliente desconectado: m-vRpKeT1y64YJ1EABaz
❌ Cliente desconectado: M15kexonwc23DmYcABa0
❌ Cliente desconectado: gxsSpn9f3CWa8OjRABaw
✅ Cliente conectado a WebSocket: 3h06_wg8Pi784hZsABa4
✅ Cliente conectado a WebSocket: TS7S2SM6wKKIfl4dABa5
✅ Cliente conectado a WebSocket: xwaRIx408OMgRa73ABa6
❌ Cliente desconectado: 3h06_wg8Pi784hZsABa4
❌ Cliente desconectado: TS7S2SM6wKKIfl4dABa5
❌ Cliente desconectado: xwaRIx408OMgRa73ABa6
✅ Cliente conectado a WebSocket: FY2d5TiCfu0umXIvABa9
✅ Cliente conectado a WebSocket: BC1K4izZ2VzmrZFGABa-
✅ Cliente conectado a WebSocket: gWBHKpBziMgcBzStABbA
❌ Cliente desconectado: gWBHKpBziMgcBzStABbA
❌ Cliente desconectado: FY2d5TiCfu0umXIvABa9
❌ Cliente desconectado: BC1K4izZ2VzmrZFGABa-
✅ Cliente conectado a WebSocket: wCQeRWi0WbOnsKUVABbC
✅ Cliente conectado a WebSocket: I2E9R0CMoi9gDmX6ABbE
✅ Cliente conectado a WebSocket: 0QnOpZOJh5duhB5LABbG
❌ Cliente desconectado: wCQeRWi0WbOnsKUVABbC
❌ Cliente desconectado: 0QnOpZOJh5duhB5LABbG
❌ Cliente desconectado: I2E9R0CMoi9gDmX6ABbE
✅ Cliente conectado a WebSocket: 9qr8_hPYnFsHgomoABbI
✅ Cliente conectado a WebSocket: WFN09F238jD3BjFaABbK
✅ Cliente conectado a WebSocket: MChTnB-fl928pdV7ABbM
❌ Cliente desconectado: 9qr8_hPYnFsHgomoABbI
❌ Cliente desconectado: WFN09F238jD3BjFaABbK
❌ Cliente desconectado: MChTnB-fl928pdV7ABbM
✅ Cliente conectado a WebSocket: wgNEglo-n-xKVBqLABbP
✅ Cliente conectado a WebSocket: CS2CfN73i3SVCcoEABbQ
✅ Cliente conectado a WebSocket: IR4a2Uy9YY5fc_AIABbS
❌ Cliente desconectado: wgNEglo-n-xKVBqLABbP
❌ Cliente desconectado: CS2CfN73i3SVCcoEABbQ
❌ Cliente desconectado: IR4a2Uy9YY5fc_AIABbS
✅ Cliente conectado a WebSocket: ZoY9pK0lJMMApcZ6ABbW
✅ Cliente conectado a WebSocket: 3fvGVPLFFqeSCqn2ABbX
✅ Cliente conectado a WebSocket: 8a9B3EA_ZO-8g_61ABbY
❌ Cliente desconectado: 8a9B3EA_ZO-8g_61ABbY
❌ Cliente desconectado: ZoY9pK0lJMMApcZ6ABbW
❌ Cliente desconectado: 3fvGVPLFFqeSCqn2ABbX
✅ Cliente conectado a WebSocket: FkJOyi2IP1k5lYSIABba
✅ Cliente conectado a WebSocket: _r8qNg0CQ_pV5veoABbc
✅ Cliente conectado a WebSocket: 2cq14Ze5qhD_5DryABbe
❌ Cliente desconectado: _r8qNg0CQ_pV5veoABbc
❌ Cliente desconectado: FkJOyi2IP1k5lYSIABba
❌ Cliente desconectado: 2cq14Ze5qhD_5DryABbe
✅ Cliente conectado a WebSocket: 5DJK9xdDkwYFiZ4jABbh
✅ Cliente conectado a WebSocket: L0loZ9_dyrfXsDIIABbi
✅ Cliente conectado a WebSocket: hgOhSs8e6gtrlDUoABbk
❌ Cliente desconectado: 5DJK9xdDkwYFiZ4jABbh
❌ Cliente desconectado: hgOhSs8e6gtrlDUoABbk
❌ Cliente desconectado: L0loZ9_dyrfXsDIIABbi
✅ Cliente conectado a WebSocket: y9UTkcqm0mCGxIinABbm
✅ Cliente conectado a WebSocket: AunkBsHIomnjQRhGABbo
✅ Cliente conectado a WebSocket: nvvZzoYR7h63WVlxABbq
❌ Cliente desconectado: y9UTkcqm0mCGxIinABbm
❌ Cliente desconectado: nvvZzoYR7h63WVlxABbq
❌ Cliente desconectado: AunkBsHIomnjQRhGABbo
✅ Cliente conectado a WebSocket: Ho2Qp01RrCns5po0ABbu
✅ Cliente conectado a WebSocket: c9IAgYq5krSxBtTQABbv
✅ Cliente conectado a WebSocket: kamOeeNGMHfEmwWdABbw
❌ Cliente desconectado: kamOeeNGMHfEmwWdABbw
❌ Cliente desconectado: Ho2Qp01RrCns5po0ABbu
❌ Cliente desconectado: c9IAgYq5krSxBtTQABbv
✅ Cliente conectado a WebSocket: zB5U5pCmpBV9OJEDABb0
✅ Cliente conectado a WebSocket: eSkAxAI_NvQ5WvWuABb1
✅ Cliente conectado a WebSocket: Dz9VnN1_3LkGcGE9ABb2
❌ Cliente desconectado: Dz9VnN1_3LkGcGE9ABb2
❌ Cliente desconectado: zB5U5pCmpBV9OJEDABb0
❌ Cliente desconectado: eSkAxAI_NvQ5WvWuABb1
✅ Cliente conectado a WebSocket: z85XZaPd3a9Abdr4ABb4
✅ Cliente conectado a WebSocket: bRqWGVZu3OviObtEABb6
✅ Cliente conectado a WebSocket: Hu2RfvNTkTvSbVYCABb8
❌ Cliente desconectado: z85XZaPd3a9Abdr4ABb4
❌ Cliente desconectado: bRqWGVZu3OviObtEABb6
❌ Cliente desconectado: Hu2RfvNTkTvSbVYCABb8
✅ Cliente conectado a WebSocket: 46GHYrTKVrehxaOyABcA
✅ Cliente conectado a WebSocket: IdY4HKjVTHiSxuKnABcB
✅ Cliente conectado a WebSocket: ikSPB7hhUatewYeQABcC
❌ Cliente desconectado: 46GHYrTKVrehxaOyABcA
❌ Cliente desconectado: IdY4HKjVTHiSxuKnABcB
❌ Cliente desconectado: ikSPB7hhUatewYeQABcC
✅ Cliente conectado a WebSocket: qe3j-GmD9ckUPPG-ABcE
✅ Cliente conectado a WebSocket: qfrovCoAaBPIAxEcABcG
✅ Cliente conectado a WebSocket: WDWK5reyvrDUbt_1ABcI
❌ Cliente desconectado: qe3j-GmD9ckUPPG-ABcE
❌ Cliente desconectado: qfrovCoAaBPIAxEcABcG
❌ Cliente desconectado: WDWK5reyvrDUbt_1ABcI
✅ Cliente conectado a WebSocket: 1cvehwQqpAs0hSQsABcL
✅ Cliente conectado a WebSocket: pIJS7uYUy3tjRPGgABcM
✅ Cliente conectado a WebSocket: GLeVdXne27iP4KTgABcO
❌ Cliente desconectado: 1cvehwQqpAs0hSQsABcL
❌ Cliente desconectado: pIJS7uYUy3tjRPGgABcM
❌ Cliente desconectado: GLeVdXne27iP4KTgABcO
✅ Cliente conectado a WebSocket: nqjYQ2nTN6NXkbReABcR
✅ Cliente conectado a WebSocket: 8DfEy1889OMN2GkfABcS
✅ Cliente conectado a WebSocket: PSTWRYy8pi0Mtdy8ABcU
❌ Cliente desconectado: 8DfEy1889OMN2GkfABcS
❌ Cliente desconectado: nqjYQ2nTN6NXkbReABcR
❌ Cliente desconectado: PSTWRYy8pi0Mtdy8ABcU
✅ Cliente conectado a WebSocket: qufDC9oiecRbOok4ABcX
✅ Cliente conectado a WebSocket: DfCUV8zNeJlxBTmRABcY
✅ Cliente conectado a WebSocket: 7xCZ5UQkl6IFyltXABca
❌ Cliente desconectado: DfCUV8zNeJlxBTmRABcY
❌ Cliente desconectado: 7xCZ5UQkl6IFyltXABca
❌ Cliente desconectado: qufDC9oiecRbOok4ABcX
✅ Cliente conectado a WebSocket: 8Blz8stjyBrV-j2LABcc
✅ Cliente conectado a WebSocket: _msh53LV_V3g_bDxABce
✅ Cliente conectado a WebSocket: ztqMInrpbXhNYaV4ABcg
❌ Cliente desconectado: 8Blz8stjyBrV-j2LABcc
❌ Cliente desconectado: _msh53LV_V3g_bDxABce
❌ Cliente desconectado: ztqMInrpbXhNYaV4ABcg
✅ Cliente conectado a WebSocket: rbgbKbHh3HU9h1K_ABci
✅ Cliente conectado a WebSocket: YypVkkdB3EfZOs54ABck
✅ Cliente conectado a WebSocket: -Bl15A87d821UZCGABcm
❌ Cliente desconectado: rbgbKbHh3HU9h1K_ABci
❌ Cliente desconectado: YypVkkdB3EfZOs54ABck
❌ Cliente desconectado: -Bl15A87d821UZCGABcm
✅ Cliente conectado a WebSocket: zE_TjDupFVMMBYa7ABcp
✅ Cliente conectado a WebSocket: LAalzTXGOpuh57mcABcq
✅ Cliente conectado a WebSocket: 6Bp2Dciy1zQKA66WABcs
❌ Cliente desconectado: LAalzTXGOpuh57mcABcq
❌ Cliente desconectado: zE_TjDupFVMMBYa7ABcp
❌ Cliente desconectado: 6Bp2Dciy1zQKA66WABcs
✅ Cliente conectado a WebSocket: rbwX3NgYvx2_mi8sABcu
✅ Cliente conectado a WebSocket: a8d7D3EYCxUde-soABcw
✅ Cliente conectado a WebSocket: 7k8u3dKJ9OjesIxmABcy
❌ Cliente desconectado: rbwX3NgYvx2_mi8sABcu
❌ Cliente desconectado: a8d7D3EYCxUde-soABcw
❌ Cliente desconectado: 7k8u3dKJ9OjesIxmABcy
✅ Cliente conectado a WebSocket: HuQ4W-bi3y_4Q5atABc0
✅ Cliente conectado a WebSocket: ZICWuEbq_E4GJd_LABc3
✅ Cliente conectado a WebSocket: FCdk6-2wfHftCu_PABc4
❌ Cliente desconectado: HuQ4W-bi3y_4Q5atABc0
❌ Cliente desconectado: ZICWuEbq_E4GJd_LABc3
❌ Cliente desconectado: FCdk6-2wfHftCu_PABc4
✅ Cliente conectado a WebSocket: yjgc3LKZdOKUpCzaABc7
✅ Cliente conectado a WebSocket: ZZkPZWZLP_OATUkZABc8
✅ Cliente conectado a WebSocket: EolwDfC67b4PxsviABc-
❌ Cliente desconectado: yjgc3LKZdOKUpCzaABc7
❌ Cliente desconectado: ZZkPZWZLP_OATUkZABc8
❌ Cliente desconectado: EolwDfC67b4PxsviABc-
✅ Cliente conectado a WebSocket: Zp4FwVxvYZ5rAn3AABdA
✅ Cliente conectado a WebSocket: RdO5TsPMOLr24M13ABdD
✅ Cliente conectado a WebSocket: hY3N33xU8c_gKRlGABdE
❌ Cliente desconectado: Zp4FwVxvYZ5rAn3AABdA
❌ Cliente desconectado: hY3N33xU8c_gKRlGABdE
❌ Cliente desconectado: RdO5TsPMOLr24M13ABdD
✅ Cliente conectado a WebSocket: vmOUhvuJOviHzfPEABdG
✅ Cliente conectado a WebSocket: Rn7IIJyNDLFmm-voABdI
✅ Cliente conectado a WebSocket: X4V1qUXDTz1Tpr-hABdK
❌ Cliente desconectado: vmOUhvuJOviHzfPEABdG
❌ Cliente desconectado: Rn7IIJyNDLFmm-voABdI
❌ Cliente desconectado: X4V1qUXDTz1Tpr-hABdK
✅ Cliente conectado a WebSocket: 3qvY6VauAUQxjo3PABdO
✅ Cliente conectado a WebSocket: 3-0QW4hSpOqlDargABdP
✅ Cliente conectado a WebSocket: jySdKX76vfnXGjelABdQ
❌ Cliente desconectado: 3-0QW4hSpOqlDargABdP
❌ Cliente desconectado: jySdKX76vfnXGjelABdQ
❌ Cliente desconectado: 3qvY6VauAUQxjo3PABdO
✅ Cliente conectado a WebSocket: s-QK9lRoyFsvPxetABdS
✅ Cliente conectado a WebSocket: AyhpvEpRg_mw3hwdABdV
✅ Cliente conectado a WebSocket: 0jEy1Yucp9VPSvt2ABdW
❌ Cliente desconectado: s-QK9lRoyFsvPxetABdS
❌ Cliente desconectado: AyhpvEpRg_mw3hwdABdV
❌ Cliente desconectado: 0jEy1Yucp9VPSvt2ABdW
✅ Cliente conectado a WebSocket: EqkZh2K7OwP4N1l9ABdY
✅ Cliente conectado a WebSocket: DuCTu994ZFj34ij4ABda
✅ Cliente conectado a WebSocket: KvQmo4nKcT40IyjOABdc
❌ Cliente desconectado: EqkZh2K7OwP4N1l9ABdY
❌ Cliente desconectado: DuCTu994ZFj34ij4ABda
❌ Cliente desconectado: KvQmo4nKcT40IyjOABdc
✅ Cliente conectado a WebSocket: SEj7JfG6Bbryqdp5ABde
✅ Cliente conectado a WebSocket: aAqZIyBR9HKmAT8FABdh
✅ Cliente conectado a WebSocket: LOGCdpVdOI9RsGWLABdi
❌ Cliente desconectado: SEj7JfG6Bbryqdp5ABde
❌ Cliente desconectado: aAqZIyBR9HKmAT8FABdh
❌ Cliente desconectado: LOGCdpVdOI9RsGWLABdi
✅ Cliente conectado a WebSocket: NJhOzEbdVbQIUi2KABdl
✅ Cliente conectado a WebSocket: X7nOEkZTpKszN0LeABdm
✅ Cliente conectado a WebSocket: eAFmk8eb-4qGAJ7WABdo
❌ Cliente desconectado: X7nOEkZTpKszN0LeABdm
❌ Cliente desconectado: NJhOzEbdVbQIUi2KABdl
❌ Cliente desconectado: eAFmk8eb-4qGAJ7WABdo
✅ Cliente conectado a WebSocket: bqs9OA3uSX52ubGHABdr
✅ Cliente conectado a WebSocket: TkSoTDacDbxGho6HABds
✅ Cliente conectado a WebSocket: aUQqyCiTYBmu9UGdABdu
❌ Cliente desconectado: TkSoTDacDbxGho6HABds
❌ Cliente desconectado: aUQqyCiTYBmu9UGdABdu
❌ Cliente desconectado: bqs9OA3uSX52ubGHABdr
✅ Cliente conectado a WebSocket: fkfMcKRcHVMpnTSvABdy
✅ Cliente conectado a WebSocket: KvAHCf1JIwvlyw4iABdz
✅ Cliente conectado a WebSocket: 5Pcr3sbHs18Q1CgWABd0
❌ Cliente desconectado: fkfMcKRcHVMpnTSvABdy
❌ Cliente desconectado: KvAHCf1JIwvlyw4iABdz
❌ Cliente desconectado: 5Pcr3sbHs18Q1CgWABd0
✅ Cliente conectado a WebSocket: ZwD_vOZzi54VuEWuABd3
✅ Cliente conectado a WebSocket: NOoWO5SW6frc2-P2ABd4
✅ Cliente conectado a WebSocket: 9s077PkVSGfQHTFqABd6
❌ Cliente desconectado: ZwD_vOZzi54VuEWuABd3
❌ Cliente desconectado: NOoWO5SW6frc2-P2ABd4
❌ Cliente desconectado: 9s077PkVSGfQHTFqABd6
✅ Cliente conectado a WebSocket: wsUd2FThtjaCMkWVABd8
✅ Cliente conectado a WebSocket: ryiRvbRifEji7QKKABd_
✅ Cliente conectado a WebSocket: O9k1svRM5D1ixsDJABeA
❌ Cliente desconectado: wsUd2FThtjaCMkWVABd8
❌ Cliente desconectado: ryiRvbRifEji7QKKABd_
❌ Cliente desconectado: O9k1svRM5D1ixsDJABeA
✅ Cliente conectado a WebSocket: eTeo1aYjl5HsqSswABeE
✅ Cliente conectado a WebSocket: 0cOgj3TYSwIiWX5nABeF
❌ Cliente desconectado: eTeo1aYjl5HsqSswABeE
❌ Cliente desconectado: 0cOgj3TYSwIiWX5nABeF
✅ Cliente conectado a WebSocket: 4hvx5efuya4S1fbcABeH
✅ Cliente conectado a WebSocket: 9_CF9T271e2qdC_NABeJ
✅ Cliente conectado a WebSocket: 9uMK3Q-5nDm7mmI6ABeL
❌ Cliente desconectado: 4hvx5efuya4S1fbcABeH
❌ Cliente desconectado: 9_CF9T271e2qdC_NABeJ
❌ Cliente desconectado: 9uMK3Q-5nDm7mmI6ABeL
✅ Cliente conectado a WebSocket: Cm7wC7SA9XZDMh0gABeN
✅ Cliente conectado a WebSocket: vnRhkYnjjuuqbOqNABeQ
✅ Cliente conectado a WebSocket: yXNjtAUgoq5O2PriABeR
❌ Cliente desconectado: Cm7wC7SA9XZDMh0gABeN
❌ Cliente desconectado: yXNjtAUgoq5O2PriABeR
❌ Cliente desconectado: vnRhkYnjjuuqbOqNABeQ
✅ Cliente conectado a WebSocket: DuxtRIkWWoJe074AABeT
✅ Cliente conectado a WebSocket: lRyxxjeCayELt7RzABeV
✅ Cliente conectado a WebSocket: _JKs7F_gOKdBl_GVABeX
❌ Cliente desconectado: DuxtRIkWWoJe074AABeT
❌ Cliente desconectado: _JKs7F_gOKdBl_GVABeX
❌ Cliente desconectado: lRyxxjeCayELt7RzABeV
✅ Cliente conectado a WebSocket: _69M8O-ReoxLZoyfABeZ
✅ Cliente conectado a WebSocket: atUcbMI06_c2FhkwABec
✅ Cliente conectado a WebSocket: f9zgkhi3Sy-xGxOnABed
❌ Cliente desconectado: _69M8O-ReoxLZoyfABeZ
❌ Cliente desconectado: atUcbMI06_c2FhkwABec
❌ Cliente desconectado: f9zgkhi3Sy-xGxOnABed
✅ Cliente conectado a WebSocket: gxhDyxMh0VKgfRHPABeh
✅ Cliente conectado a WebSocket: Suq4rCMZkow34d6EABei
✅ Cliente conectado a WebSocket: bCAgwsUd2PJWireEABej
❌ Cliente desconectado: bCAgwsUd2PJWireEABej
❌ Cliente desconectado: gxhDyxMh0VKgfRHPABeh
❌ Cliente desconectado: Suq4rCMZkow34d6EABei
✅ Cliente conectado a WebSocket: CKiRtMR17bpFlvl2ABem
✅ Cliente conectado a WebSocket: vf6RcvR1QzjRYsvkABen
✅ Cliente conectado a WebSocket: 4xSYmDOZx3pSfHNIABep
❌ Cliente desconectado: vf6RcvR1QzjRYsvkABen
❌ Cliente desconectado: CKiRtMR17bpFlvl2ABem
❌ Cliente desconectado: 4xSYmDOZx3pSfHNIABep
✅ Cliente conectado a WebSocket: GTMbQFdb7QcJIM5HABer
✅ Cliente conectado a WebSocket: q2EBBdHR37qAZ6VhABet
✅ Cliente conectado a WebSocket: sqGfvvl-b6zbJV_HABev
❌ Cliente desconectado: GTMbQFdb7QcJIM5HABer
❌ Cliente desconectado: q2EBBdHR37qAZ6VhABet
❌ Cliente desconectado: sqGfvvl-b6zbJV_HABev
✅ Cliente conectado a WebSocket: ezs6UCAoOWB-yC7_ABez
✅ Cliente conectado a WebSocket: bgArfw0q4LC9bYkdABe0
✅ Cliente conectado a WebSocket: CX2nKlB3O6Fi-grxABe1
❌ Cliente desconectado: ezs6UCAoOWB-yC7_ABez
❌ Cliente desconectado: CX2nKlB3O6Fi-grxABe1
❌ Cliente desconectado: bgArfw0q4LC9bYkdABe0
✅ Cliente conectado a WebSocket: PRDuULNMKroLBHvdABe5
✅ Cliente conectado a WebSocket: ZMN1s2uwLZYI6DY2ABe6
✅ Cliente conectado a WebSocket: Bvkbr2CmTP5n1qcJABe7
❌ Cliente desconectado: Bvkbr2CmTP5n1qcJABe7
❌ Cliente desconectado: PRDuULNMKroLBHvdABe5
❌ Cliente desconectado: ZMN1s2uwLZYI6DY2ABe6
✅ Cliente conectado a WebSocket: SC61IkhKzfvIc3d4ABe-
✅ Cliente conectado a WebSocket: R13OwRUDUVF280H8ABe_
✅ Cliente conectado a WebSocket: iQRjYXgwKPnoYyb6ABfB
❌ Cliente desconectado: R13OwRUDUVF280H8ABe_
❌ Cliente desconectado: iQRjYXgwKPnoYyb6ABfB
❌ Cliente desconectado: SC61IkhKzfvIc3d4ABe-
✅ Cliente conectado a WebSocket: 5VW8ak7l5IRib9l7ABfD
✅ Cliente conectado a WebSocket: 4qyvWhzOkgymjpsXABfF
✅ Cliente conectado a WebSocket: rmiLBfsu2QUKGwX0ABfH
❌ Cliente desconectado: 5VW8ak7l5IRib9l7ABfD
❌ Cliente desconectado: 4qyvWhzOkgymjpsXABfF
❌ Cliente desconectado: rmiLBfsu2QUKGwX0ABfH
✅ Cliente conectado a WebSocket: IYWkIDLRotYCjf6FABfK
✅ Cliente conectado a WebSocket: VpEc1LHWLNcw4fO1ABfL
✅ Cliente conectado a WebSocket: UUmtieahhdZGGiM0ABfN
❌ Cliente desconectado: VpEc1LHWLNcw4fO1ABfL
❌ Cliente desconectado: IYWkIDLRotYCjf6FABfK
❌ Cliente desconectado: UUmtieahhdZGGiM0ABfN
✅ Cliente conectado a WebSocket: n-LyfClbEMiIe2xlABfP
✅ Cliente conectado a WebSocket: HIesR-zzJ7l298O2ABfS
✅ Cliente conectado a WebSocket: NL8ipu8LG8pYTZbaABfT
❌ Cliente desconectado: n-LyfClbEMiIe2xlABfP
❌ Cliente desconectado: NL8ipu8LG8pYTZbaABfT
❌ Cliente desconectado: HIesR-zzJ7l298O2ABfS
✅ Cliente conectado a WebSocket: bHAZrY-FGYeDwRF0ABfV
✅ Cliente conectado a WebSocket: ZEtKtdVuCMKNbBM_ABfY
✅ Cliente conectado a WebSocket: _h8FJmvnSMEmhvvpABfZ
❌ Cliente desconectado: bHAZrY-FGYeDwRF0ABfV
❌ Cliente desconectado: _h8FJmvnSMEmhvvpABfZ
❌ Cliente desconectado: ZEtKtdVuCMKNbBM_ABfY
✅ Cliente conectado a WebSocket: yUTi7EyKZ9isOaT9ABfc
✅ Cliente conectado a WebSocket: dDoXoUajKV3P7nHrABfd
✅ Cliente conectado a WebSocket: GR4CQKnl4iY6aGwxABff
❌ Cliente desconectado: yUTi7EyKZ9isOaT9ABfc
❌ Cliente desconectado: dDoXoUajKV3P7nHrABfd
❌ Cliente desconectado: GR4CQKnl4iY6aGwxABff
✅ Cliente conectado a WebSocket: 1Fb8oxqZGokmfMc5ABfj
✅ Cliente conectado a WebSocket: eZjXH3r0i8QRwD4BABfk
✅ Cliente conectado a WebSocket: 403Qti6OxHiC25M2ABfl
❌ Cliente desconectado: 403Qti6OxHiC25M2ABfl
❌ Cliente desconectado: 1Fb8oxqZGokmfMc5ABfj
❌ Cliente desconectado: eZjXH3r0i8QRwD4BABfk
✅ Cliente conectado a WebSocket: wQzRRlJd9e8IWCNqABfn
✅ Cliente conectado a WebSocket: vZwS6X44Hh6EycdrABfq
✅ Cliente conectado a WebSocket: kzRY7-rRXUSBoOtEABfr
❌ Cliente desconectado: wQzRRlJd9e8IWCNqABfn
❌ Cliente desconectado: vZwS6X44Hh6EycdrABfq
❌ Cliente desconectado: kzRY7-rRXUSBoOtEABfr
✅ Cliente conectado a WebSocket: d9-3e9_7j2YCYcNQABfu
✅ Cliente conectado a WebSocket: dZ6aM6XR6rwL4tu1ABfv
✅ Cliente conectado a WebSocket: Xd_3BgvJFyWIhLwJABfx
❌ Cliente desconectado: d9-3e9_7j2YCYcNQABfu
❌ Cliente desconectado: dZ6aM6XR6rwL4tu1ABfv
❌ Cliente desconectado: Xd_3BgvJFyWIhLwJABfx
✅ Cliente conectado a WebSocket: xVwB673KsVb_js7_ABf1
✅ Cliente conectado a WebSocket: s9CRPz6MQ7stTTKpABf2
✅ Cliente conectado a WebSocket: OoZVM92CgR501fHTABf3
❌ Cliente desconectado: xVwB673KsVb_js7_ABf1
❌ Cliente desconectado: s9CRPz6MQ7stTTKpABf2
❌ Cliente desconectado: OoZVM92CgR501fHTABf3
✅ Cliente conectado a WebSocket: 5JJNgcFl-WLjD8LDABf6
✅ Cliente conectado a WebSocket: WTr5kH0Ml3szrwWuABf7
✅ Cliente conectado a WebSocket: JOfw6_LbtpejFxtZABf9
❌ Cliente desconectado: WTr5kH0Ml3szrwWuABf7
❌ Cliente desconectado: 5JJNgcFl-WLjD8LDABf6
❌ Cliente desconectado: JOfw6_LbtpejFxtZABf9
✅ Cliente conectado a WebSocket: Bhd7kKgdWpF-jJnIABf_
✅ Cliente conectado a WebSocket: Qk_tJjXnlcZbbKh9ABgC
✅ Cliente conectado a WebSocket: T6Gi621G5XkyZi6fABgD
❌ Cliente desconectado: Bhd7kKgdWpF-jJnIABf_
❌ Cliente desconectado: Qk_tJjXnlcZbbKh9ABgC
❌ Cliente desconectado: T6Gi621G5XkyZi6fABgD
✅ Cliente conectado a WebSocket: h1R4pMoFL2bvzM2iABgF
✅ Cliente conectado a WebSocket: 5IHFS3iFg-2UlfshABgH
✅ Cliente conectado a WebSocket: LaKTKw1m3ZVEgvA6ABgJ
❌ Cliente desconectado: 5IHFS3iFg-2UlfshABgH
❌ Cliente desconectado: h1R4pMoFL2bvzM2iABgF
❌ Cliente desconectado: LaKTKw1m3ZVEgvA6ABgJ
✅ Cliente conectado a WebSocket: vw18tomkxmIOZNwUABgL
✅ Cliente conectado a WebSocket: E8WqwvpHT4ohtH9QABgN
✅ Cliente conectado a WebSocket: JUNjA5MBuqqQmPSFABgP
❌ Cliente desconectado: vw18tomkxmIOZNwUABgL
❌ Cliente desconectado: E8WqwvpHT4ohtH9QABgN
❌ Cliente desconectado: JUNjA5MBuqqQmPSFABgP
✅ Cliente conectado a WebSocket: 05EvYTqOD0sgWswhABgS
✅ Cliente conectado a WebSocket: w0h9reOO99G4c-IlABgT
✅ Cliente conectado a WebSocket: fLYargEEsNk0kHnhABgV
❌ Cliente desconectado: w0h9reOO99G4c-IlABgT
❌ Cliente desconectado: 05EvYTqOD0sgWswhABgS
❌ Cliente desconectado: fLYargEEsNk0kHnhABgV
✅ Cliente conectado a WebSocket: -96HWgAzSzjZEl56ABgX
✅ Cliente conectado a WebSocket: txjrGOr7eksA8VyBABga
✅ Cliente conectado a WebSocket: 3qU3DzcvKHVpQzznABgb
❌ Cliente desconectado: -96HWgAzSzjZEl56ABgX
❌ Cliente desconectado: 3qU3DzcvKHVpQzznABgb
❌ Cliente desconectado: txjrGOr7eksA8VyBABga
✅ Cliente conectado a WebSocket: GCTcD1WMhJY8XaRJABgd
✅ Cliente conectado a WebSocket: RzKgEXDo_zzmirYvABgg
✅ Cliente conectado a WebSocket: CplB0wW4aPy_AC0aABgh
❌ Cliente desconectado: GCTcD1WMhJY8XaRJABgd
❌ Cliente desconectado: RzKgEXDo_zzmirYvABgg
❌ Cliente desconectado: CplB0wW4aPy_AC0aABgh
✅ Cliente conectado a WebSocket: t4kDeJg7CVl3C-QnABgk
✅ Cliente conectado a WebSocket: c_vRPC-L8lk__zcmABgl
✅ Cliente conectado a WebSocket: RGpOOj8GUIW5C_BVABgn
❌ Cliente desconectado: t4kDeJg7CVl3C-QnABgk
❌ Cliente desconectado: c_vRPC-L8lk__zcmABgl
❌ Cliente desconectado: RGpOOj8GUIW5C_BVABgn
✅ Cliente conectado a WebSocket: hB0mVoQG08x_8786ABgq
✅ Cliente conectado a WebSocket: H3HJHTIsT3a8fCU-ABgr
✅ Cliente conectado a WebSocket: 7svZF2tNSsEi3vdtABgt
❌ Cliente desconectado: hB0mVoQG08x_8786ABgq
❌ Cliente desconectado: H3HJHTIsT3a8fCU-ABgr
❌ Cliente desconectado: 7svZF2tNSsEi3vdtABgt
✅ Cliente conectado a WebSocket: gxpcyBwBUncS1-7ZABgv
✅ Cliente conectado a WebSocket: g7Z7FkZaN8_uaMnxABgy
✅ Cliente conectado a WebSocket: R4utUD8oKgfndPyEABgz
❌ Cliente desconectado: gxpcyBwBUncS1-7ZABgv
❌ Cliente desconectado: g7Z7FkZaN8_uaMnxABgy
❌ Cliente desconectado: R4utUD8oKgfndPyEABgz
✅ Cliente conectado a WebSocket: 6XcAjm5yi09-3slUABg2
✅ Cliente conectado a WebSocket: IXbZ6bUIz3rbjX1HABg3
✅ Cliente conectado a WebSocket: v84HW7Q3sS7ihAVdABg5
❌ Cliente desconectado: v84HW7Q3sS7ihAVdABg5
❌ Cliente desconectado: IXbZ6bUIz3rbjX1HABg3
❌ Cliente desconectado: 6XcAjm5yi09-3slUABg2
✅ Cliente conectado a WebSocket: eH6r_zulZeZofPdiABg7
✅ Cliente conectado a WebSocket: PVTssHfuiFizAY9DABg-
✅ Cliente conectado a WebSocket: 2ELbJPRUlYrUmckcABg_
❌ Cliente desconectado: eH6r_zulZeZofPdiABg7
❌ Cliente desconectado: PVTssHfuiFizAY9DABg-
❌ Cliente desconectado: 2ELbJPRUlYrUmckcABg_
✅ Cliente conectado a WebSocket: X7Vz1olec1Pash4jABhC
✅ Cliente conectado a WebSocket: goohYEkqGjaXb9zwABhD
✅ Cliente conectado a WebSocket: trAfkYojEyX4x3gJABhF
❌ Cliente desconectado: X7Vz1olec1Pash4jABhC
❌ Cliente desconectado: goohYEkqGjaXb9zwABhD
❌ Cliente desconectado: trAfkYojEyX4x3gJABhF
✅ Cliente conectado a WebSocket: K5RXsU61o6gaEHJzABhH
✅ Cliente conectado a WebSocket: 5ZnGHnRjml_tatGXABhJ
✅ Cliente conectado a WebSocket: R5-24WH03RWwSd8BABhL
❌ Cliente desconectado: K5RXsU61o6gaEHJzABhH
❌ Cliente desconectado: 5ZnGHnRjml_tatGXABhJ
❌ Cliente desconectado: R5-24WH03RWwSd8BABhL
✅ Cliente conectado a WebSocket: DB225HFU-tVOef6WABhO
✅ Cliente conectado a WebSocket: 7ppwxl5aTc0EGmA8ABhP
✅ Cliente conectado a WebSocket: O_5KbDBjE_VZZi3cABhR
❌ Cliente desconectado: 7ppwxl5aTc0EGmA8ABhP
❌ Cliente desconectado: DB225HFU-tVOef6WABhO
❌ Cliente desconectado: O_5KbDBjE_VZZi3cABhR
✅ Cliente conectado a WebSocket: xK9mluSmqbcB5bNRABhT
✅ Cliente conectado a WebSocket: g9aiS7kp05UTT1-fABhW
✅ Cliente conectado a WebSocket: H7o4VLAAZFWVEFYPABhX
❌ Cliente desconectado: xK9mluSmqbcB5bNRABhT
❌ Cliente desconectado: g9aiS7kp05UTT1-fABhW
❌ Cliente desconectado: H7o4VLAAZFWVEFYPABhX
✅ Cliente conectado a WebSocket: oN9x8y1YDqBI30rTABha
✅ Cliente conectado a WebSocket: j1LFi91cYwLaI8PtABhc
✅ Cliente conectado a WebSocket: P7YPoKuQSzF5OVFTABhd
❌ Cliente desconectado: oN9x8y1YDqBI30rTABha
❌ Cliente desconectado: j1LFi91cYwLaI8PtABhc
❌ Cliente desconectado: P7YPoKuQSzF5OVFTABhd
✅ Cliente conectado a WebSocket: 9JB2q1tGSLzVWa0bABhf
✅ Cliente conectado a WebSocket: Q532Q1HSgBqsOGjlABhi
✅ Cliente conectado a WebSocket: 9w1Dz2ij3ND1JEX-ABhj
❌ Cliente desconectado: 9JB2q1tGSLzVWa0bABhf
❌ Cliente desconectado: Q532Q1HSgBqsOGjlABhi
❌ Cliente desconectado: 9w1Dz2ij3ND1JEX-ABhj
✅ Cliente conectado a WebSocket: j3lkOfRWgW7gP6G6ABhl
✅ Cliente conectado a WebSocket: EOPStnNAPkvzQuxXABhn
✅ Cliente conectado a WebSocket: PTdXcW2uavMh7g2kABhp
❌ Cliente desconectado: j3lkOfRWgW7gP6G6ABhl
❌ Cliente desconectado: EOPStnNAPkvzQuxXABhn
❌ Cliente desconectado: PTdXcW2uavMh7g2kABhp
✅ Cliente conectado a WebSocket: zxKrfaSTYSzaH1ZtABhr
✅ Cliente conectado a WebSocket: n7KfxCaZ3j0X3xqbABhu
✅ Cliente conectado a WebSocket: OxEXHMD9XA68uu0TABhv
❌ Cliente desconectado: zxKrfaSTYSzaH1ZtABhr
❌ Cliente desconectado: OxEXHMD9XA68uu0TABhv
❌ Cliente desconectado: n7KfxCaZ3j0X3xqbABhu
✅ Cliente conectado a WebSocket: wLhaI5h04LY2qKAvABhy
✅ Cliente conectado a WebSocket: kuxFEeeo4MiZn9IDABhz
✅ Cliente conectado a WebSocket: A48joYTx0gAGQVkvABh1
❌ Cliente desconectado: wLhaI5h04LY2qKAvABhy
❌ Cliente desconectado: kuxFEeeo4MiZn9IDABhz
❌ Cliente desconectado: A48joYTx0gAGQVkvABh1
✅ Cliente conectado a WebSocket: oeYPA3nQxwIou_nSABh3
✅ Cliente conectado a WebSocket: xykrsQsj5yAuXdxOABh6
✅ Cliente conectado a WebSocket: Y5gcT70TRyKsIZ6mABh7
❌ Cliente desconectado: oeYPA3nQxwIou_nSABh3
❌ Cliente desconectado: xykrsQsj5yAuXdxOABh6
❌ Cliente desconectado: Y5gcT70TRyKsIZ6mABh7
✅ Cliente conectado a WebSocket: osWxUYWb7DaQVCOWABh-
✅ Cliente conectado a WebSocket: DOXEq_6736lZeaftABh_
✅ Cliente conectado a WebSocket: RmfmpOOESvy2RW5VABiB
❌ Cliente desconectado: osWxUYWb7DaQVCOWABh-
❌ Cliente desconectado: DOXEq_6736lZeaftABh_
❌ Cliente desconectado: RmfmpOOESvy2RW5VABiB
✅ Cliente conectado a WebSocket: Vukts8W6Dxk01kbTABiD
✅ Cliente conectado a WebSocket: Asj1drHzUMmlYKs5ABiG
✅ Cliente conectado a WebSocket: OM0MOZ_GY6NFesChABiH
❌ Cliente desconectado: Vukts8W6Dxk01kbTABiD
❌ Cliente desconectado: OM0MOZ_GY6NFesChABiH
❌ Cliente desconectado: Asj1drHzUMmlYKs5ABiG
✅ Cliente conectado a WebSocket: j4mQDWFzzNq-U9DZABiJ
✅ Cliente conectado a WebSocket: 1xi53hXgdBUo5WNEABiL
✅ Cliente conectado a WebSocket: _HTUlwf8cXyA_mRvABiN
❌ Cliente desconectado: j4mQDWFzzNq-U9DZABiJ
❌ Cliente desconectado: _HTUlwf8cXyA_mRvABiN
❌ Cliente desconectado: 1xi53hXgdBUo5WNEABiL
✅ Cliente conectado a WebSocket: 2Qb5bZiIulWHpQRaABiR
✅ Cliente conectado a WebSocket: x1CYWDC-sh68FQ_CABiS
✅ Cliente conectado a WebSocket: JSlEhLT7w6bPt0IvABiT
❌ Cliente desconectado: x1CYWDC-sh68FQ_CABiS
❌ Cliente desconectado: 2Qb5bZiIulWHpQRaABiR
❌ Cliente desconectado: JSlEhLT7w6bPt0IvABiT
✅ Cliente conectado a WebSocket: jf70d2Q5qOnqdA_iABiW
✅ Cliente conectado a WebSocket: xUp8d-q4E8mT3cgCABiX
✅ Cliente conectado a WebSocket: HO6wSPevxgnvgy9iABiZ
❌ Cliente desconectado: jf70d2Q5qOnqdA_iABiW
❌ Cliente desconectado: xUp8d-q4E8mT3cgCABiX
❌ Cliente desconectado: HO6wSPevxgnvgy9iABiZ
✅ Cliente conectado a WebSocket: kumlQmKlnrnrueS-ABib
✅ Cliente conectado a WebSocket: _kFMQ4hNnXdm1M8aABie
✅ Cliente conectado a WebSocket: Tk_7T1ZmZArjuljEABif
❌ Cliente desconectado: kumlQmKlnrnrueS-ABib
❌ Cliente desconectado: _kFMQ4hNnXdm1M8aABie
❌ Cliente desconectado: Tk_7T1ZmZArjuljEABif
✅ Cliente conectado a WebSocket: mSLCr-wnrRsxYHcYABij
✅ Cliente conectado a WebSocket: Di6CxFaCORVko8r4ABik
✅ Cliente conectado a WebSocket: mD7peGmUTWFR_O1qABil
❌ Cliente desconectado: mSLCr-wnrRsxYHcYABij
❌ Cliente desconectado: Di6CxFaCORVko8r4ABik
❌ Cliente desconectado: mD7peGmUTWFR_O1qABil
✅ Cliente conectado a WebSocket: tPIKUok_z8m0j6OOABio
✅ Cliente conectado a WebSocket: L8SVMcFvftOTfyYuABip
✅ Cliente conectado a WebSocket: B-DU1yGvZFeUH5_jABir
❌ Cliente desconectado: L8SVMcFvftOTfyYuABip
❌ Cliente desconectado: tPIKUok_z8m0j6OOABio
❌ Cliente desconectado: B-DU1yGvZFeUH5_jABir
✅ Cliente conectado a WebSocket: Xr40nce8flvF1bdjABiv
✅ Cliente conectado a WebSocket: 0Wg9de_qSDXo9D0NABiw
✅ Cliente conectado a WebSocket: PUwm2tqFe61j39QeABix
❌ Cliente desconectado: Xr40nce8flvF1bdjABiv
❌ Cliente desconectado: 0Wg9de_qSDXo9D0NABiw
❌ Cliente desconectado: PUwm2tqFe61j39QeABix
✅ Cliente conectado a WebSocket: rC5-uRc6yO_-JbhoABiz
✅ Cliente conectado a WebSocket: _ZlEEPFn1brg5h3_ABi2
✅ Cliente conectado a WebSocket: RfLxKkqxXw5Z65jZABi3
❌ Cliente desconectado: rC5-uRc6yO_-JbhoABiz
❌ Cliente desconectado: _ZlEEPFn1brg5h3_ABi2
❌ Cliente desconectado: RfLxKkqxXw5Z65jZABi3
✅ Cliente conectado a WebSocket: XETxUBIYkqoJG_tVABi5
✅ Cliente conectado a WebSocket: 8QyYdkNi-2_re0E5ABi7
✅ Cliente conectado a WebSocket: JC-eMqP6WVQuO3MGABi9
❌ Cliente desconectado: XETxUBIYkqoJG_tVABi5
❌ Cliente desconectado: 8QyYdkNi-2_re0E5ABi7
❌ Cliente desconectado: JC-eMqP6WVQuO3MGABi9
✅ Cliente conectado a WebSocket: ewPvwXT3VDOj1SQRABi_
✅ Cliente conectado a WebSocket: fJXjq45uVpigkbxmABjB
✅ Cliente conectado a WebSocket: TKPEeqJNtTbiOz8LABjD
❌ Cliente desconectado: ewPvwXT3VDOj1SQRABi_
❌ Cliente desconectado: fJXjq45uVpigkbxmABjB
❌ Cliente desconectado: TKPEeqJNtTbiOz8LABjD
✅ Cliente conectado a WebSocket: 61UO0TgUte5nPVZOABjG
✅ Cliente conectado a WebSocket: wgB4FbI-FbjkeFY4ABjH
✅ Cliente conectado a WebSocket: F8aa4kd-TJEjxQXKABjJ
❌ Cliente desconectado: wgB4FbI-FbjkeFY4ABjH
❌ Cliente desconectado: F8aa4kd-TJEjxQXKABjJ
❌ Cliente desconectado: 61UO0TgUte5nPVZOABjG
✅ Cliente conectado a WebSocket: LWFCDNUZkFYNLFyPABjM
✅ Cliente conectado a WebSocket: c5OWcSYigYopCmt4ABjO
✅ Cliente conectado a WebSocket: KrKNhhPH71F1Mu7MABjP
❌ Cliente desconectado: LWFCDNUZkFYNLFyPABjM
❌ Cliente desconectado: c5OWcSYigYopCmt4ABjO
❌ Cliente desconectado: KrKNhhPH71F1Mu7MABjP
✅ Cliente conectado a WebSocket: y_jWSHxWmvIhINbsABjT
✅ Cliente conectado a WebSocket: qiGoiToNEhlyvus-ABjU
✅ Cliente conectado a WebSocket: 9Pf5FolNhWxN1A9VABjV
❌ Cliente desconectado: y_jWSHxWmvIhINbsABjT
❌ Cliente desconectado: qiGoiToNEhlyvus-ABjU
❌ Cliente desconectado: 9Pf5FolNhWxN1A9VABjV
✅ Cliente conectado a WebSocket: GWcipSX8T5p4licKABjY
✅ Cliente conectado a WebSocket: h9iHSFwlpEb-lJpiABjZ
✅ Cliente conectado a WebSocket: -GQqbINCG-ISb9wTABjb
❌ Cliente desconectado: GWcipSX8T5p4licKABjY
❌ Cliente desconectado: h9iHSFwlpEb-lJpiABjZ
❌ Cliente desconectado: -GQqbINCG-ISb9wTABjb
✅ Cliente conectado a WebSocket: ao65J3-YX3nN_Ud7ABjd
✅ Cliente conectado a WebSocket: 7wI1ro8O_vqf0STcABjg
✅ Cliente conectado a WebSocket: oRn8BzjX0fHq2hgiABjh
❌ Cliente desconectado: ao65J3-YX3nN_Ud7ABjd
❌ Cliente desconectado: 7wI1ro8O_vqf0STcABjg
❌ Cliente desconectado: oRn8BzjX0fHq2hgiABjh
✅ Cliente conectado a WebSocket: KpPBqWkErnV7chiuABjk
✅ Cliente conectado a WebSocket: 9_K5O4wTxCnuANJYABjl
✅ Cliente conectado a WebSocket: sw52yiYqu_-0t5NmABjn
❌ Cliente desconectado: KpPBqWkErnV7chiuABjk
❌ Cliente desconectado: 9_K5O4wTxCnuANJYABjl
❌ Cliente desconectado: sw52yiYqu_-0t5NmABjn
✅ Cliente conectado a WebSocket: 9hheZOPUMEIf6m6AABjp
✅ Cliente conectado a WebSocket: E9O_EUmIJB-tuUCBABjs
✅ Cliente conectado a WebSocket: jgdWZOWyp2ab1KqbABjt
❌ Cliente desconectado: 9hheZOPUMEIf6m6AABjp
❌ Cliente desconectado: E9O_EUmIJB-tuUCBABjs
❌ Cliente desconectado: jgdWZOWyp2ab1KqbABjt
✅ Cliente conectado a WebSocket: 2rW5OoioBvCQ0lYTABjv
✅ Cliente conectado a WebSocket: KaPyRXM5Heta9qItABjy
✅ Cliente conectado a WebSocket: LJfQ1Y-kL5BQdg64ABjz
❌ Cliente desconectado: 2rW5OoioBvCQ0lYTABjv
❌ Cliente desconectado: KaPyRXM5Heta9qItABjy
❌ Cliente desconectado: LJfQ1Y-kL5BQdg64ABjz
✅ Cliente conectado a WebSocket: Li8c82F9nIOjUMUhABj3
✅ Cliente conectado a WebSocket: 7_ZrNT2LDGSj4aJGABj4
✅ Cliente conectado a WebSocket: q97DAxWYkFQwZhroABj5
❌ Cliente desconectado: Li8c82F9nIOjUMUhABj3
❌ Cliente desconectado: 7_ZrNT2LDGSj4aJGABj4
❌ Cliente desconectado: q97DAxWYkFQwZhroABj5
✅ Cliente conectado a WebSocket: 7bqrsPuUG46MSvr3ABj8
✅ Cliente conectado a WebSocket: MJC_0BXY5pf41sy4ABj9
✅ Cliente conectado a WebSocket: pY2RLEvrqG8fsrnFABj_
❌ Cliente desconectado: 7bqrsPuUG46MSvr3ABj8
❌ Cliente desconectado: MJC_0BXY5pf41sy4ABj9
❌ Cliente desconectado: pY2RLEvrqG8fsrnFABj_
✅ Cliente conectado a WebSocket: lZ17_0ZAGP1QEx_dABkB
✅ Cliente conectado a WebSocket: bOCWqsZdvw6-rdBXABkE
✅ Cliente conectado a WebSocket: tKthpd78hQwA4XvmABkF
❌ Cliente desconectado: lZ17_0ZAGP1QEx_dABkB
❌ Cliente desconectado: tKthpd78hQwA4XvmABkF
❌ Cliente desconectado: bOCWqsZdvw6-rdBXABkE
✅ Cliente conectado a WebSocket: Ps06BEycuwGcuz2jABkI
✅ Cliente conectado a WebSocket: ZpLI-PzIMOdIe_mRABkJ
✅ Cliente conectado a WebSocket: O0KTIHB1JCTPtl3JABkL
❌ Cliente desconectado: ZpLI-PzIMOdIe_mRABkJ
❌ Cliente desconectado: Ps06BEycuwGcuz2jABkI
❌ Cliente desconectado: O0KTIHB1JCTPtl3JABkL
✅ Cliente conectado a WebSocket: 58HFPVrl6nZmlvVaABkN
✅ Cliente conectado a WebSocket: EOqv4mTfzJTROjirABkP
✅ Cliente conectado a WebSocket: mO6c6YJpyOPlTbf5ABkR
❌ Cliente desconectado: 58HFPVrl6nZmlvVaABkN
❌ Cliente desconectado: mO6c6YJpyOPlTbf5ABkR
❌ Cliente desconectado: EOqv4mTfzJTROjirABkP
✅ Cliente conectado a WebSocket: IDCQ4vOwWz4JygKdABkT
✅ Cliente conectado a WebSocket: EwfyCJNsFfQuPvL3ABkW
✅ Cliente conectado a WebSocket: 8LYcyqdDvfcSldxnABkX
❌ Cliente desconectado: IDCQ4vOwWz4JygKdABkT
❌ Cliente desconectado: EwfyCJNsFfQuPvL3ABkW
❌ Cliente desconectado: 8LYcyqdDvfcSldxnABkX
✅ Cliente conectado a WebSocket: tTs_ZMcgLvPznZE4ABkZ
✅ Cliente conectado a WebSocket: MYUE6HgKAXyAlAQ9ABkb
✅ Cliente conectado a WebSocket: BJ3hjVzhIKBY-wEsABkd
❌ Cliente desconectado: tTs_ZMcgLvPznZE4ABkZ
❌ Cliente desconectado: MYUE6HgKAXyAlAQ9ABkb
❌ Cliente desconectado: BJ3hjVzhIKBY-wEsABkd
✅ Cliente conectado a WebSocket: VjhRUBAECaoZaS2-ABkf
✅ Cliente conectado a WebSocket: BzRwPKN4BG-76HhaABki
✅ Cliente conectado a WebSocket: sa7Xyf0wZljQuFxXABkj
❌ Cliente desconectado: VjhRUBAECaoZaS2-ABkf
❌ Cliente desconectado: BzRwPKN4BG-76HhaABki
❌ Cliente desconectado: sa7Xyf0wZljQuFxXABkj
✅ Cliente conectado a WebSocket: FCYqu2-AVtosgkgAABkl
✅ Cliente conectado a WebSocket: kkxFu0Kqlr_HyvSpABko
✅ Cliente conectado a WebSocket: bIpyLIqYASVggVj9ABkp
❌ Cliente desconectado: FCYqu2-AVtosgkgAABkl
❌ Cliente desconectado: kkxFu0Kqlr_HyvSpABko
❌ Cliente desconectado: bIpyLIqYASVggVj9ABkp
✅ Cliente conectado a WebSocket: -EWU4zHU2UM2zzfpABkt
✅ Cliente conectado a WebSocket: fc0X21WIup9k188KABku
✅ Cliente conectado a WebSocket: nOIhdz4GUHst2vGNABkv
❌ Cliente desconectado: nOIhdz4GUHst2vGNABkv
❌ Cliente desconectado: -EWU4zHU2UM2zzfpABkt
❌ Cliente desconectado: fc0X21WIup9k188KABku
✅ Cliente conectado a WebSocket: 6BcaVX8szEu-wlykABkx
✅ Cliente conectado a WebSocket: -QBZJHFDFuVXqsf8ABk0
✅ Cliente conectado a WebSocket: Dr2V1xinlCbk7ZxyABk1
❌ Cliente desconectado: 6BcaVX8szEu-wlykABkx
❌ Cliente desconectado: -QBZJHFDFuVXqsf8ABk0
❌ Cliente desconectado: Dr2V1xinlCbk7ZxyABk1
✅ Cliente conectado a WebSocket: yQOLl6fnRFLuGgbqABk5
✅ Cliente conectado a WebSocket: JFxltELJgkG9AMxVABk6
✅ Cliente conectado a WebSocket: mDecdtVIjE6yw04HABk7
❌ Cliente desconectado: yQOLl6fnRFLuGgbqABk5
❌ Cliente desconectado: JFxltELJgkG9AMxVABk6
❌ Cliente desconectado: mDecdtVIjE6yw04HABk7
✅ Cliente conectado a WebSocket: rO_eUVySCEf69pNhABk9
✅ Cliente conectado a WebSocket: lChmubwpaVc9EVkfABlA
✅ Cliente conectado a WebSocket: 89tOgwRCi1EGN0w8ABlB
❌ Cliente desconectado: rO_eUVySCEf69pNhABk9
❌ Cliente desconectado: lChmubwpaVc9EVkfABlA
❌ Cliente desconectado: 89tOgwRCi1EGN0w8ABlB
✅ Cliente conectado a WebSocket: XLoCCa_DgSwPIcRJABlD
✅ Cliente conectado a WebSocket: MKLdcp0pDnjaGhZmABlG
✅ Cliente conectado a WebSocket: 11INhcX0FMv-wPw7ABlH
❌ Cliente desconectado: XLoCCa_DgSwPIcRJABlD
❌ Cliente desconectado: MKLdcp0pDnjaGhZmABlG
❌ Cliente desconectado: 11INhcX0FMv-wPw7ABlH
✅ Cliente conectado a WebSocket: -PHyzAKR_UnMNx1YABlJ
✅ Cliente conectado a WebSocket: yCI09eas3P62h5JLABlM
✅ Cliente conectado a WebSocket: rWmRQBwWOgDnsvY4ABlN
❌ Cliente desconectado: -PHyzAKR_UnMNx1YABlJ
❌ Cliente desconectado: yCI09eas3P62h5JLABlM
❌ Cliente desconectado: rWmRQBwWOgDnsvY4ABlN
✅ Cliente conectado a WebSocket: prmGsgHzIkZ7XzWwABlQ
✅ Cliente conectado a WebSocket: 1B4l8EGvLqNjCk_nABlR
✅ Cliente conectado a WebSocket: iAsx38PH6czGKMakABlT
❌ Cliente desconectado: prmGsgHzIkZ7XzWwABlQ
❌ Cliente desconectado: 1B4l8EGvLqNjCk_nABlR
❌ Cliente desconectado: iAsx38PH6czGKMakABlT
✅ Cliente conectado a WebSocket: xSLC-OvKzmY8kTJEABlW
✅ Cliente conectado a WebSocket: vsdtiW960fvAWVchABlX
✅ Cliente conectado a WebSocket: 8q7Z06yWoS50stvpABlZ
❌ Cliente desconectado: xSLC-OvKzmY8kTJEABlW
❌ Cliente desconectado: vsdtiW960fvAWVchABlX
❌ Cliente desconectado: 8q7Z06yWoS50stvpABlZ
✅ Cliente conectado a WebSocket: aKcqY_R9Sw8uEzlXABlb
✅ Cliente conectado a WebSocket: qNKAhbDHy9KiGytHABle
✅ Cliente conectado a WebSocket: EgVmxWneo-4vw7AxABlf
❌ Cliente desconectado: aKcqY_R9Sw8uEzlXABlb
❌ Cliente desconectado: qNKAhbDHy9KiGytHABle
❌ Cliente desconectado: EgVmxWneo-4vw7AxABlf
✅ Cliente conectado a WebSocket: BHmJ89q0d-9VxDPxABlh
✅ Cliente conectado a WebSocket: 07CWJXldIhWRDpOPABlk
✅ Cliente conectado a WebSocket: ToQRufgSYx4OBANOABll
❌ Cliente desconectado: BHmJ89q0d-9VxDPxABlh
❌ Cliente desconectado: 07CWJXldIhWRDpOPABlk
❌ Cliente desconectado: ToQRufgSYx4OBANOABll
✅ Cliente conectado a WebSocket: BGoN-Cbp0gOUPrUEABln
✅ Cliente conectado a WebSocket: fpqp57qnWPYZJlK0ABlp
✅ Cliente conectado a WebSocket: IRwqKoV_yEKsZvvgABlr
❌ Cliente desconectado: BGoN-Cbp0gOUPrUEABln
❌ Cliente desconectado: fpqp57qnWPYZJlK0ABlp
❌ Cliente desconectado: IRwqKoV_yEKsZvvgABlr
✅ Cliente conectado a WebSocket: WjivjOu25o2ZkuVzABlt
✅ Cliente conectado a WebSocket: C25iDNj8vwUuh_uzABlw
✅ Cliente conectado a WebSocket: M-ljlrcZN6tx0lALABlx
❌ Cliente desconectado: WjivjOu25o2ZkuVzABlt
❌ Cliente desconectado: C25iDNj8vwUuh_uzABlw
❌ Cliente desconectado: M-ljlrcZN6tx0lALABlx
✅ Cliente conectado a WebSocket: GcOxwTMgi7ZfMGSBABlz
✅ Cliente conectado a WebSocket: Oaf6CH6aYaQQG6u6ABl2
✅ Cliente conectado a WebSocket: PeApfn4BkLPLajj6ABl3
❌ Cliente desconectado: GcOxwTMgi7ZfMGSBABlz
❌ Cliente desconectado: PeApfn4BkLPLajj6ABl3
❌ Cliente desconectado: Oaf6CH6aYaQQG6u6ABl2
✅ Cliente conectado a WebSocket: 3Zt2Bq5FRF-4GptIABl5
✅ Cliente conectado a WebSocket: QWc-bzJoe6bGS3plABl8
✅ Cliente conectado a WebSocket: brxEesHoAwqr739hABl9
❌ Cliente desconectado: 3Zt2Bq5FRF-4GptIABl5
❌ Cliente desconectado: QWc-bzJoe6bGS3plABl8
❌ Cliente desconectado: brxEesHoAwqr739hABl9
✅ Cliente conectado a WebSocket: z91O__-dM0jNf2-MABmA
✅ Cliente conectado a WebSocket: u9D-5XVfVq3TV_WgABmB
✅ Cliente conectado a WebSocket: 8YE3hfInURaF6VqtABmD
❌ Cliente desconectado: z91O__-dM0jNf2-MABmA
❌ Cliente desconectado: u9D-5XVfVq3TV_WgABmB
❌ Cliente desconectado: 8YE3hfInURaF6VqtABmD
✅ Cliente conectado a WebSocket: vbIfG-jgbKn8tP0YABmH
✅ Cliente conectado a WebSocket: zkxV4WtuYKSdNYStABmI
✅ Cliente conectado a WebSocket: DJpqTTfemlDM4rGtABmJ
❌ Cliente desconectado: vbIfG-jgbKn8tP0YABmH
❌ Cliente desconectado: zkxV4WtuYKSdNYStABmI
❌ Cliente desconectado: DJpqTTfemlDM4rGtABmJ
✅ Cliente conectado a WebSocket: 1PTpiwSi9356qNdtABmM
✅ Cliente conectado a WebSocket: j_3DQUDInyIF-jwvABmN
✅ Cliente conectado a WebSocket: Ei1h1ubUYTF0ppiLABmP
❌ Cliente desconectado: 1PTpiwSi9356qNdtABmM
❌ Cliente desconectado: j_3DQUDInyIF-jwvABmN
❌ Cliente desconectado: Ei1h1ubUYTF0ppiLABmP
✅ Cliente conectado a WebSocket: VGiC-9UHMzLIl_swABmR
✅ Cliente conectado a WebSocket: c-amMoYYBkcyAEvgABmU
✅ Cliente conectado a WebSocket: 7egml0AEukTgwZB1ABmV
❌ Cliente desconectado: VGiC-9UHMzLIl_swABmR
❌ Cliente desconectado: 7egml0AEukTgwZB1ABmV
❌ Cliente desconectado: c-amMoYYBkcyAEvgABmU
✅ Cliente conectado a WebSocket: U7JaADJoN_h-zw2DABmY
✅ Cliente conectado a WebSocket: njtmYcv6oujukU_hABmZ
✅ Cliente conectado a WebSocket: Mv2yAqqWHx8GR96hABmb
❌ Cliente desconectado: U7JaADJoN_h-zw2DABmY
❌ Cliente desconectado: njtmYcv6oujukU_hABmZ
❌ Cliente desconectado: Mv2yAqqWHx8GR96hABmb
✅ Cliente conectado a WebSocket: ts9ROiDQ2o53EdMsABmf
✅ Cliente conectado a WebSocket: IWhhBa-ossCswVGLABmg
✅ Cliente conectado a WebSocket: pkHPSaJ_WYYKy6szABmh
❌ Cliente desconectado: ts9ROiDQ2o53EdMsABmf
❌ Cliente desconectado: pkHPSaJ_WYYKy6szABmh
❌ Cliente desconectado: IWhhBa-ossCswVGLABmg
✅ Cliente conectado a WebSocket: 27DnZLKoCMeXL9QHABml
✅ Cliente conectado a WebSocket: lEPypIPM6ElT7curABmm
✅ Cliente conectado a WebSocket: PxZ36im1uNgfim8yABmn
❌ Cliente desconectado: lEPypIPM6ElT7curABmm
❌ Cliente desconectado: 27DnZLKoCMeXL9QHABml
❌ Cliente desconectado: PxZ36im1uNgfim8yABmn
✅ Cliente conectado a WebSocket: goSaoYLe-8IvhQ1oABmp
✅ Cliente conectado a WebSocket: AVigs6-kHGiFQsMgABms
✅ Cliente conectado a WebSocket: iXHrAb7LMT3o4X6SABmt
❌ Cliente desconectado: goSaoYLe-8IvhQ1oABmp
❌ Cliente desconectado: AVigs6-kHGiFQsMgABms
❌ Cliente desconectado: iXHrAb7LMT3o4X6SABmt
✅ Cliente conectado a WebSocket: b_7Ppejl0JmLgO8BABmv
✅ Cliente conectado a WebSocket: jNaaeXGYCdXmcZzXABmy
✅ Cliente conectado a WebSocket: Vk7fI_t67zmlveBMABmz
❌ Cliente desconectado: b_7Ppejl0JmLgO8BABmv
❌ Cliente desconectado: jNaaeXGYCdXmcZzXABmy
❌ Cliente desconectado: Vk7fI_t67zmlveBMABmz
✅ Cliente conectado a WebSocket: nicupL9wn6snO52CABm2
✅ Cliente conectado a WebSocket: zWBkmGVkkCFQINkCABm4
✅ Cliente conectado a WebSocket: SMtRwiW_hctjuy7GABm5
❌ Cliente desconectado: nicupL9wn6snO52CABm2
❌ Cliente desconectado: zWBkmGVkkCFQINkCABm4
❌ Cliente desconectado: SMtRwiW_hctjuy7GABm5
✅ Cliente conectado a WebSocket: qtT3hrQwQMFpvlD7ABm9
✅ Cliente conectado a WebSocket: 3PIQIxCDXysLngS5ABm-
✅ Cliente conectado a WebSocket: 0InZ1ZeqnriWNuuFABm_
❌ Cliente desconectado: qtT3hrQwQMFpvlD7ABm9
❌ Cliente desconectado: 0InZ1ZeqnriWNuuFABm_
❌ Cliente desconectado: 3PIQIxCDXysLngS5ABm-
✅ Cliente conectado a WebSocket: MDvEtilECGDmN24oABnD
✅ Cliente conectado a WebSocket: 2fs6L6X1Z6PTv9aZABnE
✅ Cliente conectado a WebSocket: df-MFtNeGuW2xVc3ABnF
❌ Cliente desconectado: MDvEtilECGDmN24oABnD
❌ Cliente desconectado: 2fs6L6X1Z6PTv9aZABnE
❌ Cliente desconectado: df-MFtNeGuW2xVc3ABnF
✅ Cliente conectado a WebSocket: wuvFScGgryioRUTXABnH
✅ Cliente conectado a WebSocket: PgfgZVmbrJgs4UzyABnK
✅ Cliente conectado a WebSocket: nJLGT5467F0gQODqABnL
❌ Cliente desconectado: wuvFScGgryioRUTXABnH
❌ Cliente desconectado: PgfgZVmbrJgs4UzyABnK
❌ Cliente desconectado: nJLGT5467F0gQODqABnL
✅ Cliente conectado a WebSocket: M3zGhuYIzIaJwJ5_ABnN
✅ Cliente conectado a WebSocket: mQBBG1O109Mbs6j0ABnP
✅ Cliente conectado a WebSocket: Jq2anLJJoJ2nz98rABnR
❌ Cliente desconectado: M3zGhuYIzIaJwJ5_ABnN
❌ Cliente desconectado: mQBBG1O109Mbs6j0ABnP
❌ Cliente desconectado: Jq2anLJJoJ2nz98rABnR
✅ Cliente conectado a WebSocket: NyxQNEKgmb0Cm8zuABnV
✅ Cliente conectado a WebSocket: kfDvCiK45Qy63DXwABnW
✅ Cliente conectado a WebSocket: O13fZwysZ4loI3PgABnX
❌ Cliente desconectado: NyxQNEKgmb0Cm8zuABnV
❌ Cliente desconectado: kfDvCiK45Qy63DXwABnW
❌ Cliente desconectado: O13fZwysZ4loI3PgABnX
✅ Cliente conectado a WebSocket: cCWQVwUalmcj_rTnABna
✅ Cliente conectado a WebSocket: UMi8M1vGQuRhxBZjABnb
✅ Cliente conectado a WebSocket: uTzBMCuTPxwV9juQABnd
❌ Cliente desconectado: UMi8M1vGQuRhxBZjABnb
❌ Cliente desconectado: cCWQVwUalmcj_rTnABna
❌ Cliente desconectado: uTzBMCuTPxwV9juQABnd
✅ Cliente conectado a WebSocket: u1IH5KOG46rtocY3ABnf
✅ Cliente conectado a WebSocket: 6rT6ag8isIkPYXjZABni
✅ Cliente conectado a WebSocket: lAE1Fq-O4q3-vV2fABnj
❌ Cliente desconectado: u1IH5KOG46rtocY3ABnf
❌ Cliente desconectado: lAE1Fq-O4q3-vV2fABnj
❌ Cliente desconectado: 6rT6ag8isIkPYXjZABni
✅ Cliente conectado a WebSocket: xfF_e_Nt2uVjBhfzABnl
✅ Cliente conectado a WebSocket: HqvCaRU4ECXxM1UdABno
✅ Cliente conectado a WebSocket: wNEdrkJjw8pbv-YzABnp
❌ Cliente desconectado: xfF_e_Nt2uVjBhfzABnl
❌ Cliente desconectado: wNEdrkJjw8pbv-YzABnp
❌ Cliente desconectado: HqvCaRU4ECXxM1UdABno
✅ Cliente conectado a WebSocket: LWN2sWOojFZ5p6vzABnr
✅ Cliente conectado a WebSocket: SaADUwQAwSEYnRpWABnu
✅ Cliente conectado a WebSocket: NlvsQD53FVeQiwv7ABnv
❌ Cliente desconectado: LWN2sWOojFZ5p6vzABnr
❌ Cliente desconectado: SaADUwQAwSEYnRpWABnu
❌ Cliente desconectado: NlvsQD53FVeQiwv7ABnv
✅ Cliente conectado a WebSocket: v-WifuG1rCZZiq8cABnx
✅ Cliente conectado a WebSocket: bL2kEUjQJ29ze_RcABn0
✅ Cliente conectado a WebSocket: DXulFpCayRd6SjSaABn1
❌ Cliente desconectado: v-WifuG1rCZZiq8cABnx
❌ Cliente desconectado: bL2kEUjQJ29ze_RcABn0
❌ Cliente desconectado: DXulFpCayRd6SjSaABn1
✅ Cliente conectado a WebSocket: hE0mNX5zJwAHfMJ2ABn3
✅ Cliente conectado a WebSocket: Dcx0LIv8nnDCoKm4ABn5
✅ Cliente conectado a WebSocket: ty75uQ1Im_89mvVOABn7
❌ Cliente desconectado: hE0mNX5zJwAHfMJ2ABn3
❌ Cliente desconectado: Dcx0LIv8nnDCoKm4ABn5
❌ Cliente desconectado: ty75uQ1Im_89mvVOABn7
✅ Cliente conectado a WebSocket: 16I8ErbDF7ENdC3fABn-
✅ Cliente conectado a WebSocket: q1hzHMkBEK35FIPxABn_
✅ Cliente conectado a WebSocket: 0AicBf8PI-auPlNsABoB
❌ Cliente desconectado: q1hzHMkBEK35FIPxABn_
❌ Cliente desconectado: 16I8ErbDF7ENdC3fABn-
❌ Cliente desconectado: 0AicBf8PI-auPlNsABoB
✅ Cliente conectado a WebSocket: -bqepU_eGBX_A88yABoD
✅ Cliente conectado a WebSocket: -1u0U9zIaTUhub0WABoG
✅ Cliente conectado a WebSocket: 14Rj3973LAFMKkilABoH
❌ Cliente desconectado: -bqepU_eGBX_A88yABoD
❌ Cliente desconectado: 14Rj3973LAFMKkilABoH
❌ Cliente desconectado: -1u0U9zIaTUhub0WABoG
✅ Cliente conectado a WebSocket: I9cv77CUfmX-JMCcABoK
✅ Cliente conectado a WebSocket: 7OL0Br7nrmqvsg0PABoL
✅ Cliente conectado a WebSocket: BoEj1JZjygtAAHnTABoN
❌ Cliente desconectado: I9cv77CUfmX-JMCcABoK
❌ Cliente desconectado: 7OL0Br7nrmqvsg0PABoL
❌ Cliente desconectado: BoEj1JZjygtAAHnTABoN
✅ Cliente conectado a WebSocket: RrvC4JvY1KqhM8C5ABoP
✅ Cliente conectado a WebSocket: 6ncmcjhQ3zzyUHXhABoR
✅ Cliente conectado a WebSocket: iUWku-GadcFjqu6OABoT
❌ Cliente desconectado: RrvC4JvY1KqhM8C5ABoP
❌ Cliente desconectado: 6ncmcjhQ3zzyUHXhABoR
❌ Cliente desconectado: iUWku-GadcFjqu6OABoT
✅ Cliente conectado a WebSocket: di4j0xwBB_YpdZksABoW
✅ Cliente conectado a WebSocket: pUKJWUCRAOUbNTsjABoX
✅ Cliente conectado a WebSocket: xROTpctxpvmX02Y8ABoZ
❌ Cliente desconectado: pUKJWUCRAOUbNTsjABoX
❌ Cliente desconectado: di4j0xwBB_YpdZksABoW
❌ Cliente desconectado: xROTpctxpvmX02Y8ABoZ
✅ Cliente conectado a WebSocket: nsnwpCT-NuwIUEPIABod
✅ Cliente conectado a WebSocket: j-JZuuHcTOIkDZ3uABoe
✅ Cliente conectado a WebSocket: 61Jrr04-_jILM60gABof
❌ Cliente desconectado: nsnwpCT-NuwIUEPIABod
❌ Cliente desconectado: j-JZuuHcTOIkDZ3uABoe
❌ Cliente desconectado: 61Jrr04-_jILM60gABof
✅ Cliente conectado a WebSocket: NG2zWBLNhuO3LHp1ABoi
✅ Cliente conectado a WebSocket: _lYRyrqaA8OKEm3vABoj
✅ Cliente conectado a WebSocket: KR6yI0EIhyq-qUGTABol
❌ Cliente desconectado: NG2zWBLNhuO3LHp1ABoi
❌ Cliente desconectado: _lYRyrqaA8OKEm3vABoj
❌ Cliente desconectado: KR6yI0EIhyq-qUGTABol
✅ Cliente conectado a WebSocket: y5CXiY6QivlLY4w2ABon
✅ Cliente conectado a WebSocket: NBGkeNuVU0Mx9RrQABoq
✅ Cliente conectado a WebSocket: bFrxS_WiO2U3dPnxABor
❌ Cliente desconectado: y5CXiY6QivlLY4w2ABon
❌ Cliente desconectado: NBGkeNuVU0Mx9RrQABoq
❌ Cliente desconectado: bFrxS_WiO2U3dPnxABor
✅ Cliente conectado a WebSocket: -e4JJ3E0ROn0IIe_ABou
✅ Cliente conectado a WebSocket: QHY13phJDp8_hYjaABov
✅ Cliente conectado a WebSocket: tzXOuLsjnfP2HjvhABox
❌ Cliente desconectado: -e4JJ3E0ROn0IIe_ABou
❌ Cliente desconectado: QHY13phJDp8_hYjaABov
❌ Cliente desconectado: tzXOuLsjnfP2HjvhABox
✅ Cliente conectado a WebSocket: ZeVnLbKTRg48szZrABoz
✅ Cliente conectado a WebSocket: nxuEBbC9ZGUnc9DLABo2
✅ Cliente conectado a WebSocket: icwVO4xIsqY_rAbCABo3
❌ Cliente desconectado: ZeVnLbKTRg48szZrABoz
❌ Cliente desconectado: nxuEBbC9ZGUnc9DLABo2
❌ Cliente desconectado: icwVO4xIsqY_rAbCABo3
✅ Cliente conectado a WebSocket: -9c2Wdq74-K3_ncwABo5
✅ Cliente conectado a WebSocket: 5d9TK6Ha9PPd2KsbABo8
✅ Cliente conectado a WebSocket: _Hyv6CZAyKWrVxNQABo9
❌ Cliente desconectado: -9c2Wdq74-K3_ncwABo5
❌ Cliente desconectado: 5d9TK6Ha9PPd2KsbABo8
❌ Cliente desconectado: _Hyv6CZAyKWrVxNQABo9
✅ Cliente conectado a WebSocket: Vq4ptb_rhxncLJB9ABo_
✅ Cliente conectado a WebSocket: s82q6GVGa9959pKnABpC
✅ Cliente conectado a WebSocket: u60juFWxInMX_SvcABpD
❌ Cliente desconectado: Vq4ptb_rhxncLJB9ABo_
❌ Cliente desconectado: s82q6GVGa9959pKnABpC
❌ Cliente desconectado: u60juFWxInMX_SvcABpD
✅ Cliente conectado a WebSocket: jQ0MqAe19aMmGiO3ABpG
✅ Cliente conectado a WebSocket: vPSFTm_5adu231P9ABpH
✅ Cliente conectado a WebSocket: sxe5q2rrQYgkNanNABpJ
❌ Cliente desconectado: jQ0MqAe19aMmGiO3ABpG
❌ Cliente desconectado: vPSFTm_5adu231P9ABpH
❌ Cliente desconectado: sxe5q2rrQYgkNanNABpJ
✅ Cliente conectado a WebSocket: VdpwjvYCIy61PZ6NABpL
✅ Cliente conectado a WebSocket: b0CalPAztvgVP7-TABpO
✅ Cliente conectado a WebSocket: sPfV0zJ6MhdAyKGNABpP
❌ Cliente desconectado: VdpwjvYCIy61PZ6NABpL
❌ Cliente desconectado: sPfV0zJ6MhdAyKGNABpP
❌ Cliente desconectado: b0CalPAztvgVP7-TABpO
✅ Cliente conectado a WebSocket: pZWTVaLDRQ5vgdGRABpR
✅ Cliente conectado a WebSocket: buTJ0d9hIa42Qf-dABpU
✅ Cliente conectado a WebSocket: t_c03bCwMu7EkpUWABpV
❌ Cliente desconectado: pZWTVaLDRQ5vgdGRABpR
❌ Cliente desconectado: buTJ0d9hIa42Qf-dABpU
❌ Cliente desconectado: t_c03bCwMu7EkpUWABpV
✅ Cliente conectado a WebSocket: Y6uPzIro1H9GavpOABpX
✅ Cliente conectado a WebSocket: ItBbe87cjZ6mFTrkABpZ
✅ Cliente conectado a WebSocket: 3MWpjWPvqtBtKUpOABpb
❌ Cliente desconectado: Y6uPzIro1H9GavpOABpX
❌ Cliente desconectado: ItBbe87cjZ6mFTrkABpZ
❌ Cliente desconectado: 3MWpjWPvqtBtKUpOABpb
✅ Cliente conectado a WebSocket: dlmbgqtSzBS2a4ynABpe
✅ Cliente conectado a WebSocket: 0TKsZFcmc9Be1dKWABpf
✅ Cliente conectado a WebSocket: KkvujQEXNQziF6_KABph
❌ Cliente desconectado: dlmbgqtSzBS2a4ynABpe
❌ Cliente desconectado: 0TKsZFcmc9Be1dKWABpf
❌ Cliente desconectado: KkvujQEXNQziF6_KABph
✅ Cliente conectado a WebSocket: pglxScUusT17OcgUABpj
✅ Cliente conectado a WebSocket: pH_A-50vwhtNFEKMABpm
✅ Cliente conectado a WebSocket: ZPN5M-gawp2fSUtJABpn
❌ Cliente desconectado: pglxScUusT17OcgUABpj
❌ Cliente desconectado: pH_A-50vwhtNFEKMABpm
❌ Cliente desconectado: ZPN5M-gawp2fSUtJABpn
✅ Cliente conectado a WebSocket: xgjdLFMU39wcqQHfABpq
✅ Cliente conectado a WebSocket: nRk7HAIG_92zoLwEABpr
✅ Cliente conectado a WebSocket: l-aFW8O5_fiT-TwZABpt
❌ Cliente desconectado: xgjdLFMU39wcqQHfABpq
❌ Cliente desconectado: nRk7HAIG_92zoLwEABpr
❌ Cliente desconectado: l-aFW8O5_fiT-TwZABpt
✅ Cliente conectado a WebSocket: mXVoq5_xIo7WyY-OABpv
✅ Cliente conectado a WebSocket: ETTGebNQP9udkQoEABpx
✅ Cliente conectado a WebSocket: CnY8mo0qpEeyXZEoABpz
❌ Cliente desconectado: mXVoq5_xIo7WyY-OABpv
❌ Cliente desconectado: ETTGebNQP9udkQoEABpx
❌ Cliente desconectado: CnY8mo0qpEeyXZEoABpz
✅ Cliente conectado a WebSocket: ECaCgZ3P2f8MjvzKABp1
✅ Cliente conectado a WebSocket: M9tvSKDd9BnYUnoGABp4
✅ Cliente conectado a WebSocket: Prjv6uvGOntTMThmABp5
❌ Cliente desconectado: ECaCgZ3P2f8MjvzKABp1
❌ Cliente desconectado: M9tvSKDd9BnYUnoGABp4
❌ Cliente desconectado: Prjv6uvGOntTMThmABp5
✅ Cliente conectado a WebSocket: f_Im-C-Z7xRgHBYeABp8
✅ Cliente conectado a WebSocket: MXU50rnIVsfrxLQdABp9
✅ Cliente conectado a WebSocket: rljNNm8Tvx1_u_N2ABp_
❌ Cliente desconectado: f_Im-C-Z7xRgHBYeABp8
❌ Cliente desconectado: MXU50rnIVsfrxLQdABp9
❌ Cliente desconectado: rljNNm8Tvx1_u_N2ABp_
✅ Cliente conectado a WebSocket: kbycwnnlBLXwe8R_ABqB
✅ Cliente conectado a WebSocket: ogU-kt09eRYB3-1wABqE
✅ Cliente conectado a WebSocket: SN2QfUSBHvOwhMy-ABqF
❌ Cliente desconectado: kbycwnnlBLXwe8R_ABqB
❌ Cliente desconectado: ogU-kt09eRYB3-1wABqE
❌ Cliente desconectado: SN2QfUSBHvOwhMy-ABqF
✅ Cliente conectado a WebSocket: Nlw5H655D-1CAILvABqI
✅ Cliente conectado a WebSocket: 9YHrsZmDBUl6U_vAABqJ
✅ Cliente conectado a WebSocket: Rb_XLB54oD8yFBwqABqL
❌ Cliente desconectado: Nlw5H655D-1CAILvABqI
❌ Cliente desconectado: 9YHrsZmDBUl6U_vAABqJ
❌ Cliente desconectado: Rb_XLB54oD8yFBwqABqL
✅ Cliente conectado a WebSocket: 9biXCsbair18KMdtABqO
✅ Cliente conectado a WebSocket: F-K1gohM8nGV-Lm7ABqP
✅ Cliente conectado a WebSocket: Tslff07OIQrbXLEMABqR
❌ Cliente desconectado: F-K1gohM8nGV-Lm7ABqP
❌ Cliente desconectado: 9biXCsbair18KMdtABqO
❌ Cliente desconectado: Tslff07OIQrbXLEMABqR
✅ Cliente conectado a WebSocket: L3RTK1MwnF_B3y11ABqU
✅ Cliente conectado a WebSocket: _EayrJ1ofS7drR9nABqV
✅ Cliente conectado a WebSocket: 01PrZQ6BKXHZCxtYABqX
❌ Cliente desconectado: L3RTK1MwnF_B3y11ABqU
❌ Cliente desconectado: _EayrJ1ofS7drR9nABqV
❌ Cliente desconectado: 01PrZQ6BKXHZCxtYABqX
✅ Cliente conectado a WebSocket: dZzuTiMp4YgU8h_9ABqZ
✅ Cliente conectado a WebSocket: KCMRSFN4wtQAA8l8ABqb
✅ Cliente conectado a WebSocket: eWf1KgUjdOWphugAABqd
❌ Cliente desconectado: dZzuTiMp4YgU8h_9ABqZ
❌ Cliente desconectado: KCMRSFN4wtQAA8l8ABqb
❌ Cliente desconectado: eWf1KgUjdOWphugAABqd
✅ Cliente conectado a WebSocket: D1s2fMuGIgpVd6iHABqg
✅ Cliente conectado a WebSocket: Rmjhx3ygsR-99HIqABqh
✅ Cliente conectado a WebSocket: YuUre85cZICBl2xHABqj
❌ Cliente desconectado: Rmjhx3ygsR-99HIqABqh
❌ Cliente desconectado: D1s2fMuGIgpVd6iHABqg
❌ Cliente desconectado: YuUre85cZICBl2xHABqj
✅ Cliente conectado a WebSocket: vjLfFAAdEyfO8meLABql
✅ Cliente conectado a WebSocket: a1SKwsjGkJgBPa0sABqn
✅ Cliente conectado a WebSocket: SYWKzrR1ac1McXaFABqp
❌ Cliente desconectado: vjLfFAAdEyfO8meLABql
❌ Cliente desconectado: a1SKwsjGkJgBPa0sABqn
❌ Cliente desconectado: SYWKzrR1ac1McXaFABqp
✅ Cliente conectado a WebSocket: Sp0ZdPaHwaWsxyb4ABqs
✅ Cliente conectado a WebSocket: BNBUqjZzuqV7udjBABqt
✅ Cliente conectado a WebSocket: 2QnTXg-i_3BcdTQYABqv
❌ Cliente desconectado: Sp0ZdPaHwaWsxyb4ABqs
❌ Cliente desconectado: BNBUqjZzuqV7udjBABqt
❌ Cliente desconectado: 2QnTXg-i_3BcdTQYABqv
✅ Cliente conectado a WebSocket: uWapXKsDOnhIheQvABqy
✅ Cliente conectado a WebSocket: Z8bt20UUqA602cq7ABqz
✅ Cliente conectado a WebSocket: OxwTLxCaUJhkTtDTABq1
❌ Cliente desconectado: Z8bt20UUqA602cq7ABqz
❌ Cliente desconectado: uWapXKsDOnhIheQvABqy
❌ Cliente desconectado: OxwTLxCaUJhkTtDTABq1
✅ Cliente conectado a WebSocket: _J4HqH3m2anIaqbEABq3
✅ Cliente conectado a WebSocket: xZztIzc67RhsCxUvABq6
✅ Cliente conectado a WebSocket: 79dxy9dcwxWlreXSABq7
❌ Cliente desconectado: _J4HqH3m2anIaqbEABq3
❌ Cliente desconectado: xZztIzc67RhsCxUvABq6
❌ Cliente desconectado: 79dxy9dcwxWlreXSABq7
✅ Cliente conectado a WebSocket: x4q_hfDFVjQFM0wYABq9
✅ Cliente conectado a WebSocket: Gygjp6Dc0ntTJXMAABrA
✅ Cliente conectado a WebSocket: -wWMuKPWxaPABVx-ABrB
❌ Cliente desconectado: x4q_hfDFVjQFM0wYABq9
❌ Cliente desconectado: Gygjp6Dc0ntTJXMAABrA
❌ Cliente desconectado: -wWMuKPWxaPABVx-ABrB
✅ Cliente conectado a WebSocket: wWuhTPmVe0NCM5dxABrE
✅ Cliente conectado a WebSocket: RnvQUDLWy0IoNSlxABrF
✅ Cliente conectado a WebSocket: OorBAR_eeGlnRTC4ABrH
❌ Cliente desconectado: wWuhTPmVe0NCM5dxABrE
❌ Cliente desconectado: RnvQUDLWy0IoNSlxABrF
❌ Cliente desconectado: OorBAR_eeGlnRTC4ABrH
✅ Cliente conectado a WebSocket: lpQqaULXdFakqRqIABrJ
✅ Cliente conectado a WebSocket: GICvRVh2d5CW22U5ABrM
✅ Cliente conectado a WebSocket: po23juzG5fXhmovoABrN
❌ Cliente desconectado: lpQqaULXdFakqRqIABrJ
❌ Cliente desconectado: GICvRVh2d5CW22U5ABrM
❌ Cliente desconectado: po23juzG5fXhmovoABrN
✅ Cliente conectado a WebSocket: H3kFE2xPRHRoPrgxABrP
✅ Cliente conectado a WebSocket: TzxOhBTvvdvMN792ABrS
✅ Cliente conectado a WebSocket: QxopCSBzB_LCxQwcABrT
❌ Cliente desconectado: H3kFE2xPRHRoPrgxABrP
❌ Cliente desconectado: TzxOhBTvvdvMN792ABrS
❌ Cliente desconectado: QxopCSBzB_LCxQwcABrT
✅ Cliente conectado a WebSocket: cyFXJPNzvW4LjnwYABrV
✅ Cliente conectado a WebSocket: -JUgH_rz9eEYn3x9ABrY
✅ Cliente conectado a WebSocket: oCsuMhuXLC6KRz4VABrZ
❌ Cliente desconectado: cyFXJPNzvW4LjnwYABrV
❌ Cliente desconectado: -JUgH_rz9eEYn3x9ABrY
❌ Cliente desconectado: oCsuMhuXLC6KRz4VABrZ
✅ Cliente conectado a WebSocket: wa3cXkmG_UzBTasxABrb
✅ Cliente conectado a WebSocket: Iup2PBhgMrpG8rjjABre
✅ Cliente conectado a WebSocket: aeGV8DrvjmUwXvVWABrf
❌ Cliente desconectado: wa3cXkmG_UzBTasxABrb
❌ Cliente desconectado: Iup2PBhgMrpG8rjjABre
❌ Cliente desconectado: aeGV8DrvjmUwXvVWABrf
✅ Cliente conectado a WebSocket: yf748nZtRHizBBETABrh
✅ Cliente conectado a WebSocket: qCnlPA_xI37cOVq0ABrk
✅ Cliente conectado a WebSocket: wi1r0_tLj2lSFMlYABrl
❌ Cliente desconectado: yf748nZtRHizBBETABrh
❌ Cliente desconectado: qCnlPA_xI37cOVq0ABrk
❌ Cliente desconectado: wi1r0_tLj2lSFMlYABrl
✅ Cliente conectado a WebSocket: asxsn0jL6YdkqTIqABro
✅ Cliente conectado a WebSocket: s_xkGivgn66BMdEhABrp
✅ Cliente conectado a WebSocket: W3FpMeVzNIWOjDvNABrr
❌ Cliente desconectado: s_xkGivgn66BMdEhABrp
❌ Cliente desconectado: asxsn0jL6YdkqTIqABro
❌ Cliente desconectado: W3FpMeVzNIWOjDvNABrr
✅ Cliente conectado a WebSocket: 6AOXXCn3ydBZC8KyABrv
✅ Cliente conectado a WebSocket: tEf0EjgxJO4Lw4ZRABrw
✅ Cliente conectado a WebSocket: iEe0G08ceBCtbB1EABrx
❌ Cliente desconectado: tEf0EjgxJO4Lw4ZRABrw
❌ Cliente desconectado: 6AOXXCn3ydBZC8KyABrv
❌ Cliente desconectado: iEe0G08ceBCtbB1EABrx
✅ Cliente conectado a WebSocket: 5KS18sFCl9zl7kqWABrz
✅ Cliente conectado a WebSocket: tkHkm1coHU1pJEP1ABr2
✅ Cliente conectado a WebSocket: -mefCos39L1Gn130ABr3
❌ Cliente desconectado: 5KS18sFCl9zl7kqWABrz
❌ Cliente desconectado: -mefCos39L1Gn130ABr3
❌ Cliente desconectado: tkHkm1coHU1pJEP1ABr2
✅ Cliente conectado a WebSocket: HyBCHQI9SKd_yb_eABr5
✅ Cliente conectado a WebSocket: YeyleRtjWuUDXpYeABr7
✅ Cliente conectado a WebSocket: 6nDscAgeVLZ7VEuzABr9
❌ Cliente desconectado: HyBCHQI9SKd_yb_eABr5
❌ Cliente desconectado: YeyleRtjWuUDXpYeABr7
❌ Cliente desconectado: 6nDscAgeVLZ7VEuzABr9
✅ Cliente conectado a WebSocket: PYenJ6PRj3mTXMVDABr_
✅ Cliente conectado a WebSocket: DAY6BhHLWMaM6jQwABsC
✅ Cliente conectado a WebSocket: Q4TveNV5r39U60VeABsD
❌ Cliente desconectado: PYenJ6PRj3mTXMVDABr_
❌ Cliente desconectado: Q4TveNV5r39U60VeABsD
❌ Cliente desconectado: DAY6BhHLWMaM6jQwABsC
✅ Cliente conectado a WebSocket: VYvfVFvDA8M_NvNDABsF
✅ Cliente conectado a WebSocket: iklNHlbDkVXt8AS8ABsI
✅ Cliente conectado a WebSocket: qNL_lqU63Il0xJxoABsJ
❌ Cliente desconectado: VYvfVFvDA8M_NvNDABsF
❌ Cliente desconectado: iklNHlbDkVXt8AS8ABsI
❌ Cliente desconectado: qNL_lqU63Il0xJxoABsJ
✅ Cliente conectado a WebSocket: 1pEYgjt68VEGhGuQABsL
✅ Cliente conectado a WebSocket: 7wwiXt8morq5uHisABsO
✅ Cliente conectado a WebSocket: Ufkbafe4g4WCW_6BABsP
❌ Cliente desconectado: 1pEYgjt68VEGhGuQABsL
❌ Cliente desconectado: Ufkbafe4g4WCW_6BABsP
❌ Cliente desconectado: 7wwiXt8morq5uHisABsO
✅ Cliente conectado a WebSocket: 3ySD2O3NHbvfKLj6ABsS
✅ Cliente conectado a WebSocket: L4O8TT2XJeaticixABsT
✅ Cliente conectado a WebSocket: ZvNyUy0ZMWXAu5snABsV
❌ Cliente desconectado: 3ySD2O3NHbvfKLj6ABsS
❌ Cliente desconectado: L4O8TT2XJeaticixABsT
❌ Cliente desconectado: ZvNyUy0ZMWXAu5snABsV
✅ Cliente conectado a WebSocket: CvsEkg6_fsu3ZgK7ABsY
✅ Cliente conectado a WebSocket: Cf_ZH5dXXgB-3oWPABsZ
✅ Cliente conectado a WebSocket: MgWQpEDAztaV-AiuABsb
❌ Cliente desconectado: CvsEkg6_fsu3ZgK7ABsY
❌ Cliente desconectado: Cf_ZH5dXXgB-3oWPABsZ
❌ Cliente desconectado: MgWQpEDAztaV-AiuABsb
✅ Cliente conectado a WebSocket: qtu-4ibj4BcJjTvFABsd
✅ Cliente conectado a WebSocket: oXJ6mc0-OpLRwNEVABsg
✅ Cliente conectado a WebSocket: wXWlmREzFIrx_2h6ABsh
❌ Cliente desconectado: qtu-4ibj4BcJjTvFABsd
❌ Cliente desconectado: wXWlmREzFIrx_2h6ABsh
❌ Cliente desconectado: oXJ6mc0-OpLRwNEVABsg
✅ Cliente conectado a WebSocket: XwlfwDPQF6c0bRWtABsj
✅ Cliente conectado a WebSocket: _HXhMpCbT8xDFz7qABsm
✅ Cliente conectado a WebSocket: oTdl8ugDSdnTq5DuABsn
❌ Cliente desconectado: XwlfwDPQF6c0bRWtABsj
❌ Cliente desconectado: oTdl8ugDSdnTq5DuABsn
❌ Cliente desconectado: _HXhMpCbT8xDFz7qABsm
✅ Cliente conectado a WebSocket: uddC_ZV8K04RZ3-KABsp
✅ Cliente conectado a WebSocket: arh5vCb6Ozhln5ynABss
✅ Cliente conectado a WebSocket: f0VVnoOyrF-IRIXRABst
❌ Cliente desconectado: uddC_ZV8K04RZ3-KABsp
❌ Cliente desconectado: arh5vCb6Ozhln5ynABss
❌ Cliente desconectado: f0VVnoOyrF-IRIXRABst
✅ Cliente conectado a WebSocket: LsG0o1eL6lE-hPQgABsv
✅ Cliente conectado a WebSocket: RNa9yPQMXOsKfHTWABsx
✅ Cliente conectado a WebSocket: JaqshEENuEeFwZC8ABsz
❌ Cliente desconectado: LsG0o1eL6lE-hPQgABsv
❌ Cliente desconectado: RNa9yPQMXOsKfHTWABsx
❌ Cliente desconectado: JaqshEENuEeFwZC8ABsz
✅ Cliente conectado a WebSocket: X6mMazYurPu81tg8ABs1
✅ Cliente conectado a WebSocket: CRpOFt7ujZ7_9XcwABs4
✅ Cliente conectado a WebSocket: 96_1mUq2dGpQ8JVnABs5
❌ Cliente desconectado: X6mMazYurPu81tg8ABs1
❌ Cliente desconectado: CRpOFt7ujZ7_9XcwABs4
❌ Cliente desconectado: 96_1mUq2dGpQ8JVnABs5
✅ Cliente conectado a WebSocket: 2jgt4rcc8l4FDvZLABs7
✅ Cliente conectado a WebSocket: -onVQ7J0y2Q7vDfXABs-
✅ Cliente conectado a WebSocket: eeKqgZ-fggJm7qF9ABs_
❌ Cliente desconectado: 2jgt4rcc8l4FDvZLABs7
❌ Cliente desconectado: -onVQ7J0y2Q7vDfXABs-
❌ Cliente desconectado: eeKqgZ-fggJm7qF9ABs_
✅ Cliente conectado a WebSocket: uxeaIRSeaOpkkCmOABtB
✅ Cliente conectado a WebSocket: _hXIhfXDIz47zOQxABtD
✅ Cliente conectado a WebSocket: sJfqcYxDnK0_3sfWABtF
❌ Cliente desconectado: uxeaIRSeaOpkkCmOABtB
❌ Cliente desconectado: _hXIhfXDIz47zOQxABtD
❌ Cliente desconectado: sJfqcYxDnK0_3sfWABtF
✅ Cliente conectado a WebSocket: aheesKgeOZPm97f2ABtH
✅ Cliente conectado a WebSocket: Ml-h3OWGBq1Q3bx3ABtJ
✅ Cliente conectado a WebSocket: 59z-1M7K865lkjbaABtL
❌ Cliente desconectado: aheesKgeOZPm97f2ABtH
❌ Cliente desconectado: Ml-h3OWGBq1Q3bx3ABtJ
❌ Cliente desconectado: 59z-1M7K865lkjbaABtL
✅ Cliente conectado a WebSocket: -2jWcnZj6g0wPkHMABtO
✅ Cliente conectado a WebSocket: zV1ISzAxpnqe8n-0ABtP
✅ Cliente conectado a WebSocket: VREiLlAPSn8ychPyABtR
❌ Cliente desconectado: zV1ISzAxpnqe8n-0ABtP
❌ Cliente desconectado: -2jWcnZj6g0wPkHMABtO
❌ Cliente desconectado: VREiLlAPSn8ychPyABtR
✅ Cliente conectado a WebSocket: R84GI4GXi0D-nRcdABtT
✅ Cliente conectado a WebSocket: NYLNsJLGm2WLba4bABtW
✅ Cliente conectado a WebSocket: NaMwh5cqYiKcqgI0ABtX
❌ Cliente desconectado: R84GI4GXi0D-nRcdABtT
❌ Cliente desconectado: NYLNsJLGm2WLba4bABtW
❌ Cliente desconectado: NaMwh5cqYiKcqgI0ABtX
✅ Cliente conectado a WebSocket: ypT6WxswJ4HTER8wABta
✅ Cliente conectado a WebSocket: cnZ04jpNrlhtz06gABtb
✅ Cliente conectado a WebSocket: 4_odNFpIkgOaSry5ABtd
❌ Cliente desconectado: ypT6WxswJ4HTER8wABta
❌ Cliente desconectado: cnZ04jpNrlhtz06gABtb
❌ Cliente desconectado: 4_odNFpIkgOaSry5ABtd
✅ Cliente conectado a WebSocket: qXlgicqwHaD73mPUABtf
✅ Cliente conectado a WebSocket: p9iaBh_Iyfxp260nABth
✅ Cliente conectado a WebSocket: BAZfIuLv_qBkECIUABtj
❌ Cliente desconectado: qXlgicqwHaD73mPUABtf
❌ Cliente desconectado: p9iaBh_Iyfxp260nABth
❌ Cliente desconectado: BAZfIuLv_qBkECIUABtj
✅ Cliente conectado a WebSocket: eN6eG1rA8Hk8xqEyABtm
✅ Cliente conectado a WebSocket: p-B9OTfOBqR-QiUOABtn
✅ Cliente conectado a WebSocket: Bz8Gg6LbGz1C2NXUABtp
❌ Cliente desconectado: eN6eG1rA8Hk8xqEyABtm
❌ Cliente desconectado: p-B9OTfOBqR-QiUOABtn
❌ Cliente desconectado: Bz8Gg6LbGz1C2NXUABtp
✅ Cliente conectado a WebSocket: TwMbgPx6Zq11BQHMABts
✅ Cliente conectado a WebSocket: dYlw297kgnifNxCHABtt
✅ Cliente conectado a WebSocket: G_wTHMaqw9U0cBvLABtv
❌ Cliente desconectado: TwMbgPx6Zq11BQHMABts
❌ Cliente desconectado: dYlw297kgnifNxCHABtt
❌ Cliente desconectado: G_wTHMaqw9U0cBvLABtv
✅ Cliente conectado a WebSocket: -83R7JCgnn0Irs67ABtx
✅ Cliente conectado a WebSocket: lXM-Q7rrqHvLuZqCABt0
✅ Cliente conectado a WebSocket: ZziJR1VQjVtmXIT_ABt1
❌ Cliente desconectado: -83R7JCgnn0Irs67ABtx
❌ Cliente desconectado: lXM-Q7rrqHvLuZqCABt0
❌ Cliente desconectado: ZziJR1VQjVtmXIT_ABt1
✅ Cliente conectado a WebSocket: znhnnPx835A9XsWgABt3
✅ Cliente conectado a WebSocket: vegHDtMYLvo-urufABt5
✅ Cliente conectado a WebSocket: MMzdugHpywItqMfLABt7
❌ Cliente desconectado: znhnnPx835A9XsWgABt3
❌ Cliente desconectado: vegHDtMYLvo-urufABt5
❌ Cliente desconectado: MMzdugHpywItqMfLABt7
✅ Cliente conectado a WebSocket: nPc7Z1JbS2-htqgPABt9
✅ Cliente conectado a WebSocket: AchMsAofQjByFVUAABuA
✅ Cliente conectado a WebSocket: oWqfvAFkZdF4cIMmABuB
❌ Cliente desconectado: nPc7Z1JbS2-htqgPABt9
❌ Cliente desconectado: AchMsAofQjByFVUAABuA
❌ Cliente desconectado: oWqfvAFkZdF4cIMmABuB
✅ Cliente conectado a WebSocket: qPqGm-JvN7K8eHl9ABuD
✅ Cliente conectado a WebSocket: iPcgp5Ay0CM3ohvQABuG
✅ Cliente conectado a WebSocket: esV3l6T3AxzAs41YABuH
❌ Cliente desconectado: qPqGm-JvN7K8eHl9ABuD
❌ Cliente desconectado: iPcgp5Ay0CM3ohvQABuG
❌ Cliente desconectado: esV3l6T3AxzAs41YABuH
✅ Cliente conectado a WebSocket: XN_2I1AFBfv5N-SUABuK
✅ Cliente conectado a WebSocket: pqQRVQXQI3lv7PNWABuL
✅ Cliente conectado a WebSocket: 8IO_f1TQHbPvTeN9ABuN
❌ Cliente desconectado: XN_2I1AFBfv5N-SUABuK
❌ Cliente desconectado: pqQRVQXQI3lv7PNWABuL
❌ Cliente desconectado: 8IO_f1TQHbPvTeN9ABuN
✅ Cliente conectado a WebSocket: -ZwHBYZ_gPmsevPoABuQ
✅ Cliente conectado a WebSocket: e5Fbti4r-daCByJ1ABuR
✅ Cliente conectado a WebSocket: v2i0fgE7HalxrOqNABuT
❌ Cliente desconectado: -ZwHBYZ_gPmsevPoABuQ
❌ Cliente desconectado: e5Fbti4r-daCByJ1ABuR
❌ Cliente desconectado: v2i0fgE7HalxrOqNABuT
✅ Cliente conectado a WebSocket: ccrOqD67nJJKOSxYABuW
✅ Cliente conectado a WebSocket: wX8E6EVnMhR9wv4IABuX
✅ Cliente conectado a WebSocket: 5ksDySVzeoL1Hdi_ABuZ
❌ Cliente desconectado: ccrOqD67nJJKOSxYABuW
❌ Cliente desconectado: wX8E6EVnMhR9wv4IABuX
❌ Cliente desconectado: 5ksDySVzeoL1Hdi_ABuZ
✅ Cliente conectado a WebSocket: BAqZrOnQ-VaLrSEJABuc
✅ Cliente conectado a WebSocket: hFGrhiAuZTQb8K7OABud
✅ Cliente conectado a WebSocket: sCHDZ4D3dcWTitTXABuf
❌ Cliente desconectado: hFGrhiAuZTQb8K7OABud
❌ Cliente desconectado: BAqZrOnQ-VaLrSEJABuc
❌ Cliente desconectado: sCHDZ4D3dcWTitTXABuf
✅ Cliente conectado a WebSocket: R0EPH_-_olBvtufbABuj
✅ Cliente conectado a WebSocket: 75kmSRc1Xirew8RJABuk
✅ Cliente conectado a WebSocket: kGvG-qP_QaOGenKvABul
❌ Cliente desconectado: R0EPH_-_olBvtufbABuj
❌ Cliente desconectado: 75kmSRc1Xirew8RJABuk
❌ Cliente desconectado: kGvG-qP_QaOGenKvABul
✅ Cliente conectado a WebSocket: 8mtRRqImbRbdjJk_ABuo
✅ Cliente conectado a WebSocket: urUBakhm31Nreq6uABup
✅ Cliente conectado a WebSocket: IwzHrkZyGqEx2V9-ABur
❌ Cliente desconectado: 8mtRRqImbRbdjJk_ABuo
❌ Cliente desconectado: urUBakhm31Nreq6uABup
❌ Cliente desconectado: IwzHrkZyGqEx2V9-ABur
✅ Cliente conectado a WebSocket: IPihLe554izm3dFHABut
✅ Cliente conectado a WebSocket: GGOmqrJyrEtswC5lABuw
✅ Cliente conectado a WebSocket: Dh6xn95uEZXYXVa-ABux
❌ Cliente desconectado: IPihLe554izm3dFHABut
❌ Cliente desconectado: Dh6xn95uEZXYXVa-ABux
❌ Cliente desconectado: GGOmqrJyrEtswC5lABuw
✅ Cliente conectado a WebSocket: V85SJ0rnPi42qxYNABuz
✅ Cliente conectado a WebSocket: p7wnL_fotBN0Mjh1ABu2
✅ Cliente conectado a WebSocket: dEMymG7kTQKn1vxjABu3
❌ Cliente desconectado: V85SJ0rnPi42qxYNABuz
❌ Cliente desconectado: dEMymG7kTQKn1vxjABu3
❌ Cliente desconectado: p7wnL_fotBN0Mjh1ABu2
✅ Cliente conectado a WebSocket: QyY7paJvOw29fwoxABu5
✅ Cliente conectado a WebSocket: EMMCDTUdnh669TATABu8
✅ Cliente conectado a WebSocket: EK_XK6rT_5FIoTv0ABu9
❌ Cliente desconectado: QyY7paJvOw29fwoxABu5
❌ Cliente desconectado: EMMCDTUdnh669TATABu8
❌ Cliente desconectado: EK_XK6rT_5FIoTv0ABu9
✅ Cliente conectado a WebSocket: e8s_giH-xp3QiH68ABu_
✅ Cliente conectado a WebSocket: sZSdd6myCSLsRXUxABvC
✅ Cliente conectado a WebSocket: 3gjjCnAu_H75dZowABvD
❌ Cliente desconectado: e8s_giH-xp3QiH68ABu_
❌ Cliente desconectado: sZSdd6myCSLsRXUxABvC
❌ Cliente desconectado: 3gjjCnAu_H75dZowABvD
✅ Cliente conectado a WebSocket: enQPc3hSQGr2cB0kABvH
✅ Cliente conectado a WebSocket: jbtckAJefDhvpNKhABvI
✅ Cliente conectado a WebSocket: jF2ffObOWzKXpxQhABvJ
❌ Cliente desconectado: enQPc3hSQGr2cB0kABvH
❌ Cliente desconectado: jF2ffObOWzKXpxQhABvJ
❌ Cliente desconectado: jbtckAJefDhvpNKhABvI
✅ Cliente conectado a WebSocket: m380nH0LX8R4Yg8vABvM
✅ Cliente conectado a WebSocket: nnXeJwDLiHIwe1nSABvN
✅ Cliente conectado a WebSocket: 5hs7HVbzB_gdHVRAABvP
❌ Cliente desconectado: m380nH0LX8R4Yg8vABvM
❌ Cliente desconectado: nnXeJwDLiHIwe1nSABvN
❌ Cliente desconectado: 5hs7HVbzB_gdHVRAABvP
✅ Cliente conectado a WebSocket: iqF5KWeEKBwTNV8TABvS
✅ Cliente conectado a WebSocket: 6eMo8k3hLzyMr85kABvT
✅ Cliente conectado a WebSocket: VeMKHzBB-dr_0heEABvV
❌ Cliente desconectado: iqF5KWeEKBwTNV8TABvS
❌ Cliente desconectado: 6eMo8k3hLzyMr85kABvT
❌ Cliente desconectado: VeMKHzBB-dr_0heEABvV
✅ Cliente conectado a WebSocket: nyQTuWRSvBa2fNRXABvY
✅ Cliente conectado a WebSocket: h7POwcQVKTVnIc0QABvZ
✅ Cliente conectado a WebSocket: nVtGfQQjVddESohrABvb
❌ Cliente desconectado: nyQTuWRSvBa2fNRXABvY
❌ Cliente desconectado: h7POwcQVKTVnIc0QABvZ
❌ Cliente desconectado: nVtGfQQjVddESohrABvb
✅ Cliente conectado a WebSocket: UtJEoRPFPRgvpp6XABvf
✅ Cliente conectado a WebSocket: Ct8U5FrPS6-K8BLcABvg
✅ Cliente conectado a WebSocket: CgDyJNeTVm_7TkKrABvh
❌ Cliente desconectado: CgDyJNeTVm_7TkKrABvh
❌ Cliente desconectado: UtJEoRPFPRgvpp6XABvf
❌ Cliente desconectado: Ct8U5FrPS6-K8BLcABvg
✅ Cliente conectado a WebSocket: CO76t3wZNTj50luwABvj
✅ Cliente conectado a WebSocket: swuGKxwN7oOrGN24ABvm
✅ Cliente conectado a WebSocket: 6-qDLmJePU_pB3vdABvn
❌ Cliente desconectado: CO76t3wZNTj50luwABvj
❌ Cliente desconectado: swuGKxwN7oOrGN24ABvm
❌ Cliente desconectado: 6-qDLmJePU_pB3vdABvn
✅ Cliente conectado a WebSocket: KKu7pjl2QGUC-7QHABvr
✅ Cliente conectado a WebSocket: rj0W9CW0zF5qwTFaABvs
✅ Cliente conectado a WebSocket: kdmV4p6SKyDv0hWNABvt
❌ Cliente desconectado: KKu7pjl2QGUC-7QHABvr
❌ Cliente desconectado: rj0W9CW0zF5qwTFaABvs
❌ Cliente desconectado: kdmV4p6SKyDv0hWNABvt
✅ Cliente conectado a WebSocket: XncuiZYmt1XoVVcfABvv
✅ Cliente conectado a WebSocket: IISKt3uYz7kE5xPSABvy
✅ Cliente conectado a WebSocket: CS797q7VD30_3NdyABvz
❌ Cliente desconectado: XncuiZYmt1XoVVcfABvv
❌ Cliente desconectado: IISKt3uYz7kE5xPSABvy
❌ Cliente desconectado: CS797q7VD30_3NdyABvz
✅ Cliente conectado a WebSocket: NjL9TYtktp8d8QM7ABv1
✅ Cliente conectado a WebSocket: GjcdQum_Tjep1fbCABv3
✅ Cliente conectado a WebSocket: 0r2X0ADRCqdfVkKrABv5
❌ Cliente desconectado: NjL9TYtktp8d8QM7ABv1
❌ Cliente desconectado: GjcdQum_Tjep1fbCABv3
❌ Cliente desconectado: 0r2X0ADRCqdfVkKrABv5
✅ Cliente conectado a WebSocket: 4jxh_O-PFZlpZk5oABv7
✅ Cliente conectado a WebSocket: o2ViFK0kvqzEfRlyABv-
✅ Cliente conectado a WebSocket: qfgfpxeGrZJJgteQABv_
❌ Cliente desconectado: 4jxh_O-PFZlpZk5oABv7
❌ Cliente desconectado: o2ViFK0kvqzEfRlyABv-
❌ Cliente desconectado: qfgfpxeGrZJJgteQABv_
✅ Cliente conectado a WebSocket: J5eU1APrebJzvOCqABwB
✅ Cliente conectado a WebSocket: n2wFjikzUQJmM1JmABwE
✅ Cliente conectado a WebSocket: QzyHOh5Cwfyd2_LNABwF
❌ Cliente desconectado: J5eU1APrebJzvOCqABwB
❌ Cliente desconectado: n2wFjikzUQJmM1JmABwE
❌ Cliente desconectado: QzyHOh5Cwfyd2_LNABwF
✅ Cliente conectado a WebSocket: LhNVtwroU360jCOIABwI
✅ Cliente conectado a WebSocket: d-ajCL-l8D0F15RqABwJ
✅ Cliente conectado a WebSocket: KE_oFK_ju5OUFIVkABwL
❌ Cliente desconectado: LhNVtwroU360jCOIABwI
❌ Cliente desconectado: d-ajCL-l8D0F15RqABwJ
❌ Cliente desconectado: KE_oFK_ju5OUFIVkABwL
✅ Cliente conectado a WebSocket: dDZomhjEpWSHV8M9ABwN
✅ Cliente conectado a WebSocket: 5Gep-_4YN65xIBc3ABwQ
✅ Cliente conectado a WebSocket: tkBQvCKZLUbPmWuDABwR
❌ Cliente desconectado: dDZomhjEpWSHV8M9ABwN
❌ Cliente desconectado: 5Gep-_4YN65xIBc3ABwQ
❌ Cliente desconectado: tkBQvCKZLUbPmWuDABwR
✅ Cliente conectado a WebSocket: t-w1tnc253tc-xOdABwT
✅ Cliente conectado a WebSocket: yfH1bYCNs5iXXYRnABwV
✅ Cliente conectado a WebSocket: zPfLUAd_dmQMBPNOABwX
❌ Cliente desconectado: t-w1tnc253tc-xOdABwT
❌ Cliente desconectado: yfH1bYCNs5iXXYRnABwV
❌ Cliente desconectado: zPfLUAd_dmQMBPNOABwX
✅ Cliente conectado a WebSocket: zp-9hK_9BixBjxjuABwZ
✅ Cliente conectado a WebSocket: u-BgwK9tRQ9o4jgqABwb
✅ Cliente conectado a WebSocket: iqxqDpiXVnzZa39uABwd
❌ Cliente desconectado: zp-9hK_9BixBjxjuABwZ
❌ Cliente desconectado: u-BgwK9tRQ9o4jgqABwb
❌ Cliente desconectado: iqxqDpiXVnzZa39uABwd
✅ Cliente conectado a WebSocket: IYuROrHakYEyjTACABwg
✅ Cliente conectado a WebSocket: f2Jqkq4Tcxqfe4f9ABwh
✅ Cliente conectado a WebSocket: xWoTP72ThWRNqzcwABwj
❌ Cliente desconectado: IYuROrHakYEyjTACABwg
❌ Cliente desconectado: f2Jqkq4Tcxqfe4f9ABwh
❌ Cliente desconectado: xWoTP72ThWRNqzcwABwj
✅ Cliente conectado a WebSocket: qt6DuSFROOakSV1DABwl
✅ Cliente conectado a WebSocket: -PsGqLEpvfMhvGrJABwn
✅ Cliente conectado a WebSocket: D4vTBC0ijk1w-pzyABwp
❌ Cliente desconectado: qt6DuSFROOakSV1DABwl
❌ Cliente desconectado: -PsGqLEpvfMhvGrJABwn
❌ Cliente desconectado: D4vTBC0ijk1w-pzyABwp
✅ Cliente conectado a WebSocket: _2twkqqDi4c9C-cnABws
✅ Cliente conectado a WebSocket: ZmuKJxt3fUijyUmZABwt
✅ Cliente conectado a WebSocket: -VHocOXhSkRIMkp5ABwv
❌ Cliente desconectado: _2twkqqDi4c9C-cnABws
❌ Cliente desconectado: ZmuKJxt3fUijyUmZABwt
❌ Cliente desconectado: -VHocOXhSkRIMkp5ABwv
✅ Cliente conectado a WebSocket: M8jE6LxkCvHhnsmwABwx
✅ Cliente conectado a WebSocket: n9QNQCM7s06Wa_pMABw0
✅ Cliente conectado a WebSocket: Tiex3-x5gwp0dJ9JABw1
❌ Cliente desconectado: M8jE6LxkCvHhnsmwABwx
❌ Cliente desconectado: n9QNQCM7s06Wa_pMABw0
❌ Cliente desconectado: Tiex3-x5gwp0dJ9JABw1
✅ Cliente conectado a WebSocket: WSVLt-3N6e029jVnABw4
✅ Cliente conectado a WebSocket: XTzuz2mVGnGkxelsABw5
✅ Cliente conectado a WebSocket: LzMLDfKcOqC7RsiUABw7
❌ Cliente desconectado: WSVLt-3N6e029jVnABw4
❌ Cliente desconectado: XTzuz2mVGnGkxelsABw5
❌ Cliente desconectado: LzMLDfKcOqC7RsiUABw7
✅ Cliente conectado a WebSocket: hL42lS8vLldSJ3KrABw9
✅ Cliente conectado a WebSocket: DFJ8t_gFaLSlDJUFABxA
✅ Cliente conectado a WebSocket: 6-5wivGi5XQKlhvmABxB
❌ Cliente desconectado: hL42lS8vLldSJ3KrABw9
❌ Cliente desconectado: DFJ8t_gFaLSlDJUFABxA
❌ Cliente desconectado: 6-5wivGi5XQKlhvmABxB
✅ Cliente conectado a WebSocket: dti594B4pQpYFeZ7ABxE
✅ Cliente conectado a WebSocket: zsmO4vHFlAYyqrDZABxF
✅ Cliente conectado a WebSocket: dHfW2eXjemFh3HxqABxH
❌ Cliente desconectado: dti594B4pQpYFeZ7ABxE
❌ Cliente desconectado: zsmO4vHFlAYyqrDZABxF
❌ Cliente desconectado: dHfW2eXjemFh3HxqABxH
✅ Cliente conectado a WebSocket: iqi2DSmwyU5ynn39ABxK
✅ Cliente conectado a WebSocket: NbDUgcZmJpFc3SUuABxL
✅ Cliente conectado a WebSocket: ikvtGeh3FUMXgmPjABxN
❌ Cliente desconectado: iqi2DSmwyU5ynn39ABxK
❌ Cliente desconectado: NbDUgcZmJpFc3SUuABxL
❌ Cliente desconectado: ikvtGeh3FUMXgmPjABxN
✅ Cliente conectado a WebSocket: eLCQ65OMtjBrweU8ABxQ
✅ Cliente conectado a WebSocket: MUF_f0Aemji-q5gRABxR
✅ Cliente conectado a WebSocket: -AhBV1Tuphox_1y6ABxT
❌ Cliente desconectado: eLCQ65OMtjBrweU8ABxQ
❌ Cliente desconectado: MUF_f0Aemji-q5gRABxR
❌ Cliente desconectado: -AhBV1Tuphox_1y6ABxT
✅ Cliente conectado a WebSocket: uFaEDzY65pUu9PrUABxV
✅ Cliente conectado a WebSocket: LfRACupooy3vtmCGABxX
✅ Cliente conectado a WebSocket: lpE7cD0E392JN7mxABxZ
❌ Cliente desconectado: uFaEDzY65pUu9PrUABxV
❌ Cliente desconectado: LfRACupooy3vtmCGABxX
❌ Cliente desconectado: lpE7cD0E392JN7mxABxZ
✅ Cliente conectado a WebSocket: AQMKwaBpTrRcplAAABxb
✅ Cliente conectado a WebSocket: -CJKPB8oOUHJ21o7ABxe
✅ Cliente conectado a WebSocket: 6989_XNOUekBx-Z4ABxf
❌ Cliente desconectado: AQMKwaBpTrRcplAAABxb
❌ Cliente desconectado: -CJKPB8oOUHJ21o7ABxe
❌ Cliente desconectado: 6989_XNOUekBx-Z4ABxf
✅ Cliente conectado a WebSocket: I0ns1NJ-XaeBffUXABxj
✅ Cliente conectado a WebSocket: RGGM0oAxjAIhAtunABxk
✅ Cliente conectado a WebSocket: PS_1vNXeYE_KCg9VABxl
❌ Cliente desconectado: RGGM0oAxjAIhAtunABxk
❌ Cliente desconectado: I0ns1NJ-XaeBffUXABxj
❌ Cliente desconectado: PS_1vNXeYE_KCg9VABxl
✅ Cliente conectado a WebSocket: 7AH4jAOqZW767i7KABxp
✅ Cliente conectado a WebSocket: nybmSXelTdZuOfhEABxq
✅ Cliente conectado a WebSocket: SHjrt-AKZ_-vWs2fABxr
❌ Cliente desconectado: nybmSXelTdZuOfhEABxq
❌ Cliente desconectado: 7AH4jAOqZW767i7KABxp
❌ Cliente desconectado: SHjrt-AKZ_-vWs2fABxr
✅ Cliente conectado a WebSocket: iWtDDLHsL9-MF594ABxt
✅ Cliente conectado a WebSocket: 4u7aA5n5HjnkJSvGABxw
✅ Cliente conectado a WebSocket: JSTvPgciKl80x0JlABxx
❌ Cliente desconectado: iWtDDLHsL9-MF594ABxt
❌ Cliente desconectado: 4u7aA5n5HjnkJSvGABxw
❌ Cliente desconectado: JSTvPgciKl80x0JlABxx
✅ Cliente conectado a WebSocket: HSJw_D2jtIJTX_j9ABxz
✅ Cliente conectado a WebSocket: BGiJV4eK9ILZsxVjABx2
✅ Cliente conectado a WebSocket: ttRAZ8CWrrka4DeEABx3
❌ Cliente desconectado: HSJw_D2jtIJTX_j9ABxz
❌ Cliente desconectado: BGiJV4eK9ILZsxVjABx2
❌ Cliente desconectado: ttRAZ8CWrrka4DeEABx3
✅ Cliente conectado a WebSocket: qwF08W1sdrJRhps2ABx6
✅ Cliente conectado a WebSocket: Xy2u3BR_wxrPGpa0ABx7
✅ Cliente conectado a WebSocket: rXRqm5bsFod_pAWVABx9
❌ Cliente desconectado: qwF08W1sdrJRhps2ABx6
❌ Cliente desconectado: Xy2u3BR_wxrPGpa0ABx7
❌ Cliente desconectado: rXRqm5bsFod_pAWVABx9
✅ Cliente conectado a WebSocket: bu4NrNH85YuFh2FIAByA
✅ Cliente conectado a WebSocket: F1cWVPITZcdGCyk7AByC
✅ Cliente conectado a WebSocket: UA79rEbDyJB9Ksq-AByD
❌ Cliente desconectado: F1cWVPITZcdGCyk7AByC
❌ Cliente desconectado: bu4NrNH85YuFh2FIAByA
❌ Cliente desconectado: UA79rEbDyJB9Ksq-AByD
✅ Cliente conectado a WebSocket: 6lOUbzwlU_IrsgtxAByG
✅ Cliente conectado a WebSocket: NaCNUhTf_hy-QW9AAByH
✅ Cliente conectado a WebSocket: sQH60gP8S-z-US0pAByJ
❌ Cliente desconectado: 6lOUbzwlU_IrsgtxAByG
❌ Cliente desconectado: NaCNUhTf_hy-QW9AAByH
❌ Cliente desconectado: sQH60gP8S-z-US0pAByJ
✅ Cliente conectado a WebSocket: rYYFPSOa6ifuhAHxAByL
✅ Cliente conectado a WebSocket: GwZAV-_GBgf543kAAByO
✅ Cliente conectado a WebSocket: mRcBSELqe_rWKGAZAByP
❌ Cliente desconectado: rYYFPSOa6ifuhAHxAByL
❌ Cliente desconectado: GwZAV-_GBgf543kAAByO
❌ Cliente desconectado: mRcBSELqe_rWKGAZAByP
✅ Cliente conectado a WebSocket: HFQhy7caTujR9HgaAByR
✅ Cliente conectado a WebSocket: 5iv0X1aSqTBk6yQ7AByU
✅ Cliente conectado a WebSocket: ufr0lHHXZMvLjB61AByV
❌ Cliente desconectado: HFQhy7caTujR9HgaAByR
❌ Cliente desconectado: 5iv0X1aSqTBk6yQ7AByU
❌ Cliente desconectado: ufr0lHHXZMvLjB61AByV
✅ Cliente conectado a WebSocket: fyWMxLsj-blBsz1xAByX
✅ Cliente conectado a WebSocket: cvCsD_sO2E3C3xMYABya
✅ Cliente conectado a WebSocket: 66-0E3SIf16Yik5NAByb
❌ Cliente desconectado: fyWMxLsj-blBsz1xAByX
❌ Cliente desconectado: cvCsD_sO2E3C3xMYABya
❌ Cliente desconectado: 66-0E3SIf16Yik5NAByb
✅ Cliente conectado a WebSocket: I3yupvzgTKnbeB9sAByd
✅ Cliente conectado a WebSocket: _DB4c0pcfdFZ4O7JAByg
✅ Cliente conectado a WebSocket: WPMLnMPgKhcr3q2wAByh
❌ Cliente desconectado: I3yupvzgTKnbeB9sAByd
❌ Cliente desconectado: _DB4c0pcfdFZ4O7JAByg
❌ Cliente desconectado: WPMLnMPgKhcr3q2wAByh
✅ Cliente conectado a WebSocket: aZbg8sI_vHhRAXYnAByj
✅ Cliente conectado a WebSocket: cRxRkUxuMuQGfz13ABym
✅ Cliente conectado a WebSocket: Pzo7x1L1y5ZZSIRqAByn
❌ Cliente desconectado: aZbg8sI_vHhRAXYnAByj
❌ Cliente desconectado: cRxRkUxuMuQGfz13ABym
❌ Cliente desconectado: Pzo7x1L1y5ZZSIRqAByn
✅ Cliente conectado a WebSocket: QeUh7yql3Rmb3X-TAByq
✅ Cliente conectado a WebSocket: NLpqA4f7eEAmPnQeAByr
✅ Cliente conectado a WebSocket: c4xTpK_9GFdgMXPtAByt
❌ Cliente desconectado: NLpqA4f7eEAmPnQeAByr
❌ Cliente desconectado: QeUh7yql3Rmb3X-TAByq
❌ Cliente desconectado: c4xTpK_9GFdgMXPtAByt
✅ Cliente conectado a WebSocket: Zu6G9quZL8joS3l2AByv
✅ Cliente conectado a WebSocket: qbadWjZKKJXTL-28AByx
✅ Cliente conectado a WebSocket: F0wraYNvhNarWA55AByz
❌ Cliente desconectado: Zu6G9quZL8joS3l2AByv
❌ Cliente desconectado: qbadWjZKKJXTL-28AByx
❌ Cliente desconectado: F0wraYNvhNarWA55AByz
✅ Cliente conectado a WebSocket: Lr_M30cLT9r1ApP6ABy1
✅ Cliente conectado a WebSocket: e2ClNCs4gjb7Wk3LABy4
✅ Cliente conectado a WebSocket: QYCm98vjf_OcVViiABy5
❌ Cliente desconectado: Lr_M30cLT9r1ApP6ABy1
❌ Cliente desconectado: e2ClNCs4gjb7Wk3LABy4
❌ Cliente desconectado: QYCm98vjf_OcVViiABy5
✅ Cliente conectado a WebSocket: d2n6tQUF2kvApzXpABy7
✅ Cliente conectado a WebSocket: HZ4_2Nyew_SSDbwEABy9
✅ Cliente conectado a WebSocket: iIh5yKy1FuLE8RHWABy_
❌ Cliente desconectado: d2n6tQUF2kvApzXpABy7
❌ Cliente desconectado: HZ4_2Nyew_SSDbwEABy9
❌ Cliente desconectado: iIh5yKy1FuLE8RHWABy_
✅ Cliente conectado a WebSocket: gIcrb0GL-c-Uwt7pABzB
✅ Cliente conectado a WebSocket: -yoMtQwz5WHAJPCwABzE
✅ Cliente conectado a WebSocket: Myn-8T6TZFGTj4fSABzF
❌ Cliente desconectado: gIcrb0GL-c-Uwt7pABzB
❌ Cliente desconectado: -yoMtQwz5WHAJPCwABzE
❌ Cliente desconectado: Myn-8T6TZFGTj4fSABzF
✅ Cliente conectado a WebSocket: PmJrSlpN6biEAZXFABzH
✅ Cliente conectado a WebSocket: OGJEchap8e_vF8BuABzJ
✅ Cliente conectado a WebSocket: UwUWyf489_6X0qzcABzL
❌ Cliente desconectado: PmJrSlpN6biEAZXFABzH
❌ Cliente desconectado: OGJEchap8e_vF8BuABzJ
❌ Cliente desconectado: UwUWyf489_6X0qzcABzL
✅ Cliente conectado a WebSocket: Ytt6hUAuDoDAYTklABzN
✅ Cliente conectado a WebSocket: rFS2xO2i6UY3Upz9ABzP
✅ Cliente conectado a WebSocket: e7KAiMUxrA7wPAykABzR
❌ Cliente desconectado: Ytt6hUAuDoDAYTklABzN
❌ Cliente desconectado: rFS2xO2i6UY3Upz9ABzP
❌ Cliente desconectado: e7KAiMUxrA7wPAykABzR
✅ Cliente conectado a WebSocket: E7jbI6g6WWvR61zQABzT
✅ Cliente conectado a WebSocket: yrVRRrtQ4QvgQqB9ABzW
✅ Cliente conectado a WebSocket: mLKJ197D7tfm9G0FABzX
❌ Cliente desconectado: E7jbI6g6WWvR61zQABzT
❌ Cliente desconectado: mLKJ197D7tfm9G0FABzX
❌ Cliente desconectado: yrVRRrtQ4QvgQqB9ABzW
✅ Cliente conectado a WebSocket: 2X2L0prMAihOx5plABza
✅ Cliente conectado a WebSocket: NXfny7Mc7i-HRRTyABzb
✅ Cliente conectado a WebSocket: PfZKahBgfXYCR-OOABzd
❌ Cliente desconectado: 2X2L0prMAihOx5plABza
❌ Cliente desconectado: NXfny7Mc7i-HRRTyABzb
❌ Cliente desconectado: PfZKahBgfXYCR-OOABzd
✅ Cliente conectado a WebSocket: 84QFhB-kkH41g6IbABzh
✅ Cliente conectado a WebSocket: 92BmHOClL8FmjCmAABzi
✅ Cliente conectado a WebSocket: z8fwTAGoVEEsfAJlABzj
❌ Cliente desconectado: 92BmHOClL8FmjCmAABzi
❌ Cliente desconectado: 84QFhB-kkH41g6IbABzh
❌ Cliente desconectado: z8fwTAGoVEEsfAJlABzj
✅ Cliente conectado a WebSocket: gvmqwgkp1s30M5NTABzl
✅ Cliente conectado a WebSocket: QtUz-kJvdlfb668oABzo
✅ Cliente conectado a WebSocket: wN_ABGZ7BlFmRZ9XABzp
❌ Cliente desconectado: gvmqwgkp1s30M5NTABzl
❌ Cliente desconectado: QtUz-kJvdlfb668oABzo
❌ Cliente desconectado: wN_ABGZ7BlFmRZ9XABzp
✅ Cliente conectado a WebSocket: AoY9jjeajSit9x6_ABzs
✅ Cliente conectado a WebSocket: lBDttNAJ2RXkR08KABzt
✅ Cliente conectado a WebSocket: NJE_eJNg1qeg2_2xABzv
❌ Cliente desconectado: AoY9jjeajSit9x6_ABzs
❌ Cliente desconectado: lBDttNAJ2RXkR08KABzt
❌ Cliente desconectado: NJE_eJNg1qeg2_2xABzv
✅ Cliente conectado a WebSocket: oBkAHeKD9f4rfeecABzz
✅ Cliente conectado a WebSocket: RrLqeGdfYtZBaQeAABz0
✅ Cliente conectado a WebSocket: Xg5iR89C9PuMwxDfABz1
❌ Cliente desconectado: oBkAHeKD9f4rfeecABzz
❌ Cliente desconectado: RrLqeGdfYtZBaQeAABz0
❌ Cliente desconectado: Xg5iR89C9PuMwxDfABz1
✅ Cliente conectado a WebSocket: WB8jop_pxkZTNz-RABz3
✅ Cliente conectado a WebSocket: UYHdPTOdmyXOlVyyABz6
✅ Cliente conectado a WebSocket: isqYaon8LZ1di_PXABz7
❌ Cliente desconectado: WB8jop_pxkZTNz-RABz3
❌ Cliente desconectado: UYHdPTOdmyXOlVyyABz6
❌ Cliente desconectado: isqYaon8LZ1di_PXABz7
✅ Cliente conectado a WebSocket: k2vxDMo6tRVUrxS8ABz9
✅ Cliente conectado a WebSocket: 0URlbyRuhpk0912nAB0A
✅ Cliente conectado a WebSocket: uvZyvgfKAUkkilX5AB0B
❌ Cliente desconectado: k2vxDMo6tRVUrxS8ABz9
❌ Cliente desconectado: 0URlbyRuhpk0912nAB0A
❌ Cliente desconectado: uvZyvgfKAUkkilX5AB0B
✅ Cliente conectado a WebSocket: TehgzQ2UQuuE2BEYAB0E
✅ Cliente conectado a WebSocket: V9Q19TqW-V2GZZghAB0F
✅ Cliente conectado a WebSocket: w6WZZchiXC9X-7XHAB0H
❌ Cliente desconectado: V9Q19TqW-V2GZZghAB0F
❌ Cliente desconectado: TehgzQ2UQuuE2BEYAB0E
❌ Cliente desconectado: w6WZZchiXC9X-7XHAB0H
✅ Cliente conectado a WebSocket: 8IV2NSeRMMP2Gu7rAB0J
✅ Cliente conectado a WebSocket: 7Car3fRR0Suk624HAB0M
✅ Cliente conectado a WebSocket: kMYByDlEqR3N4eyNAB0N
❌ Cliente desconectado: 8IV2NSeRMMP2Gu7rAB0J
❌ Cliente desconectado: 7Car3fRR0Suk624HAB0M
❌ Cliente desconectado: kMYByDlEqR3N4eyNAB0N
✅ Cliente conectado a WebSocket: SZ2V-0YL65Dwph5mAB0P
✅ Cliente conectado a WebSocket: xeJNGLvJ1o0GBHUxAB0S
✅ Cliente conectado a WebSocket: rgsfJtur-Z6-qBpkAB0T
❌ Cliente desconectado: SZ2V-0YL65Dwph5mAB0P
❌ Cliente desconectado: xeJNGLvJ1o0GBHUxAB0S
❌ Cliente desconectado: rgsfJtur-Z6-qBpkAB0T
✅ Cliente conectado a WebSocket: VmhzfYHfUoAqKCiGAB0V
✅ Cliente conectado a WebSocket: VCzAey7UUxO5MoWpAB0X
✅ Cliente conectado a WebSocket: EN12jSW85hUWZnK9AB0Z
❌ Cliente desconectado: VmhzfYHfUoAqKCiGAB0V
❌ Cliente desconectado: VCzAey7UUxO5MoWpAB0X
❌ Cliente desconectado: EN12jSW85hUWZnK9AB0Z
✅ Cliente conectado a WebSocket: 5GGA0ipDz6vIw4TaAB0c
✅ Cliente conectado a WebSocket: pnHLYxc_ezgXTWBbAB0d
✅ Cliente conectado a WebSocket: NiNOVfLfick8MI0cAB0f
❌ Cliente desconectado: 5GGA0ipDz6vIw4TaAB0c
❌ Cliente desconectado: pnHLYxc_ezgXTWBbAB0d
❌ Cliente desconectado: NiNOVfLfick8MI0cAB0f
✅ Cliente conectado a WebSocket: QXVJxd1GQbbCuGkUAB0i
✅ Cliente conectado a WebSocket: d8kKB1BJ38qya5DlAB0j
✅ Cliente conectado a WebSocket: JNrp4g_qGAuzGmpiAB0l
❌ Cliente desconectado: d8kKB1BJ38qya5DlAB0j
❌ Cliente desconectado: QXVJxd1GQbbCuGkUAB0i
❌ Cliente desconectado: JNrp4g_qGAuzGmpiAB0l
✅ Cliente conectado a WebSocket: F7WapTY83fjKIvUdAB0o
✅ Cliente conectado a WebSocket: AKDOTKHog7vJuAAwAB0p
✅ Cliente conectado a WebSocket: Q4oiAcdD6RhOedEMAB0r
❌ Cliente desconectado: F7WapTY83fjKIvUdAB0o
❌ Cliente desconectado: AKDOTKHog7vJuAAwAB0p
❌ Cliente desconectado: Q4oiAcdD6RhOedEMAB0r
✅ Cliente conectado a WebSocket: zMhmOhMoHrTrU6jbAB0t
✅ Cliente conectado a WebSocket: Pj2jEsyToNzPAKlZAB0w
✅ Cliente conectado a WebSocket: gjRPbWLCfeF7FPFaAB0x
❌ Cliente desconectado: zMhmOhMoHrTrU6jbAB0t
❌ Cliente desconectado: Pj2jEsyToNzPAKlZAB0w
❌ Cliente desconectado: gjRPbWLCfeF7FPFaAB0x
✅ Cliente conectado a WebSocket: MMIFX-UefC7SbvtKAB0z
✅ Cliente conectado a WebSocket: 4Au8m9a3PE09IjFMAB02
✅ Cliente conectado a WebSocket: _CVuTvZEWvH5fg7rAB03
❌ Cliente desconectado: MMIFX-UefC7SbvtKAB0z
❌ Cliente desconectado: 4Au8m9a3PE09IjFMAB02
❌ Cliente desconectado: _CVuTvZEWvH5fg7rAB03
✅ Cliente conectado a WebSocket: -XD1wYQy-kQcVT50AB06
✅ Cliente conectado a WebSocket: XCKr2hx_qxLldQlNAB07
✅ Cliente conectado a WebSocket: zsM6TfRsNju8Wm3pAB09
❌ Cliente desconectado: -XD1wYQy-kQcVT50AB06
❌ Cliente desconectado: XCKr2hx_qxLldQlNAB07
❌ Cliente desconectado: zsM6TfRsNju8Wm3pAB09
✅ Cliente conectado a WebSocket: L2ZgSDBRUHRY4jUrAB0_
✅ Cliente conectado a WebSocket: 8yQ8icJ36ew4-xfgAB1C
✅ Cliente conectado a WebSocket: kKw5gVKZzqc-jKsVAB1D
❌ Cliente desconectado: L2ZgSDBRUHRY4jUrAB0_
❌ Cliente desconectado: 8yQ8icJ36ew4-xfgAB1C
❌ Cliente desconectado: kKw5gVKZzqc-jKsVAB1D
✅ Cliente conectado a WebSocket: h3jKUHgLug6Mo2fnAB1F
✅ Cliente conectado a WebSocket: Z9w-s4EFVxW0XW2sAB1I
✅ Cliente conectado a WebSocket: uRkLa6g3DKVnNpWvAB1J
❌ Cliente desconectado: h3jKUHgLug6Mo2fnAB1F
❌ Cliente desconectado: uRkLa6g3DKVnNpWvAB1J
❌ Cliente desconectado: Z9w-s4EFVxW0XW2sAB1I
✅ Cliente conectado a WebSocket: wtq-WhjTEqwqGgk0AB1L
✅ Cliente conectado a WebSocket: Kxe1VUe4CU0heHDCAB1O
✅ Cliente conectado a WebSocket: OJ83vkv0IVNpi75mAB1P
❌ Cliente desconectado: wtq-WhjTEqwqGgk0AB1L
❌ Cliente desconectado: Kxe1VUe4CU0heHDCAB1O
❌ Cliente desconectado: OJ83vkv0IVNpi75mAB1P
✅ Cliente conectado a WebSocket: 9q9zOZQ297u5oZY_AB1R
✅ Cliente conectado a WebSocket: xPxVoolvUXEYfloXAB1U
✅ Cliente conectado a WebSocket: ePuHC4YcIXXRkD7FAB1V
❌ Cliente desconectado: 9q9zOZQ297u5oZY_AB1R
❌ Cliente desconectado: xPxVoolvUXEYfloXAB1U
❌ Cliente desconectado: ePuHC4YcIXXRkD7FAB1V
✅ Cliente conectado a WebSocket: iNBoroFQnUQqE8J9AB1Z
✅ Cliente conectado a WebSocket: Sq9nKTGgpAfPCsbZAB1a
✅ Cliente conectado a WebSocket: MlVC-xEzkLPBDXQRAB1b
❌ Cliente desconectado: iNBoroFQnUQqE8J9AB1Z
❌ Cliente desconectado: Sq9nKTGgpAfPCsbZAB1a
❌ Cliente desconectado: MlVC-xEzkLPBDXQRAB1b
✅ Cliente conectado a WebSocket: 0MQzc_jmrZ9d4oknAB1e
✅ Cliente conectado a WebSocket: 9WSx4KiWv2CqQTz4AB1f
✅ Cliente conectado a WebSocket: nl3eO2xPKmU_w9JQAB1h
❌ Cliente desconectado: 9WSx4KiWv2CqQTz4AB1f
❌ Cliente desconectado: 0MQzc_jmrZ9d4oknAB1e
❌ Cliente desconectado: nl3eO2xPKmU_w9JQAB1h
✅ Cliente conectado a WebSocket: GqwILn5ly6jPjSuGAB1l
✅ Cliente conectado a WebSocket: NbMwrNMfYvNF6sIpAB1m
✅ Cliente conectado a WebSocket: VgqmeDWKdvfw6Ua8AB1n
❌ Cliente desconectado: GqwILn5ly6jPjSuGAB1l
❌ Cliente desconectado: NbMwrNMfYvNF6sIpAB1m
❌ Cliente desconectado: VgqmeDWKdvfw6Ua8AB1n
✅ Cliente conectado a WebSocket: qPXCWvoD_Qk_uwjAAB1q
✅ Cliente conectado a WebSocket: KeH2YOlF-Sy2OmYgAB1r
✅ Cliente conectado a WebSocket: nSJWaphLI5xD30Q7AB1t
❌ Cliente desconectado: qPXCWvoD_Qk_uwjAAB1q
❌ Cliente desconectado: KeH2YOlF-Sy2OmYgAB1r
❌ Cliente desconectado: nSJWaphLI5xD30Q7AB1t
✅ Cliente conectado a WebSocket: 9gRsI5TPJVUl2F5GAB1w
✅ Cliente conectado a WebSocket: J1hwQrWCFVMkHGxYAB1x
✅ Cliente conectado a WebSocket: MzId3CHmI3qggZypAB1z
❌ Cliente desconectado: 9gRsI5TPJVUl2F5GAB1w
❌ Cliente desconectado: J1hwQrWCFVMkHGxYAB1x
❌ Cliente desconectado: MzId3CHmI3qggZypAB1z
✅ Cliente conectado a WebSocket: R9wF4FhaOY8zwFmcAB12
✅ Cliente conectado a WebSocket: CzqyY1yyQPQe3zwtAB13
✅ Cliente conectado a WebSocket: JYSD6puTDILncWNXAB15
❌ Cliente desconectado: R9wF4FhaOY8zwFmcAB12
❌ Cliente desconectado: CzqyY1yyQPQe3zwtAB13
❌ Cliente desconectado: JYSD6puTDILncWNXAB15
✅ Cliente conectado a WebSocket: YxmgctWE93J-nkA-AB19
✅ Cliente conectado a WebSocket: CAfPHwyGxlhYv6BTAB1-
✅ Cliente conectado a WebSocket: bHyfPuqhnrFB-038AB1_
❌ Cliente desconectado: YxmgctWE93J-nkA-AB19
❌ Cliente desconectado: CAfPHwyGxlhYv6BTAB1-
❌ Cliente desconectado: bHyfPuqhnrFB-038AB1_
✅ Cliente conectado a WebSocket: SkkYsw_G2aJgqj-xAB2C
✅ Cliente conectado a WebSocket: -mHWXKdJbtQqfHatAB2D
✅ Cliente conectado a WebSocket: 9Dlr4qppwY1T1O3cAB2F
❌ Cliente desconectado: -mHWXKdJbtQqfHatAB2D
❌ Cliente desconectado: SkkYsw_G2aJgqj-xAB2C
❌ Cliente desconectado: 9Dlr4qppwY1T1O3cAB2F
✅ Cliente conectado a WebSocket: CXEZ77eLo2wyVlrHAB2H
✅ Cliente conectado a WebSocket: wVMeTdVCtKsGq-o1AB2J
✅ Cliente conectado a WebSocket: Emf28KAzQlWHxGIrAB2L
❌ Cliente desconectado: CXEZ77eLo2wyVlrHAB2H
❌ Cliente desconectado: wVMeTdVCtKsGq-o1AB2J
❌ Cliente desconectado: Emf28KAzQlWHxGIrAB2L
✅ Cliente conectado a WebSocket: fVknI_lkRcKYLwJhAB2O
✅ Cliente conectado a WebSocket: Y3ZsRa40MNupmpjgAB2P
✅ Cliente conectado a WebSocket: jWNizJW5dtrZOa7RAB2R
❌ Cliente desconectado: fVknI_lkRcKYLwJhAB2O
❌ Cliente desconectado: Y3ZsRa40MNupmpjgAB2P
❌ Cliente desconectado: jWNizJW5dtrZOa7RAB2R
✅ Cliente conectado a WebSocket: wB1_QR1LljC0P42cAB2U
✅ Cliente conectado a WebSocket: FqwKnbI_ZSGNsbxNAB2V
✅ Cliente conectado a WebSocket: x4Q6BJvsVPxyCvm3AB2X
❌ Cliente desconectado: wB1_QR1LljC0P42cAB2U
❌ Cliente desconectado: FqwKnbI_ZSGNsbxNAB2V
❌ Cliente desconectado: x4Q6BJvsVPxyCvm3AB2X
✅ Cliente conectado a WebSocket: N9AKbgFwtJQsHScNAB2b
✅ Cliente conectado a WebSocket: QyqMsQMW-yIa630OAB2c
✅ Cliente conectado a WebSocket: DZCI8kdVnInq0z_BAB2d
❌ Cliente desconectado: QyqMsQMW-yIa630OAB2c
❌ Cliente desconectado: N9AKbgFwtJQsHScNAB2b
❌ Cliente desconectado: DZCI8kdVnInq0z_BAB2d
✅ Cliente conectado a WebSocket: zwhSTLLy4ew9jslIAB2f
✅ Cliente conectado a WebSocket: nF1bGng0SBibVqTLAB2h
✅ Cliente conectado a WebSocket: iLNmZmObmJ62ZoanAB2j
❌ Cliente desconectado: zwhSTLLy4ew9jslIAB2f
❌ Cliente desconectado: nF1bGng0SBibVqTLAB2h
❌ Cliente desconectado: iLNmZmObmJ62ZoanAB2j
✅ Cliente conectado a WebSocket: reCH4py8S2YIZ-B6AB2l
✅ Cliente conectado a WebSocket: MvjnHtEU9MMoDh4aAB2o
✅ Cliente conectado a WebSocket: ANpHhIWLqcDzp9jlAB2p
❌ Cliente desconectado: reCH4py8S2YIZ-B6AB2l
❌ Cliente desconectado: MvjnHtEU9MMoDh4aAB2o
❌ Cliente desconectado: ANpHhIWLqcDzp9jlAB2p
✅ Cliente conectado a WebSocket: c5lipzhFfP4PHwgnAB2r
✅ Cliente conectado a WebSocket: QOGJKywZmtmzub6OAB2u
✅ Cliente conectado a WebSocket: -NSdT7eU0JLdKu9TAB2v
❌ Cliente desconectado: c5lipzhFfP4PHwgnAB2r
❌ Cliente desconectado: QOGJKywZmtmzub6OAB2u
❌ Cliente desconectado: -NSdT7eU0JLdKu9TAB2v
✅ Cliente conectado a WebSocket: ObQwTHZZsY0pzg7vAB2x
✅ Cliente conectado a WebSocket: WlMH4qUpdQ0AKGQJAB20
✅ Cliente conectado a WebSocket: QLYXAmKjn7Y90FuQAB21
❌ Cliente desconectado: ObQwTHZZsY0pzg7vAB2x
❌ Cliente desconectado: WlMH4qUpdQ0AKGQJAB20
❌ Cliente desconectado: QLYXAmKjn7Y90FuQAB21
✅ Cliente conectado a WebSocket: vhcxqgEhw76QqnR_AB23
✅ Cliente conectado a WebSocket: db5eS5V0qwpXE-wEAB26
✅ Cliente conectado a WebSocket: TG58thvyV_ZYQ2XLAB27
❌ Cliente desconectado: vhcxqgEhw76QqnR_AB23
❌ Cliente desconectado: db5eS5V0qwpXE-wEAB26
❌ Cliente desconectado: TG58thvyV_ZYQ2XLAB27
✅ Cliente conectado a WebSocket: M1-_HOCGGVYF8vaAAB2-
✅ Cliente conectado a WebSocket: 6p6LNUimbgiqJ88fAB2_
✅ Cliente conectado a WebSocket: NrpNeyKMh0570EQHAB3B
❌ Cliente desconectado: 6p6LNUimbgiqJ88fAB2_
❌ Cliente desconectado: M1-_HOCGGVYF8vaAAB2-
❌ Cliente desconectado: NrpNeyKMh0570EQHAB3B
✅ Cliente conectado a WebSocket: -3u3Q_D5Ue6RdvW1AB3D
✅ Cliente conectado a WebSocket: nEnrqZiQWC8_OzcTAB3G
✅ Cliente conectado a WebSocket: xzo5XLrrbpEzIMjzAB3H
❌ Cliente desconectado: -3u3Q_D5Ue6RdvW1AB3D
❌ Cliente desconectado: nEnrqZiQWC8_OzcTAB3G
❌ Cliente desconectado: xzo5XLrrbpEzIMjzAB3H
✅ Cliente conectado a WebSocket: d6S-_Z8kgKzyR-BzAB3K
✅ Cliente conectado a WebSocket: hJddBq08l05QjbKzAB3L
✅ Cliente conectado a WebSocket: A3IxfYFYhy4SulF7AB3N
❌ Cliente desconectado: d6S-_Z8kgKzyR-BzAB3K
❌ Cliente desconectado: hJddBq08l05QjbKzAB3L
❌ Cliente desconectado: A3IxfYFYhy4SulF7AB3N
✅ Cliente conectado a WebSocket: LQ_MZ6c1PrLZ7D-3AB3P
✅ Cliente conectado a WebSocket: L1cjVzerJY5UtFxrAB3S
✅ Cliente conectado a WebSocket: 82pv4b-HGJRsJaXMAB3T
❌ Cliente desconectado: LQ_MZ6c1PrLZ7D-3AB3P
❌ Cliente desconectado: L1cjVzerJY5UtFxrAB3S
❌ Cliente desconectado: 82pv4b-HGJRsJaXMAB3T
✅ Cliente conectado a WebSocket: Jwq1qFho5D8kbzEtAB3V
✅ Cliente conectado a WebSocket: 3IoIFgkeTtVE0fldAB3Y
✅ Cliente conectado a WebSocket: BAdL-pPukthGcvLmAB3Z
❌ Cliente desconectado: Jwq1qFho5D8kbzEtAB3V
❌ Cliente desconectado: 3IoIFgkeTtVE0fldAB3Y
❌ Cliente desconectado: BAdL-pPukthGcvLmAB3Z
✅ Cliente conectado a WebSocket: 0vKaRobVYxpJfgxRAB3b
✅ Cliente conectado a WebSocket: qRBBGYbzk78W3BFBAB3d
✅ Cliente conectado a WebSocket: P2Ho_5fjjY_NqMHbAB3f
❌ Cliente desconectado: 0vKaRobVYxpJfgxRAB3b
❌ Cliente desconectado: qRBBGYbzk78W3BFBAB3d
❌ Cliente desconectado: P2Ho_5fjjY_NqMHbAB3f
✅ Cliente conectado a WebSocket: wF0RX7eLw0aNk99PAB3i
✅ Cliente conectado a WebSocket: bVlJz73aoFhV7LEtAB3j
✅ Cliente conectado a WebSocket: fBieX7qhrOQt6lKZAB3l
❌ Cliente desconectado: bVlJz73aoFhV7LEtAB3j
❌ Cliente desconectado: wF0RX7eLw0aNk99PAB3i
❌ Cliente desconectado: fBieX7qhrOQt6lKZAB3l
✅ Cliente conectado a WebSocket: 11y2yCu2rDn2Zx1rAB3n
✅ Cliente conectado a WebSocket: bdGLrQLnGqTGh4VPAB3p
✅ Cliente conectado a WebSocket: XzzKwQUTP7M3Dg4fAB3r
❌ Cliente desconectado: 11y2yCu2rDn2Zx1rAB3n
❌ Cliente desconectado: bdGLrQLnGqTGh4VPAB3p
❌ Cliente desconectado: XzzKwQUTP7M3Dg4fAB3r
✅ Cliente conectado a WebSocket: 2kbr_7BeK9Jv0N-MAB3t
✅ Cliente conectado a WebSocket: 2wwMjB0yoZ1XsUpDAB3w
✅ Cliente conectado a WebSocket: BHqG75Ql6dfu2Z_vAB3x
❌ Cliente desconectado: 2kbr_7BeK9Jv0N-MAB3t
❌ Cliente desconectado: 2wwMjB0yoZ1XsUpDAB3w
❌ Cliente desconectado: BHqG75Ql6dfu2Z_vAB3x
✅ Cliente conectado a WebSocket: zrtZrBeCrtcfviS7AB3z
✅ Cliente conectado a WebSocket: CyeE09fNtfEseutwAB32
✅ Cliente conectado a WebSocket: YN0XBRHEcQhQu0zPAB33
❌ Cliente desconectado: zrtZrBeCrtcfviS7AB3z
❌ Cliente desconectado: CyeE09fNtfEseutwAB32
❌ Cliente desconectado: YN0XBRHEcQhQu0zPAB33
✅ Cliente conectado a WebSocket: ZNAm89osI8qhmORVAB37
✅ Cliente conectado a WebSocket: Wwh9qAUiHpYN_cecAB38
✅ Cliente conectado a WebSocket: bvt2g7zHrrp2FW-aAB39
❌ Cliente desconectado: bvt2g7zHrrp2FW-aAB39
❌ Cliente desconectado: ZNAm89osI8qhmORVAB37
❌ Cliente desconectado: Wwh9qAUiHpYN_cecAB38
✅ Cliente conectado a WebSocket: UM3Nzlpd_zuYRmJpAB3_
✅ Cliente conectado a WebSocket: uxsFJ5uvNufcH2QEAB4C
✅ Cliente conectado a WebSocket: rEaM3CBfK7GgSFbnAB4D
❌ Cliente desconectado: UM3Nzlpd_zuYRmJpAB3_
❌ Cliente desconectado: uxsFJ5uvNufcH2QEAB4C
❌ Cliente desconectado: rEaM3CBfK7GgSFbnAB4D
✅ Cliente conectado a WebSocket: EIoEH7K1YNboK95pAB4F
✅ Cliente conectado a WebSocket: 6-8VvS0c50R_9d8sAB4H
✅ Cliente conectado a WebSocket: 1TTr4M_gO-p2zoADAB4J
❌ Cliente desconectado: EIoEH7K1YNboK95pAB4F
❌ Cliente desconectado: 6-8VvS0c50R_9d8sAB4H
❌ Cliente desconectado: 1TTr4M_gO-p2zoADAB4J
✅ Cliente conectado a WebSocket: kwEBmal_3IHCy0PrAB4L
✅ Cliente conectado a WebSocket: _zf14S0yky_kLbj5AB4N
✅ Cliente conectado a WebSocket: 5v3XyodjXOD55XWoAB4P
❌ Cliente desconectado: kwEBmal_3IHCy0PrAB4L
❌ Cliente desconectado: _zf14S0yky_kLbj5AB4N
❌ Cliente desconectado: 5v3XyodjXOD55XWoAB4P
✅ Cliente conectado a WebSocket: OUdYz5xyheq1WDa6AB4R
✅ Cliente conectado a WebSocket: CM9_hLiWcJZt-IhrAB4T
✅ Cliente conectado a WebSocket: ODDDdN3HNCkxNYiKAB4V
❌ Cliente desconectado: OUdYz5xyheq1WDa6AB4R
❌ Cliente desconectado: CM9_hLiWcJZt-IhrAB4T
❌ Cliente desconectado: ODDDdN3HNCkxNYiKAB4V
✅ Cliente conectado a WebSocket: RNcsHXhC-woCTWdlAB4X
✅ Cliente conectado a WebSocket: FljDN7-hruSi13cjAB4Z
✅ Cliente conectado a WebSocket: oYn8iH7X78C1BmB-AB4b
❌ Cliente desconectado: RNcsHXhC-woCTWdlAB4X
❌ Cliente desconectado: FljDN7-hruSi13cjAB4Z
❌ Cliente desconectado: oYn8iH7X78C1BmB-AB4b
✅ Cliente conectado a WebSocket: Z-qeS4uJHptgdFb5AB4d
✅ Cliente conectado a WebSocket: eoPdlljGCoAITMQXAB4f
✅ Cliente conectado a WebSocket: H2Jy4k2Mw-K5gE0LAB4h
❌ Cliente desconectado: Z-qeS4uJHptgdFb5AB4d
❌ Cliente desconectado: eoPdlljGCoAITMQXAB4f
❌ Cliente desconectado: H2Jy4k2Mw-K5gE0LAB4h
✅ Cliente conectado a WebSocket: wnpdf4uhILX7CzUNAB4k
✅ Cliente conectado a WebSocket: -x23xP3-BH5hz8fjAB4l
✅ Cliente conectado a WebSocket: 2QirmavhdkT3FiNOAB4n
❌ Cliente desconectado: wnpdf4uhILX7CzUNAB4k
❌ Cliente desconectado: -x23xP3-BH5hz8fjAB4l
❌ Cliente desconectado: 2QirmavhdkT3FiNOAB4n
✅ Cliente conectado a WebSocket: f9hvPgur2IURS_IdAB4p
✅ Cliente conectado a WebSocket: EWIUNAEZGnzm4t9RAB4r
✅ Cliente conectado a WebSocket: Y7BJCYyiu5ohcmKIAB4t
❌ Cliente desconectado: f9hvPgur2IURS_IdAB4p
❌ Cliente desconectado: EWIUNAEZGnzm4t9RAB4r
❌ Cliente desconectado: Y7BJCYyiu5ohcmKIAB4t
✅ Cliente conectado a WebSocket: uZIHgDcP_3_v-dLpAB4w
✅ Cliente conectado a WebSocket: 5kZ0MousFtF7W8kzAB4x
✅ Cliente conectado a WebSocket: r-pwxyxSSrTRpxmaAB4z
❌ Cliente desconectado: uZIHgDcP_3_v-dLpAB4w
❌ Cliente desconectado: 5kZ0MousFtF7W8kzAB4x
❌ Cliente desconectado: r-pwxyxSSrTRpxmaAB4z
✅ Cliente conectado a WebSocket: 1sLtvBwJfKSG5EB2AB41
✅ Cliente conectado a WebSocket: A3wEfF5UHRsACYCMAB43
✅ Cliente conectado a WebSocket: XWdfw7iMIlNDUP53AB45
❌ Cliente desconectado: 1sLtvBwJfKSG5EB2AB41
❌ Cliente desconectado: A3wEfF5UHRsACYCMAB43
❌ Cliente desconectado: XWdfw7iMIlNDUP53AB45
✅ Cliente conectado a WebSocket: kZ2oNxkd1U6LsnONAB48
✅ Cliente conectado a WebSocket: W6CArOqQiZlQBqBOAB49
✅ Cliente conectado a WebSocket: 28De4drrta3SLwMkAB4_
❌ Cliente desconectado: kZ2oNxkd1U6LsnONAB48
❌ Cliente desconectado: W6CArOqQiZlQBqBOAB49
❌ Cliente desconectado: 28De4drrta3SLwMkAB4_
✅ Cliente conectado a WebSocket: km6mLgCrecpLhydHAB5B
✅ Cliente conectado a WebSocket: oKvLs41qVjyBwShsAB5D
✅ Cliente conectado a WebSocket: tKDi3Z4sIyt4YmmcAB5F
❌ Cliente desconectado: km6mLgCrecpLhydHAB5B
❌ Cliente desconectado: oKvLs41qVjyBwShsAB5D
❌ Cliente desconectado: tKDi3Z4sIyt4YmmcAB5F
✅ Cliente conectado a WebSocket: qH2bN3smJvruPyfMAB5I
✅ Cliente conectado a WebSocket: aXLDayvTXOSX6ZIsAB5J
✅ Cliente conectado a WebSocket: cBrcxwEX4cIuepvYAB5L
❌ Cliente desconectado: qH2bN3smJvruPyfMAB5I
❌ Cliente desconectado: aXLDayvTXOSX6ZIsAB5J
❌ Cliente desconectado: cBrcxwEX4cIuepvYAB5L
✅ Cliente conectado a WebSocket: lvLuebnOn7Cr5w7hAB5P
✅ Cliente conectado a WebSocket: 2U86ZQYYJojESD5sAB5Q
✅ Cliente conectado a WebSocket: 8jLNKRM_fq8vdFlpAB5R
❌ Cliente desconectado: lvLuebnOn7Cr5w7hAB5P
❌ Cliente desconectado: 8jLNKRM_fq8vdFlpAB5R
❌ Cliente desconectado: 2U86ZQYYJojESD5sAB5Q
✅ Cliente conectado a WebSocket: yMN8uwHWDuQRVCaEAB5T
✅ Cliente conectado a WebSocket: aA5_4FkVinytfB8XAB5W
✅ Cliente conectado a WebSocket: Dm8arfb6udRk_r2tAB5X
❌ Cliente desconectado: yMN8uwHWDuQRVCaEAB5T
❌ Cliente desconectado: aA5_4FkVinytfB8XAB5W
❌ Cliente desconectado: Dm8arfb6udRk_r2tAB5X
✅ Cliente conectado a WebSocket: _-4FKjVs4B1Ma3MvAB5b
✅ Cliente conectado a WebSocket: zZS1EbpmCk7uJR-6AB5c
✅ Cliente conectado a WebSocket: HQlQjjQbJSpwwwn1AB5d
❌ Cliente desconectado: _-4FKjVs4B1Ma3MvAB5b
❌ Cliente desconectado: zZS1EbpmCk7uJR-6AB5c
❌ Cliente desconectado: HQlQjjQbJSpwwwn1AB5d
✅ Cliente conectado a WebSocket: ti5Sp57oBjmF2WTMAB5g
✅ Cliente conectado a WebSocket: kTdh4DL2drrEDpDVAB5h
✅ Cliente conectado a WebSocket: 9ywAbEgrQyCv8hxpAB5j
❌ Cliente desconectado: ti5Sp57oBjmF2WTMAB5g
❌ Cliente desconectado: kTdh4DL2drrEDpDVAB5h
❌ Cliente desconectado: 9ywAbEgrQyCv8hxpAB5j
✅ Cliente conectado a WebSocket: AUYIWYZ81g4-N-utAB5l
✅ Cliente conectado a WebSocket: X6XMlsi80pk5FvY6AB5n
✅ Cliente conectado a WebSocket: cvtFuEWvyToSjm6UAB5p
❌ Cliente desconectado: AUYIWYZ81g4-N-utAB5l
❌ Cliente desconectado: X6XMlsi80pk5FvY6AB5n
❌ Cliente desconectado: cvtFuEWvyToSjm6UAB5p
✅ Cliente conectado a WebSocket: juBNTiPVmYd7XBuFAB5r
✅ Cliente conectado a WebSocket: EUy4nQXjvR8ucmkQAB5t
✅ Cliente conectado a WebSocket: kAaGIwtR9o4STwC3AB5v
❌ Cliente desconectado: juBNTiPVmYd7XBuFAB5r
❌ Cliente desconectado: EUy4nQXjvR8ucmkQAB5t
❌ Cliente desconectado: kAaGIwtR9o4STwC3AB5v
✅ Cliente conectado a WebSocket: FB34xBPuAdVNA45sAB5z
✅ Cliente conectado a WebSocket: ktaizjeR9RdzsyJGAB50
✅ Cliente conectado a WebSocket: vk3kVk10wDPI8sRWAB51
❌ Cliente desconectado: FB34xBPuAdVNA45sAB5z
❌ Cliente desconectado: ktaizjeR9RdzsyJGAB50
❌ Cliente desconectado: vk3kVk10wDPI8sRWAB51
✅ Cliente conectado a WebSocket: IGZPNrZOB18mhOArAB53
✅ Cliente conectado a WebSocket: B6UMlbxnvrHm5qKhAB55
✅ Cliente conectado a WebSocket: MFs3qPA3N6FXVPA6AB57
❌ Cliente desconectado: IGZPNrZOB18mhOArAB53
❌ Cliente desconectado: B6UMlbxnvrHm5qKhAB55
❌ Cliente desconectado: MFs3qPA3N6FXVPA6AB57
✅ Cliente conectado a WebSocket: s4i6Mc4xbIus307rAB59
✅ Cliente conectado a WebSocket: 6R5zHerk7MAutII6AB5_
✅ Cliente conectado a WebSocket: mP6ku5oEFBaYIg7_AB6B
❌ Cliente desconectado: s4i6Mc4xbIus307rAB59
❌ Cliente desconectado: 6R5zHerk7MAutII6AB5_
❌ Cliente desconectado: mP6ku5oEFBaYIg7_AB6B
✅ Cliente conectado a WebSocket: EOd_BSggOztwNwx9AB6D
✅ Cliente conectado a WebSocket: s5Hf78CGlcake_8FAB6G
✅ Cliente conectado a WebSocket: k6awzPBwHlxd-w_XAB6H
❌ Cliente desconectado: EOd_BSggOztwNwx9AB6D
❌ Cliente desconectado: k6awzPBwHlxd-w_XAB6H
❌ Cliente desconectado: s5Hf78CGlcake_8FAB6G
✅ Cliente conectado a WebSocket: Fbz3sxUq0HM4keXwAB6J
✅ Cliente conectado a WebSocket: EPjbZhnKbU5Sbx6VAB6M
✅ Cliente conectado a WebSocket: RXEYPDblMJn8UffgAB6N
❌ Cliente desconectado: Fbz3sxUq0HM4keXwAB6J
❌ Cliente desconectado: RXEYPDblMJn8UffgAB6N
❌ Cliente desconectado: EPjbZhnKbU5Sbx6VAB6M
✅ Cliente conectado a WebSocket: PCl5pvZrZ-TaOKWaAB6P
✅ Cliente conectado a WebSocket: F1elvnXXE-mRVRhFAB6S
✅ Cliente conectado a WebSocket: 4EzE4mvhjhrYs5wkAB6T
❌ Cliente desconectado: PCl5pvZrZ-TaOKWaAB6P
❌ Cliente desconectado: F1elvnXXE-mRVRhFAB6S
❌ Cliente desconectado: 4EzE4mvhjhrYs5wkAB6T
✅ Cliente conectado a WebSocket: 1w6Nq-iZIZ9fRo7yAB6V
✅ Cliente conectado a WebSocket: jGColjs4vSQ63EZrAB6X
✅ Cliente conectado a WebSocket: xktlmWeIGWhdEkUIAB6Z
❌ Cliente desconectado: 1w6Nq-iZIZ9fRo7yAB6V
❌ Cliente desconectado: jGColjs4vSQ63EZrAB6X
❌ Cliente desconectado: xktlmWeIGWhdEkUIAB6Z
✅ Cliente conectado a WebSocket: Qas_mtGvO28bYQkhAB6b
✅ Cliente conectado a WebSocket: KQU9Y8rp4_DDMy9zAB6e
✅ Cliente conectado a WebSocket: oED4sdoZFjE0wf6PAB6f
❌ Cliente desconectado: Qas_mtGvO28bYQkhAB6b
❌ Cliente desconectado: KQU9Y8rp4_DDMy9zAB6e
❌ Cliente desconectado: oED4sdoZFjE0wf6PAB6f
✅ Cliente conectado a WebSocket: PtDtvo8IRzyt63WWAB6i
✅ Cliente conectado a WebSocket: PYEfFU82e4PhjYoGAB6j
✅ Cliente conectado a WebSocket: p_DUCAykAKoZcknlAB6l
❌ Cliente desconectado: PtDtvo8IRzyt63WWAB6i
❌ Cliente desconectado: PYEfFU82e4PhjYoGAB6j
❌ Cliente desconectado: p_DUCAykAKoZcknlAB6l
✅ Cliente conectado a WebSocket: SME3mvSEEdRL9NR3AB6p
✅ Cliente conectado a WebSocket: ymMbjVk7s_xasj3LAB6q
✅ Cliente conectado a WebSocket: XWCrVqzRcLHIGT0iAB6r
❌ Cliente desconectado: XWCrVqzRcLHIGT0iAB6r
❌ Cliente desconectado: SME3mvSEEdRL9NR3AB6p
❌ Cliente desconectado: ymMbjVk7s_xasj3LAB6q
✅ Cliente conectado a WebSocket: mEHFr4Na-UeMCV-iAB6v
✅ Cliente conectado a WebSocket: y_Z0RUK5m_yTVSoVAB6w
✅ Cliente conectado a WebSocket: Wq2d66LaY5rg1OnWAB6x
❌ Cliente desconectado: mEHFr4Na-UeMCV-iAB6v
❌ Cliente desconectado: y_Z0RUK5m_yTVSoVAB6w
❌ Cliente desconectado: Wq2d66LaY5rg1OnWAB6x
✅ Cliente conectado a WebSocket: B_LXLLPMOOs264WGAB6z
✅ Cliente conectado a WebSocket: Km-9R7fpYxiFlRrxAB61
✅ Cliente conectado a WebSocket: Q2-PQqkaFEidgeUBAB63
❌ Cliente desconectado: B_LXLLPMOOs264WGAB6z
❌ Cliente desconectado: Km-9R7fpYxiFlRrxAB61
❌ Cliente desconectado: Q2-PQqkaFEidgeUBAB63
✅ Cliente conectado a WebSocket: fQ5kF8-Oxkz10n6SAB66
✅ Cliente conectado a WebSocket: yFdv1hxPe_Jfz1KwAB67
✅ Cliente conectado a WebSocket: gfXQJhnE12RQefE0AB69
❌ Cliente desconectado: fQ5kF8-Oxkz10n6SAB66
❌ Cliente desconectado: yFdv1hxPe_Jfz1KwAB67
❌ Cliente desconectado: gfXQJhnE12RQefE0AB69
✅ Cliente conectado a WebSocket: 2gPOg4U--xXMVCUcAB7A
✅ Cliente conectado a WebSocket: QwNYsJjFBeC5nmqbAB7B
✅ Cliente conectado a WebSocket: UXGwD4ojiOhH01IDAB7D
❌ Cliente desconectado: QwNYsJjFBeC5nmqbAB7B
❌ Cliente desconectado: 2gPOg4U--xXMVCUcAB7A
❌ Cliente desconectado: UXGwD4ojiOhH01IDAB7D
✅ Cliente conectado a WebSocket: Os6lIg1hEbtrq5i7AB7G
✅ Cliente conectado a WebSocket: hmIRlzDYLlOpoLjLAB7H
✅ Cliente conectado a WebSocket: DR7bFR3gJBmn922uAB7J
❌ Cliente desconectado: Os6lIg1hEbtrq5i7AB7G
❌ Cliente desconectado: hmIRlzDYLlOpoLjLAB7H
❌ Cliente desconectado: DR7bFR3gJBmn922uAB7J
✅ Cliente conectado a WebSocket: 1Ax4t8DJEIfZWvbfAB7M
✅ Cliente conectado a WebSocket: zHfYH2l8fHPaBzSnAB7N
✅ Cliente conectado a WebSocket: 8PG4jNTO3GILCW-kAB7P
❌ Cliente desconectado: 1Ax4t8DJEIfZWvbfAB7M
❌ Cliente desconectado: zHfYH2l8fHPaBzSnAB7N
❌ Cliente desconectado: 8PG4jNTO3GILCW-kAB7P
✅ Cliente conectado a WebSocket: a99zAQoa_M2kyBmGAB7R
✅ Cliente conectado a WebSocket: cAtTICDzrtTIakndAB7U
✅ Cliente conectado a WebSocket: NV_jFJZUPqKWrfJtAB7V
❌ Cliente desconectado: a99zAQoa_M2kyBmGAB7R
❌ Cliente desconectado: cAtTICDzrtTIakndAB7U
❌ Cliente desconectado: NV_jFJZUPqKWrfJtAB7V
✅ Cliente conectado a WebSocket: bjK4ZWLPsndsKAHoAB7X
✅ Cliente conectado a WebSocket: g-LNzYspldmPhQOxAB7a
✅ Cliente conectado a WebSocket: gBvC3ldecA-DiSdjAB7b
❌ Cliente desconectado: bjK4ZWLPsndsKAHoAB7X
❌ Cliente desconectado: g-LNzYspldmPhQOxAB7a
❌ Cliente desconectado: gBvC3ldecA-DiSdjAB7b
✅ Cliente conectado a WebSocket: 620qaIYHkWsAHNtlAB7d
✅ Cliente conectado a WebSocket: W7dER4Q-CZM_Wn5oAB7g
✅ Cliente conectado a WebSocket: ndDVuKSHLLZVo4sAAB7h
❌ Cliente desconectado: 620qaIYHkWsAHNtlAB7d
❌ Cliente desconectado: W7dER4Q-CZM_Wn5oAB7g
❌ Cliente desconectado: ndDVuKSHLLZVo4sAAB7h
✅ Cliente conectado a WebSocket: 4QpKVstXOOvBnElRAB7j
✅ Cliente conectado a WebSocket: PU_mF2TwyWC1aksBAB7m
✅ Cliente conectado a WebSocket: dML_yDzEU5niXtf_AB7n
❌ Cliente desconectado: 4QpKVstXOOvBnElRAB7j
❌ Cliente desconectado: PU_mF2TwyWC1aksBAB7m
❌ Cliente desconectado: dML_yDzEU5niXtf_AB7n
✅ Cliente conectado a WebSocket: MOyT7Cc1Kb5PRHMQAB7p
✅ Cliente conectado a WebSocket: feMmPRQSf2xV_hwiAB7s
✅ Cliente conectado a WebSocket: 6FrgYC8hLA4wrUo5AB7t
❌ Cliente desconectado: MOyT7Cc1Kb5PRHMQAB7p
❌ Cliente desconectado: feMmPRQSf2xV_hwiAB7s
❌ Cliente desconectado: 6FrgYC8hLA4wrUo5AB7t
✅ Cliente conectado a WebSocket: alsHLZH5MeaRDkKyAB7v
✅ Cliente conectado a WebSocket: xyU5ls6buYhv3Y-dAB7y
✅ Cliente conectado a WebSocket: OPWmMGyZRiJKKgpfAB7z
❌ Cliente desconectado: alsHLZH5MeaRDkKyAB7v
❌ Cliente desconectado: xyU5ls6buYhv3Y-dAB7y
❌ Cliente desconectado: OPWmMGyZRiJKKgpfAB7z
✅ Cliente conectado a WebSocket: 6-VYqAiyyf9bPFF7AB71
✅ Cliente conectado a WebSocket: BjFBHLioYK19Kw73AB74
✅ Cliente conectado a WebSocket: mKvNPOl4RED6PT8zAB75
❌ Cliente desconectado: 6-VYqAiyyf9bPFF7AB71
❌ Cliente desconectado: BjFBHLioYK19Kw73AB74
❌ Cliente desconectado: mKvNPOl4RED6PT8zAB75
✅ Cliente conectado a WebSocket: vhHr5Xpm7_mqo0hGAB78
✅ Cliente conectado a WebSocket: kVjfbfzzVYndoIMgAB79
✅ Cliente conectado a WebSocket: FVNKoUTXkdm2ptueAB7_
❌ Cliente desconectado: kVjfbfzzVYndoIMgAB79
❌ Cliente desconectado: vhHr5Xpm7_mqo0hGAB78
❌ Cliente desconectado: FVNKoUTXkdm2ptueAB7_
✅ Cliente conectado a WebSocket: 3cOp7y21CD2Sd8udAB8C
✅ Cliente conectado a WebSocket: komYYxq7AuOJt27PAB8D
✅ Cliente conectado a WebSocket: 62G250mXa8-BsCILAB8F
❌ Cliente desconectado: 3cOp7y21CD2Sd8udAB8C
❌ Cliente desconectado: komYYxq7AuOJt27PAB8D
❌ Cliente desconectado: 62G250mXa8-BsCILAB8F
✅ Cliente conectado a WebSocket: v5iUgjvM0ThNqmRHAB8H
✅ Cliente conectado a WebSocket: B7i4r_0dV4bVTyIMAB8K
✅ Cliente conectado a WebSocket: l4eTY_CXSboegLGLAB8L
❌ Cliente desconectado: v5iUgjvM0ThNqmRHAB8H
❌ Cliente desconectado: l4eTY_CXSboegLGLAB8L
❌ Cliente desconectado: B7i4r_0dV4bVTyIMAB8K
✅ Cliente conectado a WebSocket: HaV1kuD-dK257rnFAB8N
✅ Cliente conectado a WebSocket: c3GV7bqCx0oH5iW4AB8Q
✅ Cliente conectado a WebSocket: TbFFRAFH918qm6wZAB8R
❌ Cliente desconectado: HaV1kuD-dK257rnFAB8N
❌ Cliente desconectado: c3GV7bqCx0oH5iW4AB8Q
❌ Cliente desconectado: TbFFRAFH918qm6wZAB8R
✅ Cliente conectado a WebSocket: bu089lODvaPBegMMAB8T
✅ Cliente conectado a WebSocket: yIt5LmQTaawKqUhCAB8W
✅ Cliente conectado a WebSocket: ZbTD9c0687PYEvq9AB8X
❌ Cliente desconectado: bu089lODvaPBegMMAB8T
❌ Cliente desconectado: yIt5LmQTaawKqUhCAB8W
❌ Cliente desconectado: ZbTD9c0687PYEvq9AB8X
✅ Cliente conectado a WebSocket: 0A5WSYhigaSYygSHAB8Z
✅ Cliente conectado a WebSocket: BmJOoZ_fZKHeD9-cAB8b
✅ Cliente conectado a WebSocket: cJEgfuu3qP7Yas6WAB8d
❌ Cliente desconectado: 0A5WSYhigaSYygSHAB8Z
❌ Cliente desconectado: BmJOoZ_fZKHeD9-cAB8b
❌ Cliente desconectado: cJEgfuu3qP7Yas6WAB8d
✅ Cliente conectado a WebSocket: 8pEHlq7zG8WZhB7AAB8f
✅ Cliente conectado a WebSocket: tuMnHzzhrqpzukOCAB8h
✅ Cliente conectado a WebSocket: Gv2UHfrRy_Bp68GTAB8j
❌ Cliente desconectado: 8pEHlq7zG8WZhB7AAB8f
❌ Cliente desconectado: tuMnHzzhrqpzukOCAB8h
❌ Cliente desconectado: Gv2UHfrRy_Bp68GTAB8j
✅ Cliente conectado a WebSocket: aUrKkwaYzFMcgUL9AB8m
✅ Cliente conectado a WebSocket: t8HRO-8s4j4tfn4jAB8n
✅ Cliente conectado a WebSocket: 1_gGFGngaR2JwdUgAB8p
❌ Cliente desconectado: aUrKkwaYzFMcgUL9AB8m
❌ Cliente desconectado: t8HRO-8s4j4tfn4jAB8n
❌ Cliente desconectado: 1_gGFGngaR2JwdUgAB8p
✅ Cliente conectado a WebSocket: 3RJeavJQ5NOfm9XtAB8r
✅ Cliente conectado a WebSocket: TvjMOGyC68pf_vlCAB8u
✅ Cliente conectado a WebSocket: G2yxYRrUnEBX9B34AB8v
❌ Cliente desconectado: 3RJeavJQ5NOfm9XtAB8r
❌ Cliente desconectado: TvjMOGyC68pf_vlCAB8u
❌ Cliente desconectado: G2yxYRrUnEBX9B34AB8v
✅ Cliente conectado a WebSocket: pyQ_9Tmn-U7JxNjhAB8y
✅ Cliente conectado a WebSocket: MSTZdOtZil3luG8qAB8z
✅ Cliente conectado a WebSocket: qZt_05s1hydjjNAyAB81
❌ Cliente desconectado: MSTZdOtZil3luG8qAB8z
❌ Cliente desconectado: pyQ_9Tmn-U7JxNjhAB8y
❌ Cliente desconectado: qZt_05s1hydjjNAyAB81
✅ Cliente conectado a WebSocket: Dq2vxcqQlwNlnvMIAB84
✅ Cliente conectado a WebSocket: kf6oOoHIrLXFqeqxAB85
✅ Cliente conectado a WebSocket: vddb1cDLHLVXcnmRAB87
❌ Cliente desconectado: Dq2vxcqQlwNlnvMIAB84
❌ Cliente desconectado: kf6oOoHIrLXFqeqxAB85
❌ Cliente desconectado: vddb1cDLHLVXcnmRAB87
✅ Cliente conectado a WebSocket: boL2tJJq_VxNg0weAB8_
✅ Cliente conectado a WebSocket: TQYM3RSEy5VTB3B2AB9A
✅ Cliente conectado a WebSocket: pGhRGHA8xF85wQpuAB9B
❌ Cliente desconectado: boL2tJJq_VxNg0weAB8_
❌ Cliente desconectado: TQYM3RSEy5VTB3B2AB9A
❌ Cliente desconectado: pGhRGHA8xF85wQpuAB9B
✅ Cliente conectado a WebSocket: 94SAiGKkVqHGTo3rAB9D
✅ Cliente conectado a WebSocket: MAPRfIuyqoaOxkhqAB9F
✅ Cliente conectado a WebSocket: GxhL1Sa3Ab35vISnAB9H
❌ Cliente desconectado: 94SAiGKkVqHGTo3rAB9D
❌ Cliente desconectado: MAPRfIuyqoaOxkhqAB9F
❌ Cliente desconectado: GxhL1Sa3Ab35vISnAB9H
✅ Cliente conectado a WebSocket: o4SRa1fTBLgbH1gPAB9J
✅ Cliente conectado a WebSocket: k4984_FhzMAkGo9cAB9M
✅ Cliente conectado a WebSocket: 7KXUaF5F4yk7GbKVAB9N
❌ Cliente desconectado: o4SRa1fTBLgbH1gPAB9J
❌ Cliente desconectado: k4984_FhzMAkGo9cAB9M
❌ Cliente desconectado: 7KXUaF5F4yk7GbKVAB9N
✅ Cliente conectado a WebSocket: OXQCt0vSeOqyo-jvAB9R
✅ Cliente conectado a WebSocket: vZR0fkjWZSJel1hWAB9S
✅ Cliente conectado a WebSocket: lfyhTyZT2Tmydvm7AB9T
❌ Cliente desconectado: OXQCt0vSeOqyo-jvAB9R
❌ Cliente desconectado: lfyhTyZT2Tmydvm7AB9T
❌ Cliente desconectado: vZR0fkjWZSJel1hWAB9S
✅ Cliente conectado a WebSocket: XNAUJn-namL5j2pnAB9X
✅ Cliente conectado a WebSocket: 5DLVOgVMhEf5tjCQAB9Y
✅ Cliente conectado a WebSocket: oxJlG3tmF4kA0ttGAB9Z
❌ Cliente desconectado: XNAUJn-namL5j2pnAB9X
❌ Cliente desconectado: oxJlG3tmF4kA0ttGAB9Z
❌ Cliente desconectado: 5DLVOgVMhEf5tjCQAB9Y
✅ Cliente conectado a WebSocket: mpSBmH8UsvbAg8dZAB9d
✅ Cliente conectado a WebSocket: SR3cHP5xFVtb7ytFAB9e
✅ Cliente conectado a WebSocket: LTJqzBxjAFxrtow2AB9f
❌ Cliente desconectado: mpSBmH8UsvbAg8dZAB9d
❌ Cliente desconectado: SR3cHP5xFVtb7ytFAB9e
❌ Cliente desconectado: LTJqzBxjAFxrtow2AB9f
✅ Cliente conectado a WebSocket: 204xOrPZaYiOLWweAB9h
✅ Cliente conectado a WebSocket: xwQaRwVBExN7pHgoAB9k
✅ Cliente conectado a WebSocket: GCVrsDqRIV2BLcgqAB9l
❌ Cliente desconectado: 204xOrPZaYiOLWweAB9h
❌ Cliente desconectado: xwQaRwVBExN7pHgoAB9k
❌ Cliente desconectado: GCVrsDqRIV2BLcgqAB9l
✅ Cliente conectado a WebSocket: 1Bb8IqDYjPFEI-CcAB9n
✅ Cliente conectado a WebSocket: TBOOJN8QkTAsS751AB9q
✅ Cliente conectado a WebSocket: HG3JI1DxVNyolj7PAB9r
❌ Cliente desconectado: 1Bb8IqDYjPFEI-CcAB9n
❌ Cliente desconectado: HG3JI1DxVNyolj7PAB9r
❌ Cliente desconectado: TBOOJN8QkTAsS751AB9q
✅ Cliente conectado a WebSocket: xVOLiFnzhc3fxs8GAB9t
✅ Cliente conectado a WebSocket: BV3eFtrSYshtjVbjAB9v
✅ Cliente conectado a WebSocket: UmbLJFE1t5ss3wYNAB9x
❌ Cliente desconectado: xVOLiFnzhc3fxs8GAB9t
❌ Cliente desconectado: BV3eFtrSYshtjVbjAB9v
❌ Cliente desconectado: UmbLJFE1t5ss3wYNAB9x
✅ Cliente conectado a WebSocket: k24qHKwREXiaeLqTAB91
✅ Cliente conectado a WebSocket: mw7rITF9VqGRbdEGAB92
✅ Cliente conectado a WebSocket: BM4hmJ5XYc_MQxu8AB93
❌ Cliente desconectado: k24qHKwREXiaeLqTAB91
❌ Cliente desconectado: mw7rITF9VqGRbdEGAB92
❌ Cliente desconectado: BM4hmJ5XYc_MQxu8AB93
✅ Cliente conectado a WebSocket: jFPatOTMbnfMXyoDAB96
✅ Cliente conectado a WebSocket: xbNDrS4q9bkOE-DRAB97
✅ Cliente conectado a WebSocket: A7pfHCedEav-RxvLAB99
❌ Cliente desconectado: jFPatOTMbnfMXyoDAB96
❌ Cliente desconectado: xbNDrS4q9bkOE-DRAB97
❌ Cliente desconectado: A7pfHCedEav-RxvLAB99
✅ Cliente conectado a WebSocket: AFufxGf3V4KQ54QfAB9_
✅ Cliente conectado a WebSocket: nOFBYRx4lFk43Y_bAB-C
✅ Cliente conectado a WebSocket: PT0VBRzKMPQtWMDAAB-D
❌ Cliente desconectado: AFufxGf3V4KQ54QfAB9_
❌ Cliente desconectado: nOFBYRx4lFk43Y_bAB-C
❌ Cliente desconectado: PT0VBRzKMPQtWMDAAB-D
✅ Cliente conectado a WebSocket: xSBB8L0oR2EOj9naAB-F
✅ Cliente conectado a WebSocket: 1iR7r2zaBcQG0zb7AB-I
✅ Cliente conectado a WebSocket: S5x9vpyNFxDUTWX4AB-J
❌ Cliente desconectado: xSBB8L0oR2EOj9naAB-F
❌ Cliente desconectado: 1iR7r2zaBcQG0zb7AB-I
❌ Cliente desconectado: S5x9vpyNFxDUTWX4AB-J
✅ Cliente conectado a WebSocket: ILcJoXSekNUna8O2AB-N
✅ Cliente conectado a WebSocket: TMnHaVmpzeJHeCL4AB-O
✅ Cliente conectado a WebSocket: PFy4q8V_Z808YDurAB-P
❌ Cliente desconectado: ILcJoXSekNUna8O2AB-N
❌ Cliente desconectado: TMnHaVmpzeJHeCL4AB-O
❌ Cliente desconectado: PFy4q8V_Z808YDurAB-P
✅ Cliente conectado a WebSocket: 6qmyg8kDDCZ5qEA7AB-S
✅ Cliente conectado a WebSocket: a7D3Kcx44SrZ6rz7AB-T
✅ Cliente conectado a WebSocket: TrLVnqFmMe0woTsGAB-V
❌ Cliente desconectado: 6qmyg8kDDCZ5qEA7AB-S
❌ Cliente desconectado: a7D3Kcx44SrZ6rz7AB-T
❌ Cliente desconectado: TrLVnqFmMe0woTsGAB-V
✅ Cliente conectado a WebSocket: dc5i1MXNI19UN1jkAB-Y
✅ Cliente conectado a WebSocket: ofQJ3J2nOQnYfElwAB-Z
✅ Cliente conectado a WebSocket: 2uZkc6kb0rLbi58bAB-b
❌ Cliente desconectado: dc5i1MXNI19UN1jkAB-Y
❌ Cliente desconectado: ofQJ3J2nOQnYfElwAB-Z
❌ Cliente desconectado: 2uZkc6kb0rLbi58bAB-b
✅ Cliente conectado a WebSocket: JRsWj3_SYfdao4pfAB-f
✅ Cliente conectado a WebSocket: hTcc-ecP_QzYetLZAB-g
✅ Cliente conectado a WebSocket: u6q4rhECFG4GxjB0AB-h
❌ Cliente desconectado: hTcc-ecP_QzYetLZAB-g
❌ Cliente desconectado: JRsWj3_SYfdao4pfAB-f
❌ Cliente desconectado: u6q4rhECFG4GxjB0AB-h
✅ Cliente conectado a WebSocket: rmJlS21_ZCXx0T-4AB-j
✅ Cliente conectado a WebSocket: 5LxXEU7-j6sdH6iCAB-m
✅ Cliente conectado a WebSocket: dSvyaetNy2yUHorPAB-n
❌ Cliente desconectado: rmJlS21_ZCXx0T-4AB-j
❌ Cliente desconectado: 5LxXEU7-j6sdH6iCAB-m
❌ Cliente desconectado: dSvyaetNy2yUHorPAB-n
✅ Cliente conectado a WebSocket: O3J4dOzz8lTWcVNVAB-q
✅ Cliente conectado a WebSocket: mujHllZIyMKUkslCAB-r
✅ Cliente conectado a WebSocket: YHKDES8-sYFNcNJBAB-t
❌ Cliente desconectado: O3J4dOzz8lTWcVNVAB-q
❌ Cliente desconectado: mujHllZIyMKUkslCAB-r
❌ Cliente desconectado: YHKDES8-sYFNcNJBAB-t
✅ Cliente conectado a WebSocket: F6KNwH2WZB5nyMiXAB-w
✅ Cliente conectado a WebSocket: w_jeY6XfG0S__ywgAB-x
✅ Cliente conectado a WebSocket: 3ytR9ZWy7vIX8TqaAB-z
❌ Cliente desconectado: F6KNwH2WZB5nyMiXAB-w
❌ Cliente desconectado: w_jeY6XfG0S__ywgAB-x
❌ Cliente desconectado: 3ytR9ZWy7vIX8TqaAB-z
✅ Cliente conectado a WebSocket: POIrSyazQBYZgEO3AB-1
✅ Cliente conectado a WebSocket: yVBRN4nBgFyVo896AB-3
✅ Cliente conectado a WebSocket: OUJxhPJGsEK_5I2LAB-5
❌ Cliente desconectado: POIrSyazQBYZgEO3AB-1
❌ Cliente desconectado: yVBRN4nBgFyVo896AB-3
❌ Cliente desconectado: OUJxhPJGsEK_5I2LAB-5
✅ Cliente conectado a WebSocket: Tr4prR_TNTB1z-LwAB-8
✅ Cliente conectado a WebSocket: M3fmVvEmSBk4vFglAB-9
✅ Cliente conectado a WebSocket: CsEHLJhzTXbKX2VzAB-_
❌ Cliente desconectado: Tr4prR_TNTB1z-LwAB-8
❌ Cliente desconectado: M3fmVvEmSBk4vFglAB-9
❌ Cliente desconectado: CsEHLJhzTXbKX2VzAB-_
✅ Cliente conectado a WebSocket: gbkAYUNCNQE5sQ7RAB_C
✅ Cliente conectado a WebSocket: w5V5egAaaKcw6N_qAB_D
✅ Cliente conectado a WebSocket: IChJykM1r5_fXq1xAB_F
❌ Cliente desconectado: gbkAYUNCNQE5sQ7RAB_C
❌ Cliente desconectado: w5V5egAaaKcw6N_qAB_D
❌ Cliente desconectado: IChJykM1r5_fXq1xAB_F
✅ Cliente conectado a WebSocket: ZnoGq653d2eW9rvRAB_I
✅ Cliente conectado a WebSocket: QTtp8z4G3PH4LafhAB_J
✅ Cliente conectado a WebSocket: zI0qOhXTRibe0MDVAB_L
❌ Cliente desconectado: ZnoGq653d2eW9rvRAB_I
❌ Cliente desconectado: QTtp8z4G3PH4LafhAB_J
❌ Cliente desconectado: zI0qOhXTRibe0MDVAB_L
✅ Cliente conectado a WebSocket: Ahjp5SMToaEn-jmGAB_N
✅ Cliente conectado a WebSocket: bYeZyMiRnXZAsAYXAB_Q
✅ Cliente conectado a WebSocket: 4GSszpJXmBYx-nvdAB_R
❌ Cliente desconectado: Ahjp5SMToaEn-jmGAB_N
❌ Cliente desconectado: 4GSszpJXmBYx-nvdAB_R
❌ Cliente desconectado: bYeZyMiRnXZAsAYXAB_Q
✅ Cliente conectado a WebSocket: Zlr07zsO5UlYraNtAB_V
✅ Cliente conectado a WebSocket: 3Ojje5DRPe9fGnCKAB_W
✅ Cliente conectado a WebSocket: JSdk1tvg5rtbFqk-AB_X
❌ Cliente desconectado: 3Ojje5DRPe9fGnCKAB_W
❌ Cliente desconectado: Zlr07zsO5UlYraNtAB_V
❌ Cliente desconectado: JSdk1tvg5rtbFqk-AB_X
✅ Cliente conectado a WebSocket: dH3l_R6htQb6ifs8AB_a
✅ Cliente conectado a WebSocket: gxyBlRQEv_Eg-_1JAB_b
✅ Cliente conectado a WebSocket: cTXwte2PNH3SvxjhAB_d
❌ Cliente desconectado: dH3l_R6htQb6ifs8AB_a
❌ Cliente desconectado: gxyBlRQEv_Eg-_1JAB_b
❌ Cliente desconectado: cTXwte2PNH3SvxjhAB_d
✅ Cliente conectado a WebSocket: E3AhytpYMmqQjpVfAB_g
✅ Cliente conectado a WebSocket: H1ju-tWIShF4vkYZAB_h
✅ Cliente conectado a WebSocket: KYfcVdjyoIOIdET1AB_j
❌ Cliente desconectado: E3AhytpYMmqQjpVfAB_g
❌ Cliente desconectado: H1ju-tWIShF4vkYZAB_h
❌ Cliente desconectado: KYfcVdjyoIOIdET1AB_j
✅ Cliente conectado a WebSocket: Dp6D9tEdzksSG8svAB_m
✅ Cliente conectado a WebSocket: Mwqbq75vdLQkK9drAB_n
✅ Cliente conectado a WebSocket: anhvJYrFqA2q5G93AB_p
❌ Cliente desconectado: Mwqbq75vdLQkK9drAB_n
❌ Cliente desconectado: Dp6D9tEdzksSG8svAB_m
❌ Cliente desconectado: anhvJYrFqA2q5G93AB_p
✅ Cliente conectado a WebSocket: z_JBqh-eV3JycinoAB_t
❌ Cliente desconectado: z_JBqh-eV3JycinoAB_t
✅ Cliente conectado a WebSocket: LKzs11Q7wciZpSjXAB_w
✅ Cliente conectado a WebSocket: 1o-Iv3rugKx2mpnsAB_x
❌ Cliente desconectado: LKzs11Q7wciZpSjXAB_w
❌ Cliente desconectado: 1o-Iv3rugKx2mpnsAB_x
✅ Cliente conectado a WebSocket: RrQUvL2hra1VUsqsAB_z
✅ Cliente conectado a WebSocket: FyJWInwhDPaJc9TIAB_1
✅ Cliente conectado a WebSocket: GVmUnH0mISOJQxWCAB_3
❌ Cliente desconectado: RrQUvL2hra1VUsqsAB_z
❌ Cliente desconectado: FyJWInwhDPaJc9TIAB_1
❌ Cliente desconectado: GVmUnH0mISOJQxWCAB_3
✅ Cliente conectado a WebSocket: atXFXT8r_v5bsyGfAB_5
✅ Cliente conectado a WebSocket: iOepkr4sfOyGaZ70AB_8
✅ Cliente conectado a WebSocket: TS3iewJ9Vbed0TJHAB_9
❌ Cliente desconectado: atXFXT8r_v5bsyGfAB_5
❌ Cliente desconectado: TS3iewJ9Vbed0TJHAB_9
❌ Cliente desconectado: iOepkr4sfOyGaZ70AB_8
✅ Cliente conectado a WebSocket: SMm6W4AyEHPyEuRZACAB
✅ Cliente conectado a WebSocket: mopH6hOybBxLki6EACAC
✅ Cliente conectado a WebSocket: MMRNORscgTV-c7shACAD
❌ Cliente desconectado: MMRNORscgTV-c7shACAD
❌ Cliente desconectado: SMm6W4AyEHPyEuRZACAB
❌ Cliente desconectado: mopH6hOybBxLki6EACAC
✅ Cliente conectado a WebSocket: eM5vYTxXmpe4TeCxACAF
✅ Cliente conectado a WebSocket: CsbgzwKmnyLGwMF9ACAI
✅ Cliente conectado a WebSocket: kvbHjRgiAqIXygzkACAJ
❌ Cliente desconectado: eM5vYTxXmpe4TeCxACAF
❌ Cliente desconectado: CsbgzwKmnyLGwMF9ACAI
❌ Cliente desconectado: kvbHjRgiAqIXygzkACAJ
✅ Cliente conectado a WebSocket: d6clvjQJrionl_UHACAL
✅ Cliente conectado a WebSocket: 7lRQZOE0aZXjkB_tACAO
✅ Cliente conectado a WebSocket: Pq3z8XwhKpvKUCqdACAP
❌ Cliente desconectado: d6clvjQJrionl_UHACAL
❌ Cliente desconectado: Pq3z8XwhKpvKUCqdACAP
❌ Cliente desconectado: 7lRQZOE0aZXjkB_tACAO
✅ Cliente conectado a WebSocket: XpWnGHx2kVPwmmTWACAS
✅ Cliente conectado a WebSocket: 8_XYOP2zdsoINBbCACAT
✅ Cliente conectado a WebSocket: 9o-yLWPnig09TD8QACAV
❌ Cliente desconectado: 8_XYOP2zdsoINBbCACAT
❌ Cliente desconectado: XpWnGHx2kVPwmmTWACAS
❌ Cliente desconectado: 9o-yLWPnig09TD8QACAV
✅ Cliente conectado a WebSocket: _5YCDNfTbNW0shbnACAY
✅ Cliente conectado a WebSocket: _2ikHkb8_0X3fxT_ACAZ
✅ Cliente conectado a WebSocket: efwb34m-5fAr8NqeACAb
❌ Cliente desconectado: _5YCDNfTbNW0shbnACAY
❌ Cliente desconectado: _2ikHkb8_0X3fxT_ACAZ
❌ Cliente desconectado: efwb34m-5fAr8NqeACAb
✅ Cliente conectado a WebSocket: B_was6WkqAdrKGlfACAd
✅ Cliente conectado a WebSocket: l77-2-wLN1d735PdACAf
✅ Cliente conectado a WebSocket: FIENvFHuMOYm77mmACAh
❌ Cliente desconectado: B_was6WkqAdrKGlfACAd
❌ Cliente desconectado: l77-2-wLN1d735PdACAf
❌ Cliente desconectado: FIENvFHuMOYm77mmACAh
✅ Cliente conectado a WebSocket: GDAAUeMkx_B8-HFFACAk
✅ Cliente conectado a WebSocket: F2dFmyg8BQcXR-DSACAl
✅ Cliente conectado a WebSocket: S69fV56DBChIxBJFACAn
❌ Cliente desconectado: F2dFmyg8BQcXR-DSACAl
❌ Cliente desconectado: GDAAUeMkx_B8-HFFACAk
❌ Cliente desconectado: S69fV56DBChIxBJFACAn
✅ Cliente conectado a WebSocket: fHJOETmAHCA3FT_OACAp
❌ Cliente desconectado: fHJOETmAHCA3FT_OACAp
✅ Cliente conectado a WebSocket: wuWoxD0njQbT_0ljACAs
✅ Cliente conectado a WebSocket: nfdJHr44Oj82jpScACAt
✅ Cliente conectado a WebSocket: kTouuSQYgRYDZp2ZACAv
❌ Cliente desconectado: wuWoxD0njQbT_0ljACAs
❌ Cliente desconectado: nfdJHr44Oj82jpScACAt
❌ Cliente desconectado: kTouuSQYgRYDZp2ZACAv
✅ Cliente conectado a WebSocket: OE6JtJ9HzXioZ4jtACAy
✅ Cliente conectado a WebSocket: Rnhxt4Q75DEzHdmOACAz
✅ Cliente conectado a WebSocket: Uy7CjfYmEZl3I9udACA1
❌ Cliente desconectado: Rnhxt4Q75DEzHdmOACAz
❌ Cliente desconectado: OE6JtJ9HzXioZ4jtACAy
❌ Cliente desconectado: Uy7CjfYmEZl3I9udACA1
✅ Cliente conectado a WebSocket: KakCSVR-ctkeyPVeACA3
✅ Cliente conectado a WebSocket: Xt1KM1IXnsdm98evACA6
✅ Cliente conectado a WebSocket: H9_EhLTXGZjfOFcNACA7
❌ Cliente desconectado: KakCSVR-ctkeyPVeACA3
❌ Cliente desconectado: Xt1KM1IXnsdm98evACA6
❌ Cliente desconectado: H9_EhLTXGZjfOFcNACA7
✅ Cliente conectado a WebSocket: 5Xo_zPwmC4nGwYHSACA-
✅ Cliente conectado a WebSocket: 9N-0XxGufw-MKsG7ACA_
✅ Cliente conectado a WebSocket: KG7XMf5sX3Uv6vhzACBB
❌ Cliente desconectado: 5Xo_zPwmC4nGwYHSACA-
❌ Cliente desconectado: 9N-0XxGufw-MKsG7ACA_
❌ Cliente desconectado: KG7XMf5sX3Uv6vhzACBB
✅ Cliente conectado a WebSocket: gELYR_9jqWW1r69BACBE
✅ Cliente conectado a WebSocket: S3PPsX0CLelIPa3dACBF
✅ Cliente conectado a WebSocket: awATUEQytYYtAlqtACBH
❌ Cliente desconectado: gELYR_9jqWW1r69BACBE
❌ Cliente desconectado: S3PPsX0CLelIPa3dACBF
❌ Cliente desconectado: awATUEQytYYtAlqtACBH
✅ Cliente conectado a WebSocket: BBv_EmzDhST3h5NgACBK
✅ Cliente conectado a WebSocket: wy80twkeySZdvWzIACBL
✅ Cliente conectado a WebSocket: pSSrPkRLSKKU6yErACBN
❌ Cliente desconectado: wy80twkeySZdvWzIACBL
❌ Cliente desconectado: BBv_EmzDhST3h5NgACBK
❌ Cliente desconectado: pSSrPkRLSKKU6yErACBN
✅ Cliente conectado a WebSocket: m6tmxgB6ac5ufI61ACBR
✅ Cliente conectado a WebSocket: fixptlyrxlMRfmGTACBS
✅ Cliente conectado a WebSocket: DW25Pa1PZIkb_L-kACBT
❌ Cliente desconectado: DW25Pa1PZIkb_L-kACBT
❌ Cliente desconectado: m6tmxgB6ac5ufI61ACBR
❌ Cliente desconectado: fixptlyrxlMRfmGTACBS
✅ Cliente conectado a WebSocket: CPoEkYEVKkchvHbzACBV
✅ Cliente conectado a WebSocket: V5g5NzRDGDCcQ2-nACBX
✅ Cliente conectado a WebSocket: pKhLGc5WEKADIqoyACBZ
❌ Cliente desconectado: CPoEkYEVKkchvHbzACBV
❌ Cliente desconectado: pKhLGc5WEKADIqoyACBZ
❌ Cliente desconectado: V5g5NzRDGDCcQ2-nACBX
✅ Cliente conectado a WebSocket: ZAOpSUcfFxGiW_daACBd
✅ Cliente conectado a WebSocket: W2IGbRbERB_NIkWDACBe
✅ Cliente conectado a WebSocket: OvA6QPy4Pgt2NLsmACBg
❌ Cliente desconectado: OvA6QPy4Pgt2NLsmACBg
✅ Cliente conectado a WebSocket: J5vIyL1hVn2wS-FJACBi
❌ Cliente desconectado: J5vIyL1hVn2wS-FJACBi
❌ Cliente desconectado: W2IGbRbERB_NIkWDACBe
❌ Cliente desconectado: ZAOpSUcfFxGiW_daACBd
✅ Cliente conectado a WebSocket: 8sc8YbdHrBeydnVSACBk
✅ Cliente conectado a WebSocket: P30en7ye9d3ex8DZACBm
✅ Cliente conectado a WebSocket: NvTueSkBDFsRLgppACBo
❌ Cliente desconectado: 8sc8YbdHrBeydnVSACBk
❌ Cliente desconectado: NvTueSkBDFsRLgppACBo
❌ Cliente desconectado: P30en7ye9d3ex8DZACBm
✅ Cliente conectado a WebSocket: KXZqSsQUum6rxjYpACBq
✅ Cliente conectado a WebSocket: lgYXllgRIDTf1eLUACBs
✅ Cliente conectado a WebSocket: 3DciYDS9renyWlqXACBu
❌ Cliente desconectado: KXZqSsQUum6rxjYpACBq
❌ Cliente desconectado: lgYXllgRIDTf1eLUACBs
❌ Cliente desconectado: 3DciYDS9renyWlqXACBu
✅ Cliente conectado a WebSocket: ufptlw0T1nl5Nf8YACBw
✅ Cliente conectado a WebSocket: Usj2Ih4CUJFpFtF2ACBz
✅ Cliente conectado a WebSocket: yZ7wA2ct4yE-w1GJACB0
❌ Cliente desconectado: ufptlw0T1nl5Nf8YACBw
❌ Cliente desconectado: Usj2Ih4CUJFpFtF2ACBz
❌ Cliente desconectado: yZ7wA2ct4yE-w1GJACB0
✅ Cliente conectado a WebSocket: gx9yV7_IWbduZsJzACB2
✅ Cliente conectado a WebSocket: Uu4nYk6QH0t1JkOQACB4
✅ Cliente conectado a WebSocket: 36BZm6lMjj-LiBT_ACB6
❌ Cliente desconectado: 36BZm6lMjj-LiBT_ACB6
❌ Cliente desconectado: Uu4nYk6QH0t1JkOQACB4
❌ Cliente desconectado: gx9yV7_IWbduZsJzACB2
✅ Cliente conectado a WebSocket: 4GrCH05iaWhxKD46ACB9
✅ Cliente conectado a WebSocket: BsEb7W0kfUtkunq4ACB-
✅ Cliente conectado a WebSocket: sd3QMldzjlWm9j7mACCA
❌ Cliente desconectado: BsEb7W0kfUtkunq4ACB-
❌ Cliente desconectado: 4GrCH05iaWhxKD46ACB9
❌ Cliente desconectado: sd3QMldzjlWm9j7mACCA
✅ Cliente conectado a WebSocket: KvgZLQAQtqMFneI4ACCE
✅ Cliente conectado a WebSocket: gsZy3d0Wf3M3oKhmACCF
✅ Cliente conectado a WebSocket: 8KoQAZ-3NzXoTRzJACCG
❌ Cliente desconectado: KvgZLQAQtqMFneI4ACCE
❌ Cliente desconectado: gsZy3d0Wf3M3oKhmACCF
❌ Cliente desconectado: 8KoQAZ-3NzXoTRzJACCG
✅ Cliente conectado a WebSocket: UUdaAax5FRJy-cfPACCI
✅ Cliente conectado a WebSocket: nbMluNkKsCn0rzj4ACCL
✅ Cliente conectado a WebSocket: WAMVsw4yAyAPTPz-ACCM
❌ Cliente desconectado: UUdaAax5FRJy-cfPACCI
❌ Cliente desconectado: nbMluNkKsCn0rzj4ACCL
❌ Cliente desconectado: WAMVsw4yAyAPTPz-ACCM
✅ Cliente conectado a WebSocket: IBGEsvp5wxBB47GFACCP
✅ Cliente conectado a WebSocket: DHLaCB_ZTHu4vihdACCQ
✅ Cliente conectado a WebSocket: GXDva6ekxadjOGoaACCS
❌ Cliente desconectado: DHLaCB_ZTHu4vihdACCQ
❌ Cliente desconectado: IBGEsvp5wxBB47GFACCP
❌ Cliente desconectado: GXDva6ekxadjOGoaACCS
✅ Cliente conectado a WebSocket: ysmn9bP6R32j4l7PACCV
✅ Cliente conectado a WebSocket: 7WC-vNHxvZWNSgDoACCW
✅ Cliente conectado a WebSocket: PJeI30Q84N2EnluJACCY
❌ Cliente desconectado: 7WC-vNHxvZWNSgDoACCW
❌ Cliente desconectado: ysmn9bP6R32j4l7PACCV
❌ Cliente desconectado: PJeI30Q84N2EnluJACCY
✅ Cliente conectado a WebSocket: uCX-bYn48shwziBGACCc
✅ Cliente conectado a WebSocket: Z0JjdnIBh1VDLzdUACCd
✅ Cliente conectado a WebSocket: FcEGNFk4ekiQHdteACCe
❌ Cliente desconectado: Z0JjdnIBh1VDLzdUACCd
❌ Cliente desconectado: uCX-bYn48shwziBGACCc
❌ Cliente desconectado: FcEGNFk4ekiQHdteACCe
✅ Cliente conectado a WebSocket: 9g3hOIGsj3CBZwVIACCh
✅ Cliente conectado a WebSocket: HzN-N2C5gAtt8eLMACCi
✅ Cliente conectado a WebSocket: SSPfIWF6GJQNjmS7ACCk
❌ Cliente desconectado: HzN-N2C5gAtt8eLMACCi
❌ Cliente desconectado: 9g3hOIGsj3CBZwVIACCh
❌ Cliente desconectado: SSPfIWF6GJQNjmS7ACCk
✅ Cliente conectado a WebSocket: nVUdHqYD4Z0IgEcKACCm
✅ Cliente conectado a WebSocket: S6q3mzAHwsUPHKCmACCp
✅ Cliente conectado a WebSocket: r7qBiuHop9Zrgc6BACCq
❌ Cliente desconectado: nVUdHqYD4Z0IgEcKACCm
❌ Cliente desconectado: r7qBiuHop9Zrgc6BACCq
❌ Cliente desconectado: S6q3mzAHwsUPHKCmACCp
✅ Cliente conectado a WebSocket: K31x15RYwm-fjpfeACCt
✅ Cliente conectado a WebSocket: aGXQnj60RQsASg6kACCu
✅ Cliente conectado a WebSocket: LZ9Q8l_9fuJJQAopACCw
❌ Cliente desconectado: K31x15RYwm-fjpfeACCt
❌ Cliente desconectado: LZ9Q8l_9fuJJQAopACCw
❌ Cliente desconectado: aGXQnj60RQsASg6kACCu
✅ Cliente conectado a WebSocket: cNV36qNvHY73yyo5ACCz
✅ Cliente conectado a WebSocket: hZB8ApZkJzWyC4oxACC0
✅ Cliente conectado a WebSocket: 9ethO14erayxZbkQACC2
❌ Cliente desconectado: cNV36qNvHY73yyo5ACCz
❌ Cliente desconectado: 9ethO14erayxZbkQACC2
❌ Cliente desconectado: hZB8ApZkJzWyC4oxACC0
✅ Cliente conectado a WebSocket: fS3woyZC-GoEbhIuACC5
✅ Cliente conectado a WebSocket: KSqfDj5uuypxlSAjACC6
✅ Cliente conectado a WebSocket: 7HxsQKcMq7hTFL3AACC8
❌ Cliente desconectado: fS3woyZC-GoEbhIuACC5
❌ Cliente desconectado: 7HxsQKcMq7hTFL3AACC8
❌ Cliente desconectado: KSqfDj5uuypxlSAjACC6
✅ Cliente conectado a WebSocket: 5_rL0dm8cLvjjYRkACDA
✅ Cliente conectado a WebSocket: _UKdur6LaE-74H1AACDB
✅ Cliente conectado a WebSocket: sjmcJLJWsZyBO5vIACDC
❌ Cliente desconectado: sjmcJLJWsZyBO5vIACDC
❌ Cliente desconectado: _UKdur6LaE-74H1AACDB
❌ Cliente desconectado: 5_rL0dm8cLvjjYRkACDA
✅ Cliente conectado a WebSocket: TSCjjY1fccY3ljceACDF
✅ Cliente conectado a WebSocket: ZGmJtM893dJx5OAgACDG
✅ Cliente conectado a WebSocket: 8b76mxyykpuTnEh6ACDI
❌ Cliente desconectado: ZGmJtM893dJx5OAgACDG
❌ Cliente desconectado: 8b76mxyykpuTnEh6ACDI
❌ Cliente desconectado: TSCjjY1fccY3ljceACDF
✅ Cliente conectado a WebSocket: vbp0Mnq28TS4ZaiVACDK
✅ Cliente conectado a WebSocket: ySu_M66sKNqGhrFjACDN
✅ Cliente conectado a WebSocket: ZGvdiIBJyQgxf82vACDO
❌ Cliente desconectado: vbp0Mnq28TS4ZaiVACDK
❌ Cliente desconectado: ZGvdiIBJyQgxf82vACDO
❌ Cliente desconectado: ySu_M66sKNqGhrFjACDN
✅ Cliente conectado a WebSocket: eTWNG7_RZLAGxN1qACDQ
✅ Cliente conectado a WebSocket: -M4Pgfy_euMVUJH_ACDT
✅ Cliente conectado a WebSocket: UwrhMMI70PIWFVlDACDU
❌ Cliente desconectado: eTWNG7_RZLAGxN1qACDQ
❌ Cliente desconectado: -M4Pgfy_euMVUJH_ACDT
❌ Cliente desconectado: UwrhMMI70PIWFVlDACDU
✅ Cliente conectado a WebSocket: 4lDQ4eRMAzXjtg80ACDY
✅ Cliente conectado a WebSocket: y0s6CLAXfj0m8LELACDZ
✅ Cliente conectado a WebSocket: nrQSdtu6lL-Dhuy_ACDa
❌ Cliente desconectado: 4lDQ4eRMAzXjtg80ACDY
❌ Cliente desconectado: y0s6CLAXfj0m8LELACDZ
❌ Cliente desconectado: nrQSdtu6lL-Dhuy_ACDa
✅ Cliente conectado a WebSocket: zTgBJbvHa_8hKoU0ACDe
✅ Cliente conectado a WebSocket: X00eXQwSElJLsV37ACDf
✅ Cliente conectado a WebSocket: 8bfMZTM15MgfBHwBACDg
❌ Cliente desconectado: zTgBJbvHa_8hKoU0ACDe
❌ Cliente desconectado: 8bfMZTM15MgfBHwBACDg
❌ Cliente desconectado: X00eXQwSElJLsV37ACDf
✅ Cliente conectado a WebSocket: tSdNdN7lKCZcPL4RACDj
✅ Cliente conectado a WebSocket: waz0CS_GxRKTvzNVACDk
✅ Cliente conectado a WebSocket: dm5EI1u3ThQVJfySACDm
❌ Cliente desconectado: tSdNdN7lKCZcPL4RACDj
❌ Cliente desconectado: waz0CS_GxRKTvzNVACDk
❌ Cliente desconectado: dm5EI1u3ThQVJfySACDm
✅ Cliente conectado a WebSocket: McaglAU0OIytid_pACDp
✅ Cliente conectado a WebSocket: iBB23eJ5uspJjQTyACDq
✅ Cliente conectado a WebSocket: QpoRl3NnlxvCXJceACDs
❌ Cliente desconectado: iBB23eJ5uspJjQTyACDq
❌ Cliente desconectado: McaglAU0OIytid_pACDp
❌ Cliente desconectado: QpoRl3NnlxvCXJceACDs
✅ Cliente conectado a WebSocket: ZDGgS3VYIGQdUGmFACDw
✅ Cliente conectado a WebSocket: kHZ9Qy_3yYNv_SY0ACDx
✅ Cliente conectado a WebSocket: FsI8Mk9Hdo2EGNbFACDy
❌ Cliente desconectado: ZDGgS3VYIGQdUGmFACDw
❌ Cliente desconectado: kHZ9Qy_3yYNv_SY0ACDx
❌ Cliente desconectado: FsI8Mk9Hdo2EGNbFACDy
✅ Cliente conectado a WebSocket: An3RgxbeYNOI6BYgACD1
✅ Cliente conectado a WebSocket: CosvLb2gDKxXfIoxACD2
✅ Cliente conectado a WebSocket: YISBicWFGXRYBGUVACD4
❌ Cliente desconectado: An3RgxbeYNOI6BYgACD1
❌ Cliente desconectado: CosvLb2gDKxXfIoxACD2
❌ Cliente desconectado: YISBicWFGXRYBGUVACD4
✅ Cliente conectado a WebSocket: 3ataDWf5_uh5gfI2ACD7
✅ Cliente conectado a WebSocket: JBNgxqtksrQn975sACD8
✅ Cliente conectado a WebSocket: lza6I81kxr0sYlHRACD-
❌ Cliente desconectado: 3ataDWf5_uh5gfI2ACD7
❌ Cliente desconectado: JBNgxqtksrQn975sACD8
❌ Cliente desconectado: lza6I81kxr0sYlHRACD-
✅ Cliente conectado a WebSocket: KvH3Oh72aWq6PIbJACEA
✅ Cliente conectado a WebSocket: QWCBXE7l5ZiR66z4ACEC
✅ Cliente conectado a WebSocket: yTnuL7Uqgy6upypeACEE
❌ Cliente desconectado: KvH3Oh72aWq6PIbJACEA
❌ Cliente desconectado: QWCBXE7l5ZiR66z4ACEC
❌ Cliente desconectado: yTnuL7Uqgy6upypeACEE
✅ Cliente conectado a WebSocket: 2fq22rb3I4dUxrgkACEG
✅ Cliente conectado a WebSocket: PlX6haG8B8Jv80zrACEJ
✅ Cliente conectado a WebSocket: 4UkIMTd03Ja6tHgbACEK
❌ Cliente desconectado: 2fq22rb3I4dUxrgkACEG
❌ Cliente desconectado: PlX6haG8B8Jv80zrACEJ
❌ Cliente desconectado: 4UkIMTd03Ja6tHgbACEK
✅ Cliente conectado a WebSocket: tyi4SRm6W7dEVK6vACEN
✅ Cliente conectado a WebSocket: AbrPEQio1xdA-ftfACEO
✅ Cliente conectado a WebSocket: G7REx8aMX1hDdtLnACEQ
❌ Cliente desconectado: tyi4SRm6W7dEVK6vACEN
❌ Cliente desconectado: AbrPEQio1xdA-ftfACEO
❌ Cliente desconectado: G7REx8aMX1hDdtLnACEQ
✅ Cliente conectado a WebSocket: HL3y_2-fl6OTFtjQACES
✅ Cliente conectado a WebSocket: X7hiiUwKo5meklchACEV
✅ Cliente conectado a WebSocket: tFr-GbLUMByf1LOoACEW
❌ Cliente desconectado: HL3y_2-fl6OTFtjQACES
❌ Cliente desconectado: X7hiiUwKo5meklchACEV
❌ Cliente desconectado: tFr-GbLUMByf1LOoACEW
✅ Cliente conectado a WebSocket: GgPT_jiO8KI7hZ24ACEY
✅ Cliente conectado a WebSocket: Mydd5bP486vtTHGLACEb
✅ Cliente conectado a WebSocket: pVpVBJKkW3WlO4esACEc
❌ Cliente desconectado: GgPT_jiO8KI7hZ24ACEY
❌ Cliente desconectado: Mydd5bP486vtTHGLACEb
❌ Cliente desconectado: pVpVBJKkW3WlO4esACEc
✅ Cliente conectado a WebSocket: Svg_YYqwq8UwD9fVACEe
✅ Cliente conectado a WebSocket: roK4npOXjXJo_Hu2ACEh
✅ Cliente conectado a WebSocket: wmZtwDMuM_Di2r3mACEi
❌ Cliente desconectado: roK4npOXjXJo_Hu2ACEh
❌ Cliente desconectado: wmZtwDMuM_Di2r3mACEi
❌ Cliente desconectado: Svg_YYqwq8UwD9fVACEe
✅ Cliente conectado a WebSocket: DxFn95_WhL8Jqg3EACEk
✅ Cliente conectado a WebSocket: GtK4gC17zhK7YhO_ACEn
✅ Cliente conectado a WebSocket: kAafKR2bYeyRWK9LACEo
❌ Cliente desconectado: DxFn95_WhL8Jqg3EACEk
❌ Cliente desconectado: kAafKR2bYeyRWK9LACEo
❌ Cliente desconectado: GtK4gC17zhK7YhO_ACEn
✅ Cliente conectado a WebSocket: YhxJEMRVB6L0IAGsACEq
✅ Cliente conectado a WebSocket: zqV6qnXPQfxp3BeJACEt
✅ Cliente conectado a WebSocket: KDGM2ty-Fno5LCUkACEu
❌ Cliente desconectado: YhxJEMRVB6L0IAGsACEq
❌ Cliente desconectado: KDGM2ty-Fno5LCUkACEu
❌ Cliente desconectado: zqV6qnXPQfxp3BeJACEt
✅ Cliente conectado a WebSocket: YpJHrLj9f5dOn9K6ACEy
✅ Cliente conectado a WebSocket: 6Iu6VdGnUNA2cBqwACEz
✅ Cliente conectado a WebSocket: 0WtWsx8okh6NRqjMACE0
❌ Cliente desconectado: 0WtWsx8okh6NRqjMACE0
❌ Cliente desconectado: 6Iu6VdGnUNA2cBqwACEz
❌ Cliente desconectado: YpJHrLj9f5dOn9K6ACEy
✅ Cliente conectado a WebSocket: eoJLeJjiLCL2xK1yACE3
✅ Cliente conectado a WebSocket: 5280TF83MZHKoQO3ACE4
✅ Cliente conectado a WebSocket: 7OUxJSjmSK2z61esACE6
❌ Cliente desconectado: eoJLeJjiLCL2xK1yACE3
❌ Cliente desconectado: 5280TF83MZHKoQO3ACE4
❌ Cliente desconectado: 7OUxJSjmSK2z61esACE6
✅ Cliente conectado a WebSocket: alKB51IekvtJfknLACE9
✅ Cliente conectado a WebSocket: Y1sS2aEveQSWUxuFACE-
✅ Cliente conectado a WebSocket: vE7qt53vC6__-JJIACFA
❌ Cliente desconectado: vE7qt53vC6__-JJIACFA
❌ Cliente desconectado: Y1sS2aEveQSWUxuFACE-
❌ Cliente desconectado: alKB51IekvtJfknLACE9
✅ Cliente conectado a WebSocket: emxDIAy-yluZwynIACFD
✅ Cliente conectado a WebSocket: V5kI3ACXGoa-AIcEACFE
✅ Cliente conectado a WebSocket: GZhUg1cboqWYKw-dACFG
❌ Cliente desconectado: emxDIAy-yluZwynIACFD
❌ Cliente desconectado: V5kI3ACXGoa-AIcEACFE
❌ Cliente desconectado: GZhUg1cboqWYKw-dACFG
✅ Cliente conectado a WebSocket: IdXPUUMLcCs07qQqACFJ
✅ Cliente conectado a WebSocket: 1YrtiBl2KwbzQnTLACFK
✅ Cliente conectado a WebSocket: iSTCKCQGRprQVBzEACFM
❌ Cliente desconectado: IdXPUUMLcCs07qQqACFJ
❌ Cliente desconectado: 1YrtiBl2KwbzQnTLACFK
❌ Cliente desconectado: iSTCKCQGRprQVBzEACFM
✅ Cliente conectado a WebSocket: xgZKwqnnFOh7lO9vACFO
✅ Cliente conectado a WebSocket: 69ht4kE1NtmkxmFEACFR
✅ Cliente conectado a WebSocket: R2FU5BylmM7ZQ7r9ACFS
❌ Cliente desconectado: 69ht4kE1NtmkxmFEACFR
❌ Cliente desconectado: R2FU5BylmM7ZQ7r9ACFS
❌ Cliente desconectado: xgZKwqnnFOh7lO9vACFO
✅ Cliente conectado a WebSocket: GQgItxz3v1SeoSKQACFW
✅ Cliente conectado a WebSocket: TdhNC7ip97d9KUBbACFX
✅ Cliente conectado a WebSocket: hzbn3AQih3slIhIsACFY
