
> ciudadan-app@0.1.0 start
> craco start

Starting the development server...

Compiled successfully!

You can now view ciudadan-app in the browser.

  Local:            http://localhost:3001
  On Your Network:  http://192.168.2.115:3001

Note that the development build is not optimized.
To create a production build, use npm run build.

webpack compiled [1m[32msuccessfully[39m[22m
Compiling...
Compiled with warnings.

[eslint] 
src\Routes\index.jsx
  Line 12:8:   'MarketRoute' is defined but never used          no-unused-vars
  Line 15:8:   'GenRoute' is defined but never used             no-unused-vars
  Line 46:8:   'AgregarTarea' is defined but never used         no-unused-vars
  Line 48:8:   'NavBar' is defined but never used               no-unused-vars
  Line 51:8:   'LmAi' is defined but never used                 no-unused-vars
  Line 52:8:   'TTS' is defined but never used                  no-unused-vars
  Line 53:8:   'TextToSpeech' is defined but never used         no-unused-vars
  Line 97:8:   'ComunidadPage' is defined but never used        no-unused-vars
  Line 113:8:  'RegistroTiendaPage' is defined but never used   no-unused-vars
  Line 177:7:  'WikiLayout' is assigned a value but never used  no-unused-vars

Search for the keywords to learn more about each warning.
To ignore, add // eslint-disable-next-line to the line before.

[1m[33mWARNING[39m[22m in [1m[eslint] 
src\Routes\index.jsx
  Line 12:8:   'MarketRoute' is defined but never used          no-unused-vars
  Line 15:8:   'GenRoute' is defined but never used             no-unused-vars
  Line 46:8:   'AgregarTarea' is defined but never used         no-unused-vars
  Line 48:8:   'NavBar' is defined but never used               no-unused-vars
  Line 51:8:   'LmAi' is defined but never used                 no-unused-vars
  Line 52:8:   'TTS' is defined but never used                  no-unused-vars
  Line 53:8:   'TextToSpeech' is defined but never used         no-unused-vars
  Line 97:8:   'ComunidadPage' is defined but never used        no-unused-vars
  Line 113:8:  'RegistroTiendaPage' is defined but never used   no-unused-vars
  Line 177:7:  'WikiLayout' is assigned a value but never used  no-unused-vars

[39m[22m

webpack compiled with [1m[33m1 warning[39m[22m
Compiling...
Compiled with warnings.

[eslint] 
src\Routes\index.jsx
  Line 12:8:   'MarketRoute' is defined but never used          no-unused-vars
  Line 15:8:   'GenRoute' is defined but never used             no-unused-vars
  Line 48:8:   'NavBar' is defined but never used               no-unused-vars
  Line 51:8:   'LmAi' is defined but never used                 no-unused-vars
  Line 52:8:   'TTS' is defined but never used                  no-unused-vars
  Line 53:8:   'TextToSpeech' is defined but never used         no-unused-vars
  Line 97:8:   'ComunidadPage' is defined but never used        no-unused-vars
  Line 113:8:  'RegistroTiendaPage' is defined but never used   no-unused-vars
  Line 177:7:  'WikiLayout' is assigned a value but never used  no-unused-vars

Search for the keywords to learn more about each warning.
To ignore, add // eslint-disable-next-line to the line before.

[1m[33mWARNING[39m[22m in [1m[eslint] 
src\Routes\index.jsx
  Line 12:8:   'MarketRoute' is defined but never used          no-unused-vars
  Line 15:8:   'GenRoute' is defined but never used             no-unused-vars
  Line 48:8:   'NavBar' is defined but never used               no-unused-vars
  Line 51:8:   'LmAi' is defined but never used                 no-unused-vars
  Line 52:8:   'TTS' is defined but never used                  no-unused-vars
  Line 53:8:   'TextToSpeech' is defined but never used         no-unused-vars
  Line 97:8:   'ComunidadPage' is defined but never used        no-unused-vars
  Line 113:8:  'RegistroTiendaPage' is defined but never used   no-unused-vars
  Line 177:7:  'WikiLayout' is assigned a value but never used  no-unused-vars

[39m[22m

webpack compiled with [1m[33m1 warning[39m[22m
Compiling...
Compiled with warnings.

[eslint] 
src\Routes\index.jsx
  Line 12:8:   'MarketRoute' is defined but never used          no-unused-vars
  Line 15:8:   'GenRoute' is defined but never used             no-unused-vars
  Line 48:8:   'NavBar' is defined but never used               no-unused-vars
  Line 51:8:   'LmAi' is defined but never used                 no-unused-vars
  Line 52:8:   'TTS' is defined but never used                  no-unused-vars
  Line 53:8:   'TextToSpeech' is defined but never used         no-unused-vars
  Line 97:8:   'ComunidadPage' is defined but never used        no-unused-vars
  Line 113:8:  'RegistroTiendaPage' is defined but never used   no-unused-vars
  Line 177:7:  'WikiLayout' is assigned a value but never used  no-unused-vars

src\components\Cowork\HerramientrasGrid.jsx
  Line 11:8:   'AddTaskIcon' is defined but never used  no-unused-vars
  Line 13:10:  'useRoles' is defined but never used     no-unused-vars

Search for the keywords to learn more about each warning.
To ignore, add // eslint-disable-next-line to the line before.

[1m[33mWARNING[39m[22m in [1m[eslint] 
src\Routes\index.jsx
  Line 12:8:   'MarketRoute' is defined but never used          no-unused-vars
  Line 15:8:   'GenRoute' is defined but never used             no-unused-vars
  Line 48:8:   'NavBar' is defined but never used               no-unused-vars
  Line 51:8:   'LmAi' is defined but never used                 no-unused-vars
  Line 52:8:   'TTS' is defined but never used                  no-unused-vars
  Line 53:8:   'TextToSpeech' is defined but never used         no-unused-vars
  Line 97:8:   'ComunidadPage' is defined but never used        no-unused-vars
  Line 113:8:  'RegistroTiendaPage' is defined but never used   no-unused-vars
  Line 177:7:  'WikiLayout' is assigned a value but never used  no-unused-vars

src\components\Cowork\HerramientrasGrid.jsx
  Line 11:8:   'AddTaskIcon' is defined but never used  no-unused-vars
  Line 13:10:  'useRoles' is defined but never used     no-unused-vars

[39m[22m

webpack compiled with [1m[33m1 warning[39m[22m
Compiling...
Compiled with warnings.

[eslint] 
src\Routes\index.jsx
  Line 12:8:   'MarketRoute' is defined but never used          no-unused-vars
  Line 15:8:   'GenRoute' is defined but never used             no-unused-vars
  Line 48:8:   'NavBar' is defined but never used               no-unused-vars
  Line 51:8:   'LmAi' is defined but never used                 no-unused-vars
  Line 52:8:   'TTS' is defined but never used                  no-unused-vars
  Line 53:8:   'TextToSpeech' is defined but never used         no-unused-vars
  Line 97:8:   'ComunidadPage' is defined but never used        no-unused-vars
  Line 113:8:  'RegistroTiendaPage' is defined but never used   no-unused-vars
  Line 177:7:  'WikiLayout' is assigned a value but never used  no-unused-vars

src\components\Cowork\HerramientrasGrid.jsx
  Line 13:10:  'useRoles' is defined but never used                         no-unused-vars
  Line 48:7:   'SLUGS_SOLO_ADMIN_SOCIO' is assigned a value but never used  no-unused-vars

Search for the keywords to learn more about each warning.
To ignore, add // eslint-disable-next-line to the line before.

[1m[33mWARNING[39m[22m in [1m[eslint] 
src\Routes\index.jsx
  Line 12:8:   'MarketRoute' is defined but never used          no-unused-vars
  Line 15:8:   'GenRoute' is defined but never used             no-unused-vars
  Line 48:8:   'NavBar' is defined but never used               no-unused-vars
  Line 51:8:   'LmAi' is defined but never used                 no-unused-vars
  Line 52:8:   'TTS' is defined but never used                  no-unused-vars
  Line 53:8:   'TextToSpeech' is defined but never used         no-unused-vars
  Line 97:8:   'ComunidadPage' is defined but never used        no-unused-vars
  Line 113:8:  'RegistroTiendaPage' is defined but never used   no-unused-vars
  Line 177:7:  'WikiLayout' is assigned a value but never used  no-unused-vars

src\components\Cowork\HerramientrasGrid.jsx
  Line 13:10:  'useRoles' is defined but never used                         no-unused-vars
  Line 48:7:   'SLUGS_SOLO_ADMIN_SOCIO' is assigned a value but never used  no-unused-vars

[39m[22m

webpack compiled with [1m[33m1 warning[39m[22m
Compiling...
Compiled with warnings.

[eslint] 
src\Routes\index.jsx
  Line 12:8:   'MarketRoute' is defined but never used          no-unused-vars
  Line 15:8:   'GenRoute' is defined but never used             no-unused-vars
  Line 48:8:   'NavBar' is defined but never used               no-unused-vars
  Line 51:8:   'LmAi' is defined but never used                 no-unused-vars
  Line 52:8:   'TTS' is defined but never used                  no-unused-vars
  Line 53:8:   'TextToSpeech' is defined but never used         no-unused-vars
  Line 97:8:   'ComunidadPage' is defined but never used        no-unused-vars
  Line 113:8:  'RegistroTiendaPage' is defined but never used   no-unused-vars
  Line 177:7:  'WikiLayout' is assigned a value but never used  no-unused-vars

Search for the keywords to learn more about each warning.
To ignore, add // eslint-disable-next-line to the line before.

[1m[33mWARNING[39m[22m in [1m[eslint] 
src\Routes\index.jsx
  Line 12:8:   'MarketRoute' is defined but never used          no-unused-vars
  Line 15:8:   'GenRoute' is defined but never used             no-unused-vars
  Line 48:8:   'NavBar' is defined but never used               no-unused-vars
  Line 51:8:   'LmAi' is defined but never used                 no-unused-vars
  Line 52:8:   'TTS' is defined but never used                  no-unused-vars
  Line 53:8:   'TextToSpeech' is defined but never used         no-unused-vars
  Line 97:8:   'ComunidadPage' is defined but never used        no-unused-vars
  Line 113:8:  'RegistroTiendaPage' is defined but never used   no-unused-vars
  Line 177:7:  'WikiLayout' is assigned a value but never used  no-unused-vars

[39m[22m

webpack compiled with [1m[33m1 warning[39m[22m
Compiling...
Compiled with warnings.

[eslint] 
src\Routes\index.jsx
  Line 12:8:   'MarketRoute' is defined but never used          no-unused-vars
  Line 15:8:   'GenRoute' is defined but never used             no-unused-vars
  Line 48:8:   'NavBar' is defined but never used               no-unused-vars
  Line 51:8:   'LmAi' is defined but never used                 no-unused-vars
  Line 52:8:   'TTS' is defined but never used                  no-unused-vars
  Line 53:8:   'TextToSpeech' is defined but never used         no-unused-vars
  Line 97:8:   'ComunidadPage' is defined but never used        no-unused-vars
  Line 113:8:  'RegistroTiendaPage' is defined but never used   no-unused-vars
  Line 177:7:  'WikiLayout' is assigned a value but never used  no-unused-vars

Search for the keywords to learn more about each warning.
To ignore, add // eslint-disable-next-line to the line before.

[1m[33mWARNING[39m[22m in [1m[eslint] 
src\Routes\index.jsx
  Line 12:8:   'MarketRoute' is defined but never used          no-unused-vars
  Line 15:8:   'GenRoute' is defined but never used             no-unused-vars
  Line 48:8:   'NavBar' is defined but never used               no-unused-vars
  Line 51:8:   'LmAi' is defined but never used                 no-unused-vars
  Line 52:8:   'TTS' is defined but never used                  no-unused-vars
  Line 53:8:   'TextToSpeech' is defined but never used         no-unused-vars
  Line 97:8:   'ComunidadPage' is defined but never used        no-unused-vars
  Line 113:8:  'RegistroTiendaPage' is defined but never used   no-unused-vars
  Line 177:7:  'WikiLayout' is assigned a value but never used  no-unused-vars

[39m[22m

webpack compiled with [1m[33m1 warning[39m[22m
Compiling...
Compiled with warnings.

[eslint] 
src\Routes\index.jsx
  Line 12:8:   'MarketRoute' is defined but never used          no-unused-vars
  Line 15:8:   'GenRoute' is defined but never used             no-unused-vars
  Line 48:8:   'NavBar' is defined but never used               no-unused-vars
  Line 51:8:   'LmAi' is defined but never used                 no-unused-vars
  Line 52:8:   'TTS' is defined but never used                  no-unused-vars
  Line 53:8:   'TextToSpeech' is defined but never used         no-unused-vars
  Line 97:8:   'ComunidadPage' is defined but never used        no-unused-vars
  Line 113:8:  'RegistroTiendaPage' is defined but never used   no-unused-vars
  Line 177:7:  'WikiLayout' is assigned a value but never used  no-unused-vars

Search for the keywords to learn more about each warning.
To ignore, add // eslint-disable-next-line to the line before.

[1m[33mWARNING[39m[22m in [1m[eslint] 
src\Routes\index.jsx
  Line 12:8:   'MarketRoute' is defined but never used          no-unused-vars
  Line 15:8:   'GenRoute' is defined but never used             no-unused-vars
  Line 48:8:   'NavBar' is defined but never used               no-unused-vars
  Line 51:8:   'LmAi' is defined but never used                 no-unused-vars
  Line 52:8:   'TTS' is defined but never used                  no-unused-vars
  Line 53:8:   'TextToSpeech' is defined but never used         no-unused-vars
  Line 97:8:   'ComunidadPage' is defined but never used        no-unused-vars
  Line 113:8:  'RegistroTiendaPage' is defined but never used   no-unused-vars
  Line 177:7:  'WikiLayout' is assigned a value but never used  no-unused-vars

[39m[22m

webpack compiled with [1m[33m1 warning[39m[22m
Compiling...
Compiled with warnings.

[eslint] 
src\Routes\index.jsx
  Line 12:8:   'MarketRoute' is defined but never used          no-unused-vars
  Line 15:8:   'GenRoute' is defined but never used             no-unused-vars
  Line 48:8:   'NavBar' is defined but never used               no-unused-vars
  Line 51:8:   'LmAi' is defined but never used                 no-unused-vars
  Line 52:8:   'TTS' is defined but never used                  no-unused-vars
  Line 53:8:   'TextToSpeech' is defined but never used         no-unused-vars
  Line 97:8:   'ComunidadPage' is defined but never used        no-unused-vars
  Line 113:8:  'RegistroTiendaPage' is defined but never used   no-unused-vars
  Line 177:7:  'WikiLayout' is assigned a value but never used  no-unused-vars

Search for the keywords to learn more about each warning.
To ignore, add // eslint-disable-next-line to the line before.

[1m[33mWARNING[39m[22m in [1m[eslint] 
src\Routes\index.jsx
  Line 12:8:   'MarketRoute' is defined but never used          no-unused-vars
  Line 15:8:   'GenRoute' is defined but never used             no-unused-vars
  Line 48:8:   'NavBar' is defined but never used               no-unused-vars
  Line 51:8:   'LmAi' is defined but never used                 no-unused-vars
  Line 52:8:   'TTS' is defined but never used                  no-unused-vars
  Line 53:8:   'TextToSpeech' is defined but never used         no-unused-vars
  Line 97:8:   'ComunidadPage' is defined but never used        no-unused-vars
  Line 113:8:  'RegistroTiendaPage' is defined but never used   no-unused-vars
  Line 177:7:  'WikiLayout' is assigned a value but never used  no-unused-vars

[39m[22m

webpack compiled with [1m[33m1 warning[39m[22m
Compiling...
Compiled with warnings.

[eslint] 
src\Routes\index.jsx
  Line 12:8:   'MarketRoute' is defined but never used          no-unused-vars
  Line 15:8:   'GenRoute' is defined but never used             no-unused-vars
  Line 48:8:   'NavBar' is defined but never used               no-unused-vars
  Line 51:8:   'LmAi' is defined but never used                 no-unused-vars
  Line 52:8:   'TTS' is defined but never used                  no-unused-vars
  Line 53:8:   'TextToSpeech' is defined but never used         no-unused-vars
  Line 97:8:   'ComunidadPage' is defined but never used        no-unused-vars
  Line 113:8:  'RegistroTiendaPage' is defined but never used   no-unused-vars
  Line 177:7:  'WikiLayout' is assigned a value but never used  no-unused-vars

Search for the keywords to learn more about each warning.
To ignore, add // eslint-disable-next-line to the line before.

[1m[33mWARNING[39m[22m in [1m[eslint] 
src\Routes\index.jsx
  Line 12:8:   'MarketRoute' is defined but never used          no-unused-vars
  Line 15:8:   'GenRoute' is defined but never used             no-unused-vars
  Line 48:8:   'NavBar' is defined but never used               no-unused-vars
  Line 51:8:   'LmAi' is defined but never used                 no-unused-vars
  Line 52:8:   'TTS' is defined but never used                  no-unused-vars
  Line 53:8:   'TextToSpeech' is defined but never used         no-unused-vars
  Line 97:8:   'ComunidadPage' is defined but never used        no-unused-vars
  Line 113:8:  'RegistroTiendaPage' is defined but never used   no-unused-vars
  Line 177:7:  'WikiLayout' is assigned a value but never used  no-unused-vars

[39m[22m

webpack compiled with [1m[33m1 warning[39m[22m
Compiling...
Compiled with warnings.

[eslint] 
src\Routes\index.jsx
  Line 12:8:   'MarketRoute' is defined but never used          no-unused-vars
  Line 15:8:   'GenRoute' is defined but never used             no-unused-vars
  Line 48:8:   'NavBar' is defined but never used               no-unused-vars
  Line 51:8:   'LmAi' is defined but never used                 no-unused-vars
  Line 52:8:   'TTS' is defined but never used                  no-unused-vars
  Line 53:8:   'TextToSpeech' is defined but never used         no-unused-vars
  Line 97:8:   'ComunidadPage' is defined but never used        no-unused-vars
  Line 113:8:  'RegistroTiendaPage' is defined but never used   no-unused-vars
  Line 177:7:  'WikiLayout' is assigned a value but never used  no-unused-vars

Search for the keywords to learn more about each warning.
To ignore, add // eslint-disable-next-line to the line before.

[1m[33mWARNING[39m[22m in [1m[eslint] 
src\Routes\index.jsx
  Line 12:8:   'MarketRoute' is defined but never used          no-unused-vars
  Line 15:8:   'GenRoute' is defined but never used             no-unused-vars
  Line 48:8:   'NavBar' is defined but never used               no-unused-vars
  Line 51:8:   'LmAi' is defined but never used                 no-unused-vars
  Line 52:8:   'TTS' is defined but never used                  no-unused-vars
  Line 53:8:   'TextToSpeech' is defined but never used         no-unused-vars
  Line 97:8:   'ComunidadPage' is defined but never used        no-unused-vars
  Line 113:8:  'RegistroTiendaPage' is defined but never used   no-unused-vars
  Line 177:7:  'WikiLayout' is assigned a value but never used  no-unused-vars

[39m[22m

webpack compiled with [1m[33m1 warning[39m[22m
Compiling...
Compiled with warnings.

[eslint] 
src\Routes\index.jsx
  Line 12:8:   'MarketRoute' is defined but never used          no-unused-vars
  Line 15:8:   'GenRoute' is defined but never used             no-unused-vars
  Line 48:8:   'NavBar' is defined but never used               no-unused-vars
  Line 51:8:   'LmAi' is defined but never used                 no-unused-vars
  Line 52:8:   'TTS' is defined but never used                  no-unused-vars
  Line 53:8:   'TextToSpeech' is defined but never used         no-unused-vars
  Line 97:8:   'ComunidadPage' is defined but never used        no-unused-vars
  Line 113:8:  'RegistroTiendaPage' is defined but never used   no-unused-vars
  Line 177:7:  'WikiLayout' is assigned a value but never used  no-unused-vars

Search for the keywords to learn more about each warning.
To ignore, add // eslint-disable-next-line to the line before.

[1m[33mWARNING[39m[22m in [1m[eslint] 
src\Routes\index.jsx
  Line 12:8:   'MarketRoute' is defined but never used          no-unused-vars
  Line 15:8:   'GenRoute' is defined but never used             no-unused-vars
  Line 48:8:   'NavBar' is defined but never used               no-unused-vars
  Line 51:8:   'LmAi' is defined but never used                 no-unused-vars
  Line 52:8:   'TTS' is defined but never used                  no-unused-vars
  Line 53:8:   'TextToSpeech' is defined but never used         no-unused-vars
  Line 97:8:   'ComunidadPage' is defined but never used        no-unused-vars
  Line 113:8:  'RegistroTiendaPage' is defined but never used   no-unused-vars
  Line 177:7:  'WikiLayout' is assigned a value but never used  no-unused-vars

[39m[22m

webpack compiled with [1m[33m1 warning[39m[22m
Compiling...
Compiled with warnings.

[eslint] 
src\Routes\index.jsx
  Line 12:8:   'MarketRoute' is defined but never used          no-unused-vars
  Line 15:8:   'GenRoute' is defined but never used             no-unused-vars
  Line 48:8:   'NavBar' is defined but never used               no-unused-vars
  Line 51:8:   'LmAi' is defined but never used                 no-unused-vars
  Line 52:8:   'TTS' is defined but never used                  no-unused-vars
  Line 53:8:   'TextToSpeech' is defined but never used         no-unused-vars
  Line 97:8:   'ComunidadPage' is defined but never used        no-unused-vars
  Line 113:8:  'RegistroTiendaPage' is defined but never used   no-unused-vars
  Line 177:7:  'WikiLayout' is assigned a value but never used  no-unused-vars

Search for the keywords to learn more about each warning.
To ignore, add // eslint-disable-next-line to the line before.

[1m[33mWARNING[39m[22m in [1m[eslint] 
src\Routes\index.jsx
  Line 12:8:   'MarketRoute' is defined but never used          no-unused-vars
  Line 15:8:   'GenRoute' is defined but never used             no-unused-vars
  Line 48:8:   'NavBar' is defined but never used               no-unused-vars
  Line 51:8:   'LmAi' is defined but never used                 no-unused-vars
  Line 52:8:   'TTS' is defined but never used                  no-unused-vars
  Line 53:8:   'TextToSpeech' is defined but never used         no-unused-vars
  Line 97:8:   'ComunidadPage' is defined but never used        no-unused-vars
  Line 113:8:  'RegistroTiendaPage' is defined but never used   no-unused-vars
  Line 177:7:  'WikiLayout' is assigned a value but never used  no-unused-vars

[39m[22m

webpack compiled with [1m[33m1 warning[39m[22m
Compiling...
Compiled with warnings.

[eslint] 
src\Routes\index.jsx
  Line 12:8:   'MarketRoute' is defined but never used          no-unused-vars
  Line 15:8:   'GenRoute' is defined but never used             no-unused-vars
  Line 48:8:   'NavBar' is defined but never used               no-unused-vars
  Line 51:8:   'LmAi' is defined but never used                 no-unused-vars
  Line 52:8:   'TTS' is defined but never used                  no-unused-vars
  Line 53:8:   'TextToSpeech' is defined but never used         no-unused-vars
  Line 97:8:   'ComunidadPage' is defined but never used        no-unused-vars
  Line 113:8:  'RegistroTiendaPage' is defined but never used   no-unused-vars
  Line 177:7:  'WikiLayout' is assigned a value but never used  no-unused-vars

Search for the keywords to learn more about each warning.
To ignore, add // eslint-disable-next-line to the line before.

[1m[33mWARNING[39m[22m in [1m[eslint] 
src\Routes\index.jsx
  Line 12:8:   'MarketRoute' is defined but never used          no-unused-vars
  Line 15:8:   'GenRoute' is defined but never used             no-unused-vars
  Line 48:8:   'NavBar' is defined but never used               no-unused-vars
  Line 51:8:   'LmAi' is defined but never used                 no-unused-vars
  Line 52:8:   'TTS' is defined but never used                  no-unused-vars
  Line 53:8:   'TextToSpeech' is defined but never used         no-unused-vars
  Line 97:8:   'ComunidadPage' is defined but never used        no-unused-vars
  Line 113:8:  'RegistroTiendaPage' is defined but never used   no-unused-vars
  Line 177:7:  'WikiLayout' is assigned a value but never used  no-unused-vars

[39m[22m

webpack compiled with [1m[33m1 warning[39m[22m
Compiling...
Compiled with warnings.

[eslint] 
src\Routes\index.jsx
  Line 12:8:   'MarketRoute' is defined but never used          no-unused-vars
  Line 15:8:   'GenRoute' is defined but never used             no-unused-vars
  Line 48:8:   'NavBar' is defined but never used               no-unused-vars
  Line 51:8:   'LmAi' is defined but never used                 no-unused-vars
  Line 52:8:   'TTS' is defined but never used                  no-unused-vars
  Line 53:8:   'TextToSpeech' is defined but never used         no-unused-vars
  Line 97:8:   'ComunidadPage' is defined but never used        no-unused-vars
  Line 113:8:  'RegistroTiendaPage' is defined but never used   no-unused-vars
  Line 177:7:  'WikiLayout' is assigned a value but never used  no-unused-vars

Search for the keywords to learn more about each warning.
To ignore, add // eslint-disable-next-line to the line before.

[1m[33mWARNING[39m[22m in [1m[eslint] 
src\Routes\index.jsx
  Line 12:8:   'MarketRoute' is defined but never used          no-unused-vars
  Line 15:8:   'GenRoute' is defined but never used             no-unused-vars
  Line 48:8:   'NavBar' is defined but never used               no-unused-vars
  Line 51:8:   'LmAi' is defined but never used                 no-unused-vars
  Line 52:8:   'TTS' is defined but never used                  no-unused-vars
  Line 53:8:   'TextToSpeech' is defined but never used         no-unused-vars
  Line 97:8:   'ComunidadPage' is defined but never used        no-unused-vars
  Line 113:8:  'RegistroTiendaPage' is defined but never used   no-unused-vars
  Line 177:7:  'WikiLayout' is assigned a value but never used  no-unused-vars

[39m[22m

webpack compiled with [1m[33m1 warning[39m[22m
Compiling...
Compiled with warnings.

[eslint] 
src\Routes\index.jsx
  Line 12:8:   'MarketRoute' is defined but never used          no-unused-vars
  Line 15:8:   'GenRoute' is defined but never used             no-unused-vars
  Line 48:8:   'NavBar' is defined but never used               no-unused-vars
  Line 51:8:   'LmAi' is defined but never used                 no-unused-vars
  Line 52:8:   'TTS' is defined but never used                  no-unused-vars
  Line 53:8:   'TextToSpeech' is defined but never used         no-unused-vars
  Line 97:8:   'ComunidadPage' is defined but never used        no-unused-vars
  Line 113:8:  'RegistroTiendaPage' is defined but never used   no-unused-vars
  Line 177:7:  'WikiLayout' is assigned a value but never used  no-unused-vars

Search for the keywords to learn more about each warning.
To ignore, add // eslint-disable-next-line to the line before.

[1m[33mWARNING[39m[22m in [1m[eslint] 
src\Routes\index.jsx
  Line 12:8:   'MarketRoute' is defined but never used          no-unused-vars
  Line 15:8:   'GenRoute' is defined but never used             no-unused-vars
  Line 48:8:   'NavBar' is defined but never used               no-unused-vars
  Line 51:8:   'LmAi' is defined but never used                 no-unused-vars
  Line 52:8:   'TTS' is defined but never used                  no-unused-vars
  Line 53:8:   'TextToSpeech' is defined but never used         no-unused-vars
  Line 97:8:   'ComunidadPage' is defined but never used        no-unused-vars
  Line 113:8:  'RegistroTiendaPage' is defined but never used   no-unused-vars
  Line 177:7:  'WikiLayout' is assigned a value but never used  no-unused-vars

[39m[22m

webpack compiled with [1m[33m1 warning[39m[22m
Compiling...
Compiled with warnings.

[eslint] 
src\Routes\index.jsx
  Line 12:8:   'MarketRoute' is defined but never used          no-unused-vars
  Line 15:8:   'GenRoute' is defined but never used             no-unused-vars
  Line 48:8:   'NavBar' is defined but never used               no-unused-vars
  Line 51:8:   'LmAi' is defined but never used                 no-unused-vars
  Line 52:8:   'TTS' is defined but never used                  no-unused-vars
  Line 53:8:   'TextToSpeech' is defined but never used         no-unused-vars
  Line 97:8:   'ComunidadPage' is defined but never used        no-unused-vars
  Line 113:8:  'RegistroTiendaPage' is defined but never used   no-unused-vars
  Line 177:7:  'WikiLayout' is assigned a value but never used  no-unused-vars

Search for the keywords to learn more about each warning.
To ignore, add // eslint-disable-next-line to the line before.

[1m[33mWARNING[39m[22m in [1m[eslint] 
src\Routes\index.jsx
  Line 12:8:   'MarketRoute' is defined but never used          no-unused-vars
  Line 15:8:   'GenRoute' is defined but never used             no-unused-vars
  Line 48:8:   'NavBar' is defined but never used               no-unused-vars
  Line 51:8:   'LmAi' is defined but never used                 no-unused-vars
  Line 52:8:   'TTS' is defined but never used                  no-unused-vars
  Line 53:8:   'TextToSpeech' is defined but never used         no-unused-vars
  Line 97:8:   'ComunidadPage' is defined but never used        no-unused-vars
  Line 113:8:  'RegistroTiendaPage' is defined but never used   no-unused-vars
  Line 177:7:  'WikiLayout' is assigned a value but never used  no-unused-vars

[39m[22m

webpack compiled with [1m[33m1 warning[39m[22m
Compiling...
Compiled with warnings.

[eslint] 
src\Routes\index.jsx
  Line 12:8:   'MarketRoute' is defined but never used          no-unused-vars
  Line 15:8:   'GenRoute' is defined but never used             no-unused-vars
  Line 48:8:   'NavBar' is defined but never used               no-unused-vars
  Line 51:8:   'LmAi' is defined but never used                 no-unused-vars
  Line 52:8:   'TTS' is defined but never used                  no-unused-vars
  Line 53:8:   'TextToSpeech' is defined but never used         no-unused-vars
  Line 97:8:   'ComunidadPage' is defined but never used        no-unused-vars
  Line 113:8:  'RegistroTiendaPage' is defined but never used   no-unused-vars
  Line 177:7:  'WikiLayout' is assigned a value but never used  no-unused-vars

Search for the keywords to learn more about each warning.
To ignore, add // eslint-disable-next-line to the line before.

[1m[33mWARNING[39m[22m in [1m[eslint] 
src\Routes\index.jsx
  Line 12:8:   'MarketRoute' is defined but never used          no-unused-vars
  Line 15:8:   'GenRoute' is defined but never used             no-unused-vars
  Line 48:8:   'NavBar' is defined but never used               no-unused-vars
  Line 51:8:   'LmAi' is defined but never used                 no-unused-vars
  Line 52:8:   'TTS' is defined but never used                  no-unused-vars
  Line 53:8:   'TextToSpeech' is defined but never used         no-unused-vars
  Line 97:8:   'ComunidadPage' is defined but never used        no-unused-vars
  Line 113:8:  'RegistroTiendaPage' is defined but never used   no-unused-vars
  Line 177:7:  'WikiLayout' is assigned a value but never used  no-unused-vars

[39m[22m

webpack compiled with [1m[33m1 warning[39m[22m
Compiling...
Compiled with warnings.

[eslint] 
src\Routes\index.jsx
  Line 12:8:   'MarketRoute' is defined but never used          no-unused-vars
  Line 15:8:   'GenRoute' is defined but never used             no-unused-vars
  Line 48:8:   'NavBar' is defined but never used               no-unused-vars
  Line 51:8:   'LmAi' is defined but never used                 no-unused-vars
  Line 52:8:   'TTS' is defined but never used                  no-unused-vars
  Line 53:8:   'TextToSpeech' is defined but never used         no-unused-vars
  Line 97:8:   'ComunidadPage' is defined but never used        no-unused-vars
  Line 113:8:  'RegistroTiendaPage' is defined but never used   no-unused-vars
  Line 177:7:  'WikiLayout' is assigned a value but never used  no-unused-vars

Search for the keywords to learn more about each warning.
To ignore, add // eslint-disable-next-line to the line before.

[1m[33mWARNING[39m[22m in [1m[eslint] 
src\Routes\index.jsx
  Line 12:8:   'MarketRoute' is defined but never used          no-unused-vars
  Line 15:8:   'GenRoute' is defined but never used             no-unused-vars
  Line 48:8:   'NavBar' is defined but never used               no-unused-vars
  Line 51:8:   'LmAi' is defined but never used                 no-unused-vars
  Line 52:8:   'TTS' is defined but never used                  no-unused-vars
  Line 53:8:   'TextToSpeech' is defined but never used         no-unused-vars
  Line 97:8:   'ComunidadPage' is defined but never used        no-unused-vars
  Line 113:8:  'RegistroTiendaPage' is defined but never used   no-unused-vars
  Line 177:7:  'WikiLayout' is assigned a value but never used  no-unused-vars

[39m[22m

webpack compiled with [1m[33m1 warning[39m[22m
Compiling...
Compiled with warnings.

[eslint] 
src\Routes\index.jsx
  Line 12:8:   'MarketRoute' is defined but never used          no-unused-vars
  Line 15:8:   'GenRoute' is defined but never used             no-unused-vars
  Line 48:8:   'NavBar' is defined but never used               no-unused-vars
  Line 51:8:   'LmAi' is defined but never used                 no-unused-vars
  Line 52:8:   'TTS' is defined but never used                  no-unused-vars
  Line 53:8:   'TextToSpeech' is defined but never used         no-unused-vars
  Line 97:8:   'ComunidadPage' is defined but never used        no-unused-vars
  Line 113:8:  'RegistroTiendaPage' is defined but never used   no-unused-vars
  Line 177:7:  'WikiLayout' is assigned a value but never used  no-unused-vars

Search for the keywords to learn more about each warning.
To ignore, add // eslint-disable-next-line to the line before.

[1m[33mWARNING[39m[22m in [1m[eslint] 
src\Routes\index.jsx
  Line 12:8:   'MarketRoute' is defined but never used          no-unused-vars
  Line 15:8:   'GenRoute' is defined but never used             no-unused-vars
  Line 48:8:   'NavBar' is defined but never used               no-unused-vars
  Line 51:8:   'LmAi' is defined but never used                 no-unused-vars
  Line 52:8:   'TTS' is defined but never used                  no-unused-vars
  Line 53:8:   'TextToSpeech' is defined but never used         no-unused-vars
  Line 97:8:   'ComunidadPage' is defined but never used        no-unused-vars
  Line 113:8:  'RegistroTiendaPage' is defined but never used   no-unused-vars
  Line 177:7:  'WikiLayout' is assigned a value but never used  no-unused-vars

[39m[22m

webpack compiled with [1m[33m1 warning[39m[22m
Compiling...
Compiled with warnings.

[eslint] 
src\Routes\index.jsx
  Line 12:8:   'MarketRoute' is defined but never used          no-unused-vars
  Line 15:8:   'GenRoute' is defined but never used             no-unused-vars
  Line 48:8:   'NavBar' is defined but never used               no-unused-vars
  Line 51:8:   'LmAi' is defined but never used                 no-unused-vars
  Line 52:8:   'TTS' is defined but never used                  no-unused-vars
  Line 53:8:   'TextToSpeech' is defined but never used         no-unused-vars
  Line 97:8:   'ComunidadPage' is defined but never used        no-unused-vars
  Line 113:8:  'RegistroTiendaPage' is defined but never used   no-unused-vars
  Line 177:7:  'WikiLayout' is assigned a value but never used  no-unused-vars

Search for the keywords to learn more about each warning.
To ignore, add // eslint-disable-next-line to the line before.

[1m[33mWARNING[39m[22m in [1m[eslint] 
src\Routes\index.jsx
  Line 12:8:   'MarketRoute' is defined but never used          no-unused-vars
  Line 15:8:   'GenRoute' is defined but never used             no-unused-vars
  Line 48:8:   'NavBar' is defined but never used               no-unused-vars
  Line 51:8:   'LmAi' is defined but never used                 no-unused-vars
  Line 52:8:   'TTS' is defined but never used                  no-unused-vars
  Line 53:8:   'TextToSpeech' is defined but never used         no-unused-vars
  Line 97:8:   'ComunidadPage' is defined but never used        no-unused-vars
  Line 113:8:  'RegistroTiendaPage' is defined but never used   no-unused-vars
  Line 177:7:  'WikiLayout' is assigned a value but never used  no-unused-vars

[39m[22m

webpack compiled with [1m[33m1 warning[39m[22m
Compiling...
Compiled with warnings.

[eslint] 
src\Routes\index.jsx
  Line 12:8:   'MarketRoute' is defined but never used          no-unused-vars
  Line 15:8:   'GenRoute' is defined but never used             no-unused-vars
  Line 48:8:   'NavBar' is defined but never used               no-unused-vars
  Line 51:8:   'LmAi' is defined but never used                 no-unused-vars
  Line 52:8:   'TTS' is defined but never used                  no-unused-vars
  Line 53:8:   'TextToSpeech' is defined but never used         no-unused-vars
  Line 97:8:   'ComunidadPage' is defined but never used        no-unused-vars
  Line 113:8:  'RegistroTiendaPage' is defined but never used   no-unused-vars
  Line 177:7:  'WikiLayout' is assigned a value but never used  no-unused-vars

Search for the keywords to learn more about each warning.
To ignore, add // eslint-disable-next-line to the line before.

[1m[33mWARNING[39m[22m in [1m[eslint] 
src\Routes\index.jsx
  Line 12:8:   'MarketRoute' is defined but never used          no-unused-vars
  Line 15:8:   'GenRoute' is defined but never used             no-unused-vars
  Line 48:8:   'NavBar' is defined but never used               no-unused-vars
  Line 51:8:   'LmAi' is defined but never used                 no-unused-vars
  Line 52:8:   'TTS' is defined but never used                  no-unused-vars
  Line 53:8:   'TextToSpeech' is defined but never used         no-unused-vars
  Line 97:8:   'ComunidadPage' is defined but never used        no-unused-vars
  Line 113:8:  'RegistroTiendaPage' is defined but never used   no-unused-vars
  Line 177:7:  'WikiLayout' is assigned a value but never used  no-unused-vars

[39m[22m

webpack compiled with [1m[33m1 warning[39m[22m
Compiling...
Compiled with warnings.

[eslint] 
src\Routes\index.jsx
  Line 12:8:   'MarketRoute' is defined but never used          no-unused-vars
  Line 15:8:   'GenRoute' is defined but never used             no-unused-vars
  Line 48:8:   'NavBar' is defined but never used               no-unused-vars
  Line 51:8:   'LmAi' is defined but never used                 no-unused-vars
  Line 52:8:   'TTS' is defined but never used                  no-unused-vars
  Line 53:8:   'TextToSpeech' is defined but never used         no-unused-vars
  Line 97:8:   'ComunidadPage' is defined but never used        no-unused-vars
  Line 113:8:  'RegistroTiendaPage' is defined but never used   no-unused-vars
  Line 177:7:  'WikiLayout' is assigned a value but never used  no-unused-vars

Search for the keywords to learn more about each warning.
To ignore, add // eslint-disable-next-line to the line before.

[1m[33mWARNING[39m[22m in [1m[eslint] 
src\Routes\index.jsx
  Line 12:8:   'MarketRoute' is defined but never used          no-unused-vars
  Line 15:8:   'GenRoute' is defined but never used             no-unused-vars
  Line 48:8:   'NavBar' is defined but never used               no-unused-vars
  Line 51:8:   'LmAi' is defined but never used                 no-unused-vars
  Line 52:8:   'TTS' is defined but never used                  no-unused-vars
  Line 53:8:   'TextToSpeech' is defined but never used         no-unused-vars
  Line 97:8:   'ComunidadPage' is defined but never used        no-unused-vars
  Line 113:8:  'RegistroTiendaPage' is defined but never used   no-unused-vars
  Line 177:7:  'WikiLayout' is assigned a value but never used  no-unused-vars

[39m[22m

webpack compiled with [1m[33m1 warning[39m[22m
Compiling...
Compiled with warnings.

[eslint] 
src\Routes\index.jsx
  Line 12:8:   'MarketRoute' is defined but never used          no-unused-vars
  Line 15:8:   'GenRoute' is defined but never used             no-unused-vars
  Line 48:8:   'NavBar' is defined but never used               no-unused-vars
  Line 51:8:   'LmAi' is defined but never used                 no-unused-vars
  Line 52:8:   'TTS' is defined but never used                  no-unused-vars
  Line 53:8:   'TextToSpeech' is defined but never used         no-unused-vars
  Line 97:8:   'ComunidadPage' is defined but never used        no-unused-vars
  Line 113:8:  'RegistroTiendaPage' is defined but never used   no-unused-vars
  Line 177:7:  'WikiLayout' is assigned a value but never used  no-unused-vars

Search for the keywords to learn more about each warning.
To ignore, add // eslint-disable-next-line to the line before.

[1m[33mWARNING[39m[22m in [1m[eslint] 
src\Routes\index.jsx
  Line 12:8:   'MarketRoute' is defined but never used          no-unused-vars
  Line 15:8:   'GenRoute' is defined but never used             no-unused-vars
  Line 48:8:   'NavBar' is defined but never used               no-unused-vars
  Line 51:8:   'LmAi' is defined but never used                 no-unused-vars
  Line 52:8:   'TTS' is defined but never used                  no-unused-vars
  Line 53:8:   'TextToSpeech' is defined but never used         no-unused-vars
  Line 97:8:   'ComunidadPage' is defined but never used        no-unused-vars
  Line 113:8:  'RegistroTiendaPage' is defined but never used   no-unused-vars
  Line 177:7:  'WikiLayout' is assigned a value but never used  no-unused-vars

[39m[22m

webpack compiled with [1m[33m1 warning[39m[22m
Compiling...
Compiled with warnings.

[eslint] 
src\Routes\index.jsx
  Line 12:8:   'MarketRoute' is defined but never used          no-unused-vars
  Line 15:8:   'GenRoute' is defined but never used             no-unused-vars
  Line 48:8:   'NavBar' is defined but never used               no-unused-vars
  Line 51:8:   'LmAi' is defined but never used                 no-unused-vars
  Line 52:8:   'TTS' is defined but never used                  no-unused-vars
  Line 53:8:   'TextToSpeech' is defined but never used         no-unused-vars
  Line 97:8:   'ComunidadPage' is defined but never used        no-unused-vars
  Line 113:8:  'RegistroTiendaPage' is defined but never used   no-unused-vars
  Line 177:7:  'WikiLayout' is assigned a value but never used  no-unused-vars

Search for the keywords to learn more about each warning.
To ignore, add // eslint-disable-next-line to the line before.

[1m[33mWARNING[39m[22m in [1m[eslint] 
src\Routes\index.jsx
  Line 12:8:   'MarketRoute' is defined but never used          no-unused-vars
  Line 15:8:   'GenRoute' is defined but never used             no-unused-vars
  Line 48:8:   'NavBar' is defined but never used               no-unused-vars
  Line 51:8:   'LmAi' is defined but never used                 no-unused-vars
  Line 52:8:   'TTS' is defined but never used                  no-unused-vars
  Line 53:8:   'TextToSpeech' is defined but never used         no-unused-vars
  Line 97:8:   'ComunidadPage' is defined but never used        no-unused-vars
  Line 113:8:  'RegistroTiendaPage' is defined but never used   no-unused-vars
  Line 177:7:  'WikiLayout' is assigned a value but never used  no-unused-vars

[39m[22m

webpack compiled with [1m[33m1 warning[39m[22m
Compiling...
Compiled with warnings.

[eslint] 
src\Routes\index.jsx
  Line 12:8:   'MarketRoute' is defined but never used          no-unused-vars
  Line 15:8:   'GenRoute' is defined but never used             no-unused-vars
  Line 48:8:   'NavBar' is defined but never used               no-unused-vars
  Line 51:8:   'LmAi' is defined but never used                 no-unused-vars
  Line 52:8:   'TTS' is defined but never used                  no-unused-vars
  Line 53:8:   'TextToSpeech' is defined but never used         no-unused-vars
  Line 97:8:   'ComunidadPage' is defined but never used        no-unused-vars
  Line 113:8:  'RegistroTiendaPage' is defined but never used   no-unused-vars
  Line 177:7:  'WikiLayout' is assigned a value but never used  no-unused-vars

Search for the keywords to learn more about each warning.
To ignore, add // eslint-disable-next-line to the line before.

[1m[33mWARNING[39m[22m in [1m[eslint] 
src\Routes\index.jsx
  Line 12:8:   'MarketRoute' is defined but never used          no-unused-vars
  Line 15:8:   'GenRoute' is defined but never used             no-unused-vars
  Line 48:8:   'NavBar' is defined but never used               no-unused-vars
  Line 51:8:   'LmAi' is defined but never used                 no-unused-vars
  Line 52:8:   'TTS' is defined but never used                  no-unused-vars
  Line 53:8:   'TextToSpeech' is defined but never used         no-unused-vars
  Line 97:8:   'ComunidadPage' is defined but never used        no-unused-vars
  Line 113:8:  'RegistroTiendaPage' is defined but never used   no-unused-vars
  Line 177:7:  'WikiLayout' is assigned a value but never used  no-unused-vars

[39m[22m

webpack compiled with [1m[33m1 warning[39m[22m
Compiling...
Compiled with warnings.

[eslint] 
src\Pages\Coowork\Coowork.jsx
  Line 22:8:   'DeleteIcon' is defined but never used                       no-unused-vars
  Line 23:8:   'StarIcon' is defined but never used                         no-unused-vars
  Line 42:39:  'getTareasPendientesCalificacion' is defined but never used  no-unused-vars

src\Routes\index.jsx
  Line 12:8:   'MarketRoute' is defined but never used          no-unused-vars
  Line 15:8:   'GenRoute' is defined but never used             no-unused-vars
  Line 48:8:   'NavBar' is defined but never used               no-unused-vars
  Line 51:8:   'LmAi' is defined but never used                 no-unused-vars
  Line 52:8:   'TTS' is defined but never used                  no-unused-vars
  Line 53:8:   'TextToSpeech' is defined but never used         no-unused-vars
  Line 97:8:   'ComunidadPage' is defined but never used        no-unused-vars
  Line 113:8:  'RegistroTiendaPage' is defined but never used   no-unused-vars
  Line 177:7:  'WikiLayout' is assigned a value but never used  no-unused-vars

Search for the keywords to learn more about each warning.
To ignore, add // eslint-disable-next-line to the line before.

[1m[33mWARNING[39m[22m in [1m[eslint] 
src\Pages\Coowork\Coowork.jsx
  Line 22:8:   'DeleteIcon' is defined but never used                       no-unused-vars
  Line 23:8:   'StarIcon' is defined but never used                         no-unused-vars
  Line 42:39:  'getTareasPendientesCalificacion' is defined but never used  no-unused-vars

src\Routes\index.jsx
  Line 12:8:   'MarketRoute' is defined but never used          no-unused-vars
  Line 15:8:   'GenRoute' is defined but never used             no-unused-vars
  Line 48:8:   'NavBar' is defined but never used               no-unused-vars
  Line 51:8:   'LmAi' is defined but never used                 no-unused-vars
  Line 52:8:   'TTS' is defined but never used                  no-unused-vars
  Line 53:8:   'TextToSpeech' is defined but never used         no-unused-vars
  Line 97:8:   'ComunidadPage' is defined but never used        no-unused-vars
  Line 113:8:  'RegistroTiendaPage' is defined but never used   no-unused-vars
  Line 177:7:  'WikiLayout' is assigned a value but never used  no-unused-vars

[39m[22m

webpack compiled with [1m[33m1 warning[39m[22m
Compiling...
Compiled with warnings.

[eslint] 
src\Pages\Coowork\Coowork.jsx
  Line 22:8:    'DeleteIcon' is defined but never used                       no-unused-vars
  Line 23:8:    'StarIcon' is defined but never used                         no-unused-vars
  Line 42:39:   'getTareasPendientesCalificacion' is defined but never used  no-unused-vars
  Line 167:23:  'deleteTodo' is assigned a value but never used              no-unused-vars
  Line 167:35:  'rateTask' is assigned a value but never used                no-unused-vars

src\Routes\index.jsx
  Line 12:8:   'MarketRoute' is defined but never used          no-unused-vars
  Line 15:8:   'GenRoute' is defined but never used             no-unused-vars
  Line 48:8:   'NavBar' is defined but never used               no-unused-vars
  Line 51:8:   'LmAi' is defined but never used                 no-unused-vars
  Line 52:8:   'TTS' is defined but never used                  no-unused-vars
  Line 53:8:   'TextToSpeech' is defined but never used         no-unused-vars
  Line 97:8:   'ComunidadPage' is defined but never used        no-unused-vars
  Line 113:8:  'RegistroTiendaPage' is defined but never used   no-unused-vars
  Line 177:7:  'WikiLayout' is assigned a value but never used  no-unused-vars

Search for the keywords to learn more about each warning.
To ignore, add // eslint-disable-next-line to the line before.

[1m[33mWARNING[39m[22m in [1m[eslint] 
src\Pages\Coowork\Coowork.jsx
  Line 22:8:    'DeleteIcon' is defined but never used                       no-unused-vars
  Line 23:8:    'StarIcon' is defined but never used                         no-unused-vars
  Line 42:39:   'getTareasPendientesCalificacion' is defined but never used  no-unused-vars
  Line 167:23:  'deleteTodo' is assigned a value but never used              no-unused-vars
  Line 167:35:  'rateTask' is assigned a value but never used                no-unused-vars

src\Routes\index.jsx
  Line 12:8:   'MarketRoute' is defined but never used          no-unused-vars
  Line 15:8:   'GenRoute' is defined but never used             no-unused-vars
  Line 48:8:   'NavBar' is defined but never used               no-unused-vars
  Line 51:8:   'LmAi' is defined but never used                 no-unused-vars
  Line 52:8:   'TTS' is defined but never used                  no-unused-vars
  Line 53:8:   'TextToSpeech' is defined but never used         no-unused-vars
  Line 97:8:   'ComunidadPage' is defined but never used        no-unused-vars
  Line 113:8:  'RegistroTiendaPage' is defined but never used   no-unused-vars
  Line 177:7:  'WikiLayout' is assigned a value but never used  no-unused-vars

[39m[22m

webpack compiled with [1m[33m1 warning[39m[22m
Compiling...
Compiled with warnings.

[eslint] 
src\Pages\Coowork\Coowork.jsx
  Line 22:8:    'DeleteIcon' is defined but never used                        no-unused-vars
  Line 23:8:    'StarIcon' is defined but never used                          no-unused-vars
  Line 349:10:  'deletingGeneralId' is assigned a value but never used        no-unused-vars
  Line 351:9:   'handleDeleteGeneral' is assigned a value but never used      no-unused-vars
  Line 376:10:  'tareasPendientes' is assigned a value but never used         no-unused-vars
  Line 377:10:  'loadingTareasPendientes' is assigned a value but never used  no-unused-vars
  Line 378:10:  'tareasPendientesError' is assigned a value but never used    no-unused-vars
  Line 379:10:  'rateDialogOpen' is assigned a value but never used           no-unused-vars
  Line 381:10:  'savingRate' is assigned a value but never used               no-unused-vars
  Line 382:10:  'ratingTareaId' is assigned a value but never used            no-unused-vars
  Line 422:9:   'handleOpenRate' is assigned a value but never used           no-unused-vars
  Line 438:9:   'handleRateFormChange' is assigned a value but never used     no-unused-vars
  Line 443:9:   'handleRateSubmit' is assigned a value but never used         no-unused-vars

src\Routes\index.jsx
  Line 12:8:   'MarketRoute' is defined but never used          no-unused-vars
  Line 15:8:   'GenRoute' is defined but never used             no-unused-vars
  Line 48:8:   'NavBar' is defined but never used               no-unused-vars
  Line 51:8:   'LmAi' is defined but never used                 no-unused-vars
  Line 52:8:   'TTS' is defined but never used                  no-unused-vars
  Line 53:8:   'TextToSpeech' is defined but never used         no-unused-vars
  Line 97:8:   'ComunidadPage' is defined but never used        no-unused-vars
  Line 113:8:  'RegistroTiendaPage' is defined but never used   no-unused-vars
  Line 177:7:  'WikiLayout' is assigned a value but never used  no-unused-vars

Search for the keywords to learn more about each warning.
To ignore, add // eslint-disable-next-line to the line before.

[1m[33mWARNING[39m[22m in [1m[eslint] 
src\Pages\Coowork\Coowork.jsx
  Line 22:8:    'DeleteIcon' is defined but never used                        no-unused-vars
  Line 23:8:    'StarIcon' is defined but never used                          no-unused-vars
  Line 349:10:  'deletingGeneralId' is assigned a value but never used        no-unused-vars
  Line 351:9:   'handleDeleteGeneral' is assigned a value but never used      no-unused-vars
  Line 376:10:  'tareasPendientes' is assigned a value but never used         no-unused-vars
  Line 377:10:  'loadingTareasPendientes' is assigned a value but never used  no-unused-vars
  Line 378:10:  'tareasPendientesError' is assigned a value but never used    no-unused-vars
  Line 379:10:  'rateDialogOpen' is assigned a value but never used           no-unused-vars
  Line 381:10:  'savingRate' is assigned a value but never used               no-unused-vars
  Line 382:10:  'ratingTareaId' is assigned a value but never used            no-unused-vars
  Line 422:9:   'handleOpenRate' is assigned a value but never used           no-unused-vars
  Line 438:9:   'handleRateFormChange' is assigned a value but never used     no-unused-vars
  Line 443:9:   'handleRateSubmit' is assigned a value but never used         no-unused-vars

src\Routes\index.jsx
  Line 12:8:   'MarketRoute' is defined but never used          no-unused-vars
  Line 15:8:   'GenRoute' is defined but never used             no-unused-vars
  Line 48:8:   'NavBar' is defined but never used               no-unused-vars
  Line 51:8:   'LmAi' is defined but never used                 no-unused-vars
  Line 52:8:   'TTS' is defined but never used                  no-unused-vars
  Line 53:8:   'TextToSpeech' is defined but never used         no-unused-vars
  Line 97:8:   'ComunidadPage' is defined but never used        no-unused-vars
  Line 113:8:  'RegistroTiendaPage' is defined but never used   no-unused-vars
  Line 177:7:  'WikiLayout' is assigned a value but never used  no-unused-vars

[39m[22m

webpack compiled with [1m[33m1 warning[39m[22m
Compiling...
Compiled with warnings.

[eslint] 
src\Pages\Coowork\Coowork.jsx
  Line 23:8:    'StarIcon' is defined but never used                          no-unused-vars
  Line 376:10:  'tareasPendientes' is assigned a value but never used         no-unused-vars
  Line 377:10:  'loadingTareasPendientes' is assigned a value but never used  no-unused-vars
  Line 378:10:  'tareasPendientesError' is assigned a value but never used    no-unused-vars
  Line 379:10:  'rateDialogOpen' is assigned a value but never used           no-unused-vars
  Line 381:10:  'savingRate' is assigned a value but never used               no-unused-vars
  Line 382:10:  'ratingTareaId' is assigned a value but never used            no-unused-vars
  Line 422:9:   'handleOpenRate' is assigned a value but never used           no-unused-vars
  Line 438:9:   'handleRateFormChange' is assigned a value but never used     no-unused-vars
  Line 443:9:   'handleRateSubmit' is assigned a value but never used         no-unused-vars

src\Routes\index.jsx
  Line 12:8:   'MarketRoute' is defined but never used          no-unused-vars
  Line 15:8:   'GenRoute' is defined but never used             no-unused-vars
  Line 48:8:   'NavBar' is defined but never used               no-unused-vars
  Line 51:8:   'LmAi' is defined but never used                 no-unused-vars
  Line 52:8:   'TTS' is defined but never used                  no-unused-vars
  Line 53:8:   'TextToSpeech' is defined but never used         no-unused-vars
  Line 97:8:   'ComunidadPage' is defined but never used        no-unused-vars
  Line 113:8:  'RegistroTiendaPage' is defined but never used   no-unused-vars
  Line 177:7:  'WikiLayout' is assigned a value but never used  no-unused-vars

Search for the keywords to learn more about each warning.
To ignore, add // eslint-disable-next-line to the line before.

[1m[33mWARNING[39m[22m in [1m[eslint] 
src\Pages\Coowork\Coowork.jsx
  Line 23:8:    'StarIcon' is defined but never used                          no-unused-vars
  Line 376:10:  'tareasPendientes' is assigned a value but never used         no-unused-vars
  Line 377:10:  'loadingTareasPendientes' is assigned a value but never used  no-unused-vars
  Line 378:10:  'tareasPendientesError' is assigned a value but never used    no-unused-vars
  Line 379:10:  'rateDialogOpen' is assigned a value but never used           no-unused-vars
  Line 381:10:  'savingRate' is assigned a value but never used               no-unused-vars
  Line 382:10:  'ratingTareaId' is assigned a value but never used            no-unused-vars
  Line 422:9:   'handleOpenRate' is assigned a value but never used           no-unused-vars
  Line 438:9:   'handleRateFormChange' is assigned a value but never used     no-unused-vars
  Line 443:9:   'handleRateSubmit' is assigned a value but never used         no-unused-vars

src\Routes\index.jsx
  Line 12:8:   'MarketRoute' is defined but never used          no-unused-vars
  Line 15:8:   'GenRoute' is defined but never used             no-unused-vars
  Line 48:8:   'NavBar' is defined but never used               no-unused-vars
  Line 51:8:   'LmAi' is defined but never used                 no-unused-vars
  Line 52:8:   'TTS' is defined but never used                  no-unused-vars
  Line 53:8:   'TextToSpeech' is defined but never used         no-unused-vars
  Line 97:8:   'ComunidadPage' is defined but never used        no-unused-vars
  Line 113:8:  'RegistroTiendaPage' is defined but never used   no-unused-vars
  Line 177:7:  'WikiLayout' is assigned a value but never used  no-unused-vars

[39m[22m

webpack compiled with [1m[33m1 warning[39m[22m
Compiling...
Compiled with warnings.

[eslint] 
src\Pages\Coowork\Coowork.jsx
  Line 376:10:  'tareasPendientes' is assigned a value but never used         no-unused-vars
  Line 377:10:  'loadingTareasPendientes' is assigned a value but never used  no-unused-vars
  Line 378:10:  'tareasPendientesError' is assigned a value but never used    no-unused-vars
  Line 379:10:  'rateDialogOpen' is assigned a value but never used           no-unused-vars
  Line 381:10:  'savingRate' is assigned a value but never used               no-unused-vars
  Line 382:10:  'ratingTareaId' is assigned a value but never used            no-unused-vars
  Line 422:9:   'handleOpenRate' is assigned a value but never used           no-unused-vars
  Line 438:9:   'handleRateFormChange' is assigned a value but never used     no-unused-vars
  Line 443:9:   'handleRateSubmit' is assigned a value but never used         no-unused-vars

src\Routes\index.jsx
  Line 12:8:   'MarketRoute' is defined but never used          no-unused-vars
  Line 15:8:   'GenRoute' is defined but never used             no-unused-vars
  Line 48:8:   'NavBar' is defined but never used               no-unused-vars
  Line 51:8:   'LmAi' is defined but never used                 no-unused-vars
  Line 52:8:   'TTS' is defined but never used                  no-unused-vars
  Line 53:8:   'TextToSpeech' is defined but never used         no-unused-vars
  Line 97:8:   'ComunidadPage' is defined but never used        no-unused-vars
  Line 113:8:  'RegistroTiendaPage' is defined but never used   no-unused-vars
  Line 177:7:  'WikiLayout' is assigned a value but never used  no-unused-vars

Search for the keywords to learn more about each warning.
To ignore, add // eslint-disable-next-line to the line before.

[1m[33mWARNING[39m[22m in [1m[eslint] 
src\Pages\Coowork\Coowork.jsx
  Line 376:10:  'tareasPendientes' is assigned a value but never used         no-unused-vars
  Line 377:10:  'loadingTareasPendientes' is assigned a value but never used  no-unused-vars
  Line 378:10:  'tareasPendientesError' is assigned a value but never used    no-unused-vars
  Line 379:10:  'rateDialogOpen' is assigned a value but never used           no-unused-vars
  Line 381:10:  'savingRate' is assigned a value but never used               no-unused-vars
  Line 382:10:  'ratingTareaId' is assigned a value but never used            no-unused-vars
  Line 422:9:   'handleOpenRate' is assigned a value but never used           no-unused-vars
  Line 438:9:   'handleRateFormChange' is assigned a value but never used     no-unused-vars
  Line 443:9:   'handleRateSubmit' is assigned a value but never used         no-unused-vars

src\Routes\index.jsx
  Line 12:8:   'MarketRoute' is defined but never used          no-unused-vars
  Line 15:8:   'GenRoute' is defined but never used             no-unused-vars
  Line 48:8:   'NavBar' is defined but never used               no-unused-vars
  Line 51:8:   'LmAi' is defined but never used                 no-unused-vars
  Line 52:8:   'TTS' is defined but never used                  no-unused-vars
  Line 53:8:   'TextToSpeech' is defined but never used         no-unused-vars
  Line 97:8:   'ComunidadPage' is defined but never used        no-unused-vars
  Line 113:8:  'RegistroTiendaPage' is defined but never used   no-unused-vars
  Line 177:7:  'WikiLayout' is assigned a value but never used  no-unused-vars

[39m[22m

webpack compiled with [1m[33m1 warning[39m[22m
Compiling...
Compiled with warnings.

[eslint] 
src\Pages\Coowork\Coowork.jsx
  Line 379:10:  'rateDialogOpen' is assigned a value but never used        no-unused-vars
  Line 381:10:  'savingRate' is assigned a value but never used            no-unused-vars
  Line 438:9:   'handleRateFormChange' is assigned a value but never used  no-unused-vars
  Line 443:9:   'handleRateSubmit' is assigned a value but never used      no-unused-vars

src\Routes\index.jsx
  Line 12:8:   'MarketRoute' is defined but never used          no-unused-vars
  Line 15:8:   'GenRoute' is defined but never used             no-unused-vars
  Line 48:8:   'NavBar' is defined but never used               no-unused-vars
  Line 51:8:   'LmAi' is defined but never used                 no-unused-vars
  Line 52:8:   'TTS' is defined but never used                  no-unused-vars
  Line 53:8:   'TextToSpeech' is defined but never used         no-unused-vars
  Line 97:8:   'ComunidadPage' is defined but never used        no-unused-vars
  Line 113:8:  'RegistroTiendaPage' is defined but never used   no-unused-vars
  Line 177:7:  'WikiLayout' is assigned a value but never used  no-unused-vars

Search for the keywords to learn more about each warning.
To ignore, add // eslint-disable-next-line to the line before.

[1m[33mWARNING[39m[22m in [1m[eslint] 
src\Pages\Coowork\Coowork.jsx
  Line 379:10:  'rateDialogOpen' is assigned a value but never used        no-unused-vars
  Line 381:10:  'savingRate' is assigned a value but never used            no-unused-vars
  Line 438:9:   'handleRateFormChange' is assigned a value but never used  no-unused-vars
  Line 443:9:   'handleRateSubmit' is assigned a value but never used      no-unused-vars

src\Routes\index.jsx
  Line 12:8:   'MarketRoute' is defined but never used          no-unused-vars
  Line 15:8:   'GenRoute' is defined but never used             no-unused-vars
  Line 48:8:   'NavBar' is defined but never used               no-unused-vars
  Line 51:8:   'LmAi' is defined but never used                 no-unused-vars
  Line 52:8:   'TTS' is defined but never used                  no-unused-vars
  Line 53:8:   'TextToSpeech' is defined but never used         no-unused-vars
  Line 97:8:   'ComunidadPage' is defined but never used        no-unused-vars
  Line 113:8:  'RegistroTiendaPage' is defined but never used   no-unused-vars
  Line 177:7:  'WikiLayout' is assigned a value but never used  no-unused-vars

[39m[22m

webpack compiled with [1m[33m1 warning[39m[22m
Compiling...
Compiled with warnings.

[eslint] 
src\Routes\index.jsx
  Line 12:8:   'MarketRoute' is defined but never used          no-unused-vars
  Line 15:8:   'GenRoute' is defined but never used             no-unused-vars
  Line 48:8:   'NavBar' is defined but never used               no-unused-vars
  Line 51:8:   'LmAi' is defined but never used                 no-unused-vars
  Line 52:8:   'TTS' is defined but never used                  no-unused-vars
  Line 53:8:   'TextToSpeech' is defined but never used         no-unused-vars
  Line 97:8:   'ComunidadPage' is defined but never used        no-unused-vars
  Line 113:8:  'RegistroTiendaPage' is defined but never used   no-unused-vars
  Line 177:7:  'WikiLayout' is assigned a value but never used  no-unused-vars

Search for the keywords to learn more about each warning.
To ignore, add // eslint-disable-next-line to the line before.

[1m[33mWARNING[39m[22m in [1m[eslint] 
src\Routes\index.jsx
  Line 12:8:   'MarketRoute' is defined but never used          no-unused-vars
  Line 15:8:   'GenRoute' is defined but never used             no-unused-vars
  Line 48:8:   'NavBar' is defined but never used               no-unused-vars
  Line 51:8:   'LmAi' is defined but never used                 no-unused-vars
  Line 52:8:   'TTS' is defined but never used                  no-unused-vars
  Line 53:8:   'TextToSpeech' is defined but never used         no-unused-vars
  Line 97:8:   'ComunidadPage' is defined but never used        no-unused-vars
  Line 113:8:  'RegistroTiendaPage' is defined but never used   no-unused-vars
  Line 177:7:  'WikiLayout' is assigned a value but never used  no-unused-vars

[39m[22m

webpack compiled with [1m[33m1 warning[39m[22m
Compiling...
Failed to compile.

[eslint] 
src\services\cowork\mutationsServices.js
Syntax error: Unexpected token (221:2) (221:2)
[1m[33mWARNING[39m[22m in [1m[eslint] 
src\Routes\index.jsx
  Line 12:8:   'MarketRoute' is defined but never used          no-unused-vars
  Line 15:8:   'GenRoute' is defined but never used             no-unused-vars
  Line 48:8:   'NavBar' is defined but never used               no-unused-vars
  Line 51:8:   'LmAi' is defined but never used                 no-unused-vars
  Line 52:8:   'TTS' is defined but never used                  no-unused-vars
  Line 53:8:   'TextToSpeech' is defined but never used         no-unused-vars
  Line 97:8:   'ComunidadPage' is defined but never used        no-unused-vars
  Line 113:8:  'RegistroTiendaPage' is defined but never used   no-unused-vars
  Line 177:7:  'WikiLayout' is assigned a value but never used  no-unused-vars

[39m[22m

[1m[31mERROR[39m[22m in [1m./src/services/cowork/mutationsServices.js[39m[22m
Module build failed (from ./node_modules/babel-loader/lib/index.js):
SyntaxError: C:\Users\root\Desktop\projects\public\ciudadan_frontend\src\services\cowork\mutationsServices.js: Unexpected token (221:2)

[0m [90m 219 |[39m }[33m;[39m
 [90m 220 |[39m     [32m'No se pudieron asignar las areas'[39m
[31m[1m>[22m[39m[90m 221 |[39m   )[33m;[39m
 [90m     |[39m   [31m[1m^[22m[39m
 [90m 222 |[39m }[33m;[39m
 [90m 223 |[39m[0m
    at constructor (C:\Users\root\Desktop\projects\public\ciudadan_frontend\node_modules\@babel\parser\lib\index.js:360:19)
    at FlowParserMixin.raise (C:\Users\root\Desktop\projects\public\ciudadan_frontend\node_modules\@babel\parser\lib\index.js:3327:19)
    at FlowParserMixin.unexpected (C:\Users\root\Desktop\projects\public\ciudadan_frontend\node_modules\@babel\parser\lib\index.js:3347:16)
    at FlowParserMixin.parseExprAtom (C:\Users\root\Desktop\projects\public\ciudadan_frontend\node_modules\@babel\parser\lib\index.js:11126:16)
    at FlowParserMixin.parseExprAtom (C:\Users\root\Desktop\projects\public\ciudadan_frontend\node_modules\@babel\parser\lib\index.js:6937:20)
    at FlowParserMixin.parseExprSubscripts (C:\Users\root\Desktop\projects\public\ciudadan_frontend\node_modules\@babel\parser\lib\index.js:10758:23)
    at FlowParserMixin.parseUpdate (C:\Users\root\Desktop\projects\public\ciudadan_frontend\node_modules\@babel\parser\lib\index.js:10743:21)
    at FlowParserMixin.parseMaybeUnary (C:\Users\root\Desktop\projects\public\ciudadan_frontend\node_modules\@babel\parser\lib\index.js:10723:23)
    at FlowParserMixin.parseMaybeUnaryOrPrivate (C:\Users\root\Desktop\projects\public\ciudadan_frontend\node_modules\@babel\parser\lib\index.js:10576:61)
    at FlowParserMixin.parseExprOps (C:\Users\root\Desktop\projects\public\ciudadan_frontend\node_modules\@babel\parser\lib\index.js:10581:23)
    at FlowParserMixin.parseMaybeConditional (C:\Users\root\Desktop\projects\public\ciudadan_frontend\node_modules\@babel\parser\lib\index.js:10558:23)
    at FlowParserMixin.parseMaybeAssign (C:\Users\root\Desktop\projects\public\ciudadan_frontend\node_modules\@babel\parser\lib\index.js:10521:21)
    at FlowParserMixin.parseMaybeAssign (C:\Users\root\Desktop\projects\public\ciudadan_frontend\node_modules\@babel\parser\lib\index.js:5773:18)
    at FlowParserMixin.parseExpressionBase (C:\Users\root\Desktop\projects\public\ciudadan_frontend\node_modules\@babel\parser\lib\index.js:10475:23)
    at C:\Users\root\Desktop\projects\public\ciudadan_frontend\node_modules\@babel\parser\lib\index.js:10471:39
    at FlowParserMixin.allowInAnd (C:\Users\root\Desktop\projects\public\ciudadan_frontend\node_modules\@babel\parser\lib\index.js:12095:16)
    at FlowParserMixin.parseExpression (C:\Users\root\Desktop\projects\public\ciudadan_frontend\node_modules\@babel\parser\lib\index.js:10471:17)
    at FlowParserMixin.parseStatementContent (C:\Users\root\Desktop\projects\public\ciudadan_frontend\node_modules\@babel\parser\lib\index.js:12539:23)
    at FlowParserMixin.parseStatementLike (C:\Users\root\Desktop\projects\public\ciudadan_frontend\node_modules\@babel\parser\lib\index.js:12406:17)
    at FlowParserMixin.parseStatementLike (C:\Users\root\Desktop\projects\public\ciudadan_frontend\node_modules\@babel\parser\lib\index.js:5140:24)
    at FlowParserMixin.parseModuleItem (C:\Users\root\Desktop\projects\public\ciudadan_frontend\node_modules\@babel\parser\lib\index.js:12383:17)
    at FlowParserMixin.parseBlockOrModuleBlockBody (C:\Users\root\Desktop\projects\public\ciudadan_frontend\node_modules\@babel\parser\lib\index.js:12960:36)
    at FlowParserMixin.parseBlockBody (C:\Users\root\Desktop\projects\public\ciudadan_frontend\node_modules\@babel\parser\lib\index.js:12953:10)
    at FlowParserMixin.parseProgram (C:\Users\root\Desktop\projects\public\ciudadan_frontend\node_modules\@babel\parser\lib\index.js:12280:10)
    at FlowParserMixin.parseTopLevel (C:\Users\root\Desktop\projects\public\ciudadan_frontend\node_modules\@babel\parser\lib\index.js:12270:25)
    at FlowParserMixin.parseTopLevel (C:\Users\root\Desktop\projects\public\ciudadan_frontend\node_modules\@babel\parser\lib\index.js:5909:28)
    at FlowParserMixin.parse (C:\Users\root\Desktop\projects\public\ciudadan_frontend\node_modules\@babel\parser\lib\index.js:14120:10)
    at parse (C:\Users\root\Desktop\projects\public\ciudadan_frontend\node_modules\@babel\parser\lib\index.js:14154:38)
    at parser (C:\Users\root\Desktop\projects\public\ciudadan_frontend\node_modules\@babel\core\lib\parser\index.js:41:34)
    at parser.next (<anonymous>)
    at normalizeFile (C:\Users\root\Desktop\projects\public\ciudadan_frontend\node_modules\@babel\core\lib\transformation\normalize-file.js:64:37)
    at normalizeFile.next (<anonymous>)
    at run (C:\Users\root\Desktop\projects\public\ciudadan_frontend\node_modules\@babel\core\lib\transformation\index.js:22:50)
    at run.next (<anonymous>)
    at transform (C:\Users\root\Desktop\projects\public\ciudadan_frontend\node_modules\@babel\core\lib\transform.js:22:33)
    at transform.next (<anonymous>)
    at step (C:\Users\root\Desktop\projects\public\ciudadan_frontend\node_modules\gensync\index.js:261:32)
    at C:\Users\root\Desktop\projects\public\ciudadan_frontend\node_modules\gensync\index.js:273:13
    at async.call.result.err.err (C:\Users\root\Desktop\projects\public\ciudadan_frontend\node_modules\gensync\index.js:223:11)

[1m[31mERROR[39m[22m in [1m[eslint] 
src\services\cowork\mutationsServices.js
  Line 221:2:  Parsing [1m[31merror[39m[22m[1m: [1m[31mUnexpected[39m[22m[1m token (221:2)

[39m[22m

webpack compiled with [1m[31m2 errors[39m[22m and [1m[33m1 warning[39m[22m
Compiling...
Failed to compile.

[eslint] 
src\services\cowork\mutationsServices.js
Syntax error: Unexpected token (221:2) (221:2)
[1m[33mWARNING[39m[22m in [1m[eslint] 
src\Routes\index.jsx
  Line 12:8:   'MarketRoute' is defined but never used          no-unused-vars
  Line 15:8:   'GenRoute' is defined but never used             no-unused-vars
  Line 48:8:   'NavBar' is defined but never used               no-unused-vars
  Line 51:8:   'LmAi' is defined but never used                 no-unused-vars
  Line 52:8:   'TTS' is defined but never used                  no-unused-vars
  Line 53:8:   'TextToSpeech' is defined but never used         no-unused-vars
  Line 97:8:   'ComunidadPage' is defined but never used        no-unused-vars
  Line 113:8:  'RegistroTiendaPage' is defined but never used   no-unused-vars
  Line 177:7:  'WikiLayout' is assigned a value but never used  no-unused-vars

src\components\Cowork\TareasEspecializadas.jsx
  Line 36:3:  'proposeSubarea' is defined but never used  no-unused-vars

[39m[22m

[1m[31mERROR[39m[22m in [1m./src/services/cowork/mutationsServices.js[39m[22m
Module build failed (from ./node_modules/babel-loader/lib/index.js):
SyntaxError: C:\Users\root\Desktop\projects\public\ciudadan_frontend\src\services\cowork\mutationsServices.js: Unexpected token (221:2)

[0m [90m 219 |[39m }[33m;[39m
 [90m 220 |[39m     [32m'No se pudieron asignar las areas'[39m
[31m[1m>[22m[39m[90m 221 |[39m   )[33m;[39m
 [90m     |[39m   [31m[1m^[22m[39m
 [90m 222 |[39m }[33m;[39m
 [90m 223 |[39m[0m
    at constructor (C:\Users\root\Desktop\projects\public\ciudadan_frontend\node_modules\@babel\parser\lib\index.js:360:19)
    at FlowParserMixin.raise (C:\Users\root\Desktop\projects\public\ciudadan_frontend\node_modules\@babel\parser\lib\index.js:3327:19)
    at FlowParserMixin.unexpected (C:\Users\root\Desktop\projects\public\ciudadan_frontend\node_modules\@babel\parser\lib\index.js:3347:16)
    at FlowParserMixin.parseExprAtom (C:\Users\root\Desktop\projects\public\ciudadan_frontend\node_modules\@babel\parser\lib\index.js:11126:16)
    at FlowParserMixin.parseExprAtom (C:\Users\root\Desktop\projects\public\ciudadan_frontend\node_modules\@babel\parser\lib\index.js:6937:20)
    at FlowParserMixin.parseExprSubscripts (C:\Users\root\Desktop\projects\public\ciudadan_frontend\node_modules\@babel\parser\lib\index.js:10758:23)
    at FlowParserMixin.parseUpdate (C:\Users\root\Desktop\projects\public\ciudadan_frontend\node_modules\@babel\parser\lib\index.js:10743:21)
    at FlowParserMixin.parseMaybeUnary (C:\Users\root\Desktop\projects\public\ciudadan_frontend\node_modules\@babel\parser\lib\index.js:10723:23)
    at FlowParserMixin.parseMaybeUnaryOrPrivate (C:\Users\root\Desktop\projects\public\ciudadan_frontend\node_modules\@babel\parser\lib\index.js:10576:61)
    at FlowParserMixin.parseExprOps (C:\Users\root\Desktop\projects\public\ciudadan_frontend\node_modules\@babel\parser\lib\index.js:10581:23)
    at FlowParserMixin.parseMaybeConditional (C:\Users\root\Desktop\projects\public\ciudadan_frontend\node_modules\@babel\parser\lib\index.js:10558:23)
    at FlowParserMixin.parseMaybeAssign (C:\Users\root\Desktop\projects\public\ciudadan_frontend\node_modules\@babel\parser\lib\index.js:10521:21)
    at FlowParserMixin.parseMaybeAssign (C:\Users\root\Desktop\projects\public\ciudadan_frontend\node_modules\@babel\parser\lib\index.js:5773:18)
    at FlowParserMixin.parseExpressionBase (C:\Users\root\Desktop\projects\public\ciudadan_frontend\node_modules\@babel\parser\lib\index.js:10475:23)
    at C:\Users\root\Desktop\projects\public\ciudadan_frontend\node_modules\@babel\parser\lib\index.js:10471:39
    at FlowParserMixin.allowInAnd (C:\Users\root\Desktop\projects\public\ciudadan_frontend\node_modules\@babel\parser\lib\index.js:12095:16)
    at FlowParserMixin.parseExpression (C:\Users\root\Desktop\projects\public\ciudadan_frontend\node_modules\@babel\parser\lib\index.js:10471:17)
    at FlowParserMixin.parseStatementContent (C:\Users\root\Desktop\projects\public\ciudadan_frontend\node_modules\@babel\parser\lib\index.js:12539:23)
    at FlowParserMixin.parseStatementLike (C:\Users\root\Desktop\projects\public\ciudadan_frontend\node_modules\@babel\parser\lib\index.js:12406:17)
    at FlowParserMixin.parseStatementLike (C:\Users\root\Desktop\projects\public\ciudadan_frontend\node_modules\@babel\parser\lib\index.js:5140:24)
    at FlowParserMixin.parseModuleItem (C:\Users\root\Desktop\projects\public\ciudadan_frontend\node_modules\@babel\parser\lib\index.js:12383:17)
    at FlowParserMixin.parseBlockOrModuleBlockBody (C:\Users\root\Desktop\projects\public\ciudadan_frontend\node_modules\@babel\parser\lib\index.js:12960:36)
    at FlowParserMixin.parseBlockBody (C:\Users\root\Desktop\projects\public\ciudadan_frontend\node_modules\@babel\parser\lib\index.js:12953:10)
    at FlowParserMixin.parseProgram (C:\Users\root\Desktop\projects\public\ciudadan_frontend\node_modules\@babel\parser\lib\index.js:12280:10)
    at FlowParserMixin.parseTopLevel (C:\Users\root\Desktop\projects\public\ciudadan_frontend\node_modules\@babel\parser\lib\index.js:12270:25)
    at FlowParserMixin.parseTopLevel (C:\Users\root\Desktop\projects\public\ciudadan_frontend\node_modules\@babel\parser\lib\index.js:5909:28)
    at FlowParserMixin.parse (C:\Users\root\Desktop\projects\public\ciudadan_frontend\node_modules\@babel\parser\lib\index.js:14120:10)
    at parse (C:\Users\root\Desktop\projects\public\ciudadan_frontend\node_modules\@babel\parser\lib\index.js:14154:38)
    at parser (C:\Users\root\Desktop\projects\public\ciudadan_frontend\node_modules\@babel\core\lib\parser\index.js:41:34)
    at parser.next (<anonymous>)
    at normalizeFile (C:\Users\root\Desktop\projects\public\ciudadan_frontend\node_modules\@babel\core\lib\transformation\normalize-file.js:64:37)
    at normalizeFile.next (<anonymous>)
    at run (C:\Users\root\Desktop\projects\public\ciudadan_frontend\node_modules\@babel\core\lib\transformation\index.js:22:50)
    at run.next (<anonymous>)
    at transform (C:\Users\root\Desktop\projects\public\ciudadan_frontend\node_modules\@babel\core\lib\transform.js:22:33)
    at transform.next (<anonymous>)
    at step (C:\Users\root\Desktop\projects\public\ciudadan_frontend\node_modules\gensync\index.js:261:32)
    at C:\Users\root\Desktop\projects\public\ciudadan_frontend\node_modules\gensync\index.js:273:13
    at async.call.result.err.err (C:\Users\root\Desktop\projects\public\ciudadan_frontend\node_modules\gensync\index.js:223:11)

[1m[31mERROR[39m[22m in [1m[eslint] 
src\services\cowork\mutationsServices.js
  Line 221:2:  Parsing [1m[31merror[39m[22m[1m: [1m[31mUnexpected[39m[22m[1m token (221:2)

[39m[22m

webpack compiled with [1m[31m2 errors[39m[22m and [1m[33m1 warning[39m[22m
Compiling...
Failed to compile.

[eslint] 
src\services\cowork\mutationsServices.js
Syntax error: Unexpected token (221:2) (221:2)
[1m[33mWARNING[39m[22m in [1m[eslint] 
src\Routes\index.jsx
  Line 12:8:   'MarketRoute' is defined but never used          no-unused-vars
  Line 15:8:   'GenRoute' is defined but never used             no-unused-vars
  Line 48:8:   'NavBar' is defined but never used               no-unused-vars
  Line 51:8:   'LmAi' is defined but never used                 no-unused-vars
  Line 52:8:   'TTS' is defined but never used                  no-unused-vars
  Line 53:8:   'TextToSpeech' is defined but never used         no-unused-vars
  Line 97:8:   'ComunidadPage' is defined but never used        no-unused-vars
  Line 113:8:  'RegistroTiendaPage' is defined but never used   no-unused-vars
  Line 177:7:  'WikiLayout' is assigned a value but never used  no-unused-vars

src\components\Cowork\TareasEspecializadas.jsx
  Line 22:3:  'TextField' is defined but never used       no-unused-vars
  Line 37:3:  'proposeSubarea' is defined but never used  no-unused-vars

[39m[22m

[1m[31mERROR[39m[22m in [1m./src/services/cowork/mutationsServices.js[39m[22m
Module build failed (from ./node_modules/babel-loader/lib/index.js):
SyntaxError: C:\Users\root\Desktop\projects\public\ciudadan_frontend\src\services\cowork\mutationsServices.js: Unexpected token (221:2)

[0m [90m 219 |[39m }[33m;[39m
 [90m 220 |[39m     [32m'No se pudieron asignar las areas'[39m
[31m[1m>[22m[39m[90m 221 |[39m   )[33m;[39m
 [90m     |[39m   [31m[1m^[22m[39m
 [90m 222 |[39m }[33m;[39m
 [90m 223 |[39m[0m
    at constructor (C:\Users\root\Desktop\projects\public\ciudadan_frontend\node_modules\@babel\parser\lib\index.js:360:19)
    at FlowParserMixin.raise (C:\Users\root\Desktop\projects\public\ciudadan_frontend\node_modules\@babel\parser\lib\index.js:3327:19)
    at FlowParserMixin.unexpected (C:\Users\root\Desktop\projects\public\ciudadan_frontend\node_modules\@babel\parser\lib\index.js:3347:16)
    at FlowParserMixin.parseExprAtom (C:\Users\root\Desktop\projects\public\ciudadan_frontend\node_modules\@babel\parser\lib\index.js:11126:16)
    at FlowParserMixin.parseExprAtom (C:\Users\root\Desktop\projects\public\ciudadan_frontend\node_modules\@babel\parser\lib\index.js:6937:20)
    at FlowParserMixin.parseExprSubscripts (C:\Users\root\Desktop\projects\public\ciudadan_frontend\node_modules\@babel\parser\lib\index.js:10758:23)
    at FlowParserMixin.parseUpdate (C:\Users\root\Desktop\projects\public\ciudadan_frontend\node_modules\@babel\parser\lib\index.js:10743:21)
    at FlowParserMixin.parseMaybeUnary (C:\Users\root\Desktop\projects\public\ciudadan_frontend\node_modules\@babel\parser\lib\index.js:10723:23)
    at FlowParserMixin.parseMaybeUnaryOrPrivate (C:\Users\root\Desktop\projects\public\ciudadan_frontend\node_modules\@babel\parser\lib\index.js:10576:61)
    at FlowParserMixin.parseExprOps (C:\Users\root\Desktop\projects\public\ciudadan_frontend\node_modules\@babel\parser\lib\index.js:10581:23)
    at FlowParserMixin.parseMaybeConditional (C:\Users\root\Desktop\projects\public\ciudadan_frontend\node_modules\@babel\parser\lib\index.js:10558:23)
    at FlowParserMixin.parseMaybeAssign (C:\Users\root\Desktop\projects\public\ciudadan_frontend\node_modules\@babel\parser\lib\index.js:10521:21)
    at FlowParserMixin.parseMaybeAssign (C:\Users\root\Desktop\projects\public\ciudadan_frontend\node_modules\@babel\parser\lib\index.js:5773:18)
    at FlowParserMixin.parseExpressionBase (C:\Users\root\Desktop\projects\public\ciudadan_frontend\node_modules\@babel\parser\lib\index.js:10475:23)
    at C:\Users\root\Desktop\projects\public\ciudadan_frontend\node_modules\@babel\parser\lib\index.js:10471:39
    at FlowParserMixin.allowInAnd (C:\Users\root\Desktop\projects\public\ciudadan_frontend\node_modules\@babel\parser\lib\index.js:12095:16)
    at FlowParserMixin.parseExpression (C:\Users\root\Desktop\projects\public\ciudadan_frontend\node_modules\@babel\parser\lib\index.js:10471:17)
    at FlowParserMixin.parseStatementContent (C:\Users\root\Desktop\projects\public\ciudadan_frontend\node_modules\@babel\parser\lib\index.js:12539:23)
    at FlowParserMixin.parseStatementLike (C:\Users\root\Desktop\projects\public\ciudadan_frontend\node_modules\@babel\parser\lib\index.js:12406:17)
    at FlowParserMixin.parseStatementLike (C:\Users\root\Desktop\projects\public\ciudadan_frontend\node_modules\@babel\parser\lib\index.js:5140:24)
    at FlowParserMixin.parseModuleItem (C:\Users\root\Desktop\projects\public\ciudadan_frontend\node_modules\@babel\parser\lib\index.js:12383:17)
    at FlowParserMixin.parseBlockOrModuleBlockBody (C:\Users\root\Desktop\projects\public\ciudadan_frontend\node_modules\@babel\parser\lib\index.js:12960:36)
    at FlowParserMixin.parseBlockBody (C:\Users\root\Desktop\projects\public\ciudadan_frontend\node_modules\@babel\parser\lib\index.js:12953:10)
    at FlowParserMixin.parseProgram (C:\Users\root\Desktop\projects\public\ciudadan_frontend\node_modules\@babel\parser\lib\index.js:12280:10)
    at FlowParserMixin.parseTopLevel (C:\Users\root\Desktop\projects\public\ciudadan_frontend\node_modules\@babel\parser\lib\index.js:12270:25)
    at FlowParserMixin.parseTopLevel (C:\Users\root\Desktop\projects\public\ciudadan_frontend\node_modules\@babel\parser\lib\index.js:5909:28)
    at FlowParserMixin.parse (C:\Users\root\Desktop\projects\public\ciudadan_frontend\node_modules\@babel\parser\lib\index.js:14120:10)
    at parse (C:\Users\root\Desktop\projects\public\ciudadan_frontend\node_modules\@babel\parser\lib\index.js:14154:38)
    at parser (C:\Users\root\Desktop\projects\public\ciudadan_frontend\node_modules\@babel\core\lib\parser\index.js:41:34)
    at parser.next (<anonymous>)
    at normalizeFile (C:\Users\root\Desktop\projects\public\ciudadan_frontend\node_modules\@babel\core\lib\transformation\normalize-file.js:64:37)
    at normalizeFile.next (<anonymous>)
    at run (C:\Users\root\Desktop\projects\public\ciudadan_frontend\node_modules\@babel\core\lib\transformation\index.js:22:50)
    at run.next (<anonymous>)
    at transform (C:\Users\root\Desktop\projects\public\ciudadan_frontend\node_modules\@babel\core\lib\transform.js:22:33)
    at transform.next (<anonymous>)
    at step (C:\Users\root\Desktop\projects\public\ciudadan_frontend\node_modules\gensync\index.js:261:32)
    at C:\Users\root\Desktop\projects\public\ciudadan_frontend\node_modules\gensync\index.js:273:13
    at async.call.result.err.err (C:\Users\root\Desktop\projects\public\ciudadan_frontend\node_modules\gensync\index.js:223:11)

[1m[31mERROR[39m[22m in [1m[eslint] 
src\services\cowork\mutationsServices.js
  Line 221:2:  Parsing [1m[31merror[39m[22m[1m: [1m[31mUnexpected[39m[22m[1m token (221:2)

[39m[22m

webpack compiled with [1m[31m2 errors[39m[22m and [1m[33m1 warning[39m[22m
Compiling...
Failed to compile.

[eslint] 
src\services\cowork\mutationsServices.js
Syntax error: Unexpected token (221:2) (221:2)
[1m[33mWARNING[39m[22m in [1m[eslint] 
src\Routes\index.jsx
  Line 12:8:   'MarketRoute' is defined but never used          no-unused-vars
  Line 15:8:   'GenRoute' is defined but never used             no-unused-vars
  Line 48:8:   'NavBar' is defined but never used               no-unused-vars
  Line 51:8:   'LmAi' is defined but never used                 no-unused-vars
  Line 52:8:   'TTS' is defined but never used                  no-unused-vars
  Line 53:8:   'TextToSpeech' is defined but never used         no-unused-vars
  Line 97:8:   'ComunidadPage' is defined but never used        no-unused-vars
  Line 113:8:  'RegistroTiendaPage' is defined but never used   no-unused-vars
  Line 177:7:  'WikiLayout' is assigned a value but never used  no-unused-vars

src\components\Cowork\TareasEspecializadas.jsx
  Line 37:3:  'proposeSubarea' is defined but never used  no-unused-vars

[39m[22m

[1m[31mERROR[39m[22m in [1m./src/services/cowork/mutationsServices.js[39m[22m
Module build failed (from ./node_modules/babel-loader/lib/index.js):
SyntaxError: C:\Users\root\Desktop\projects\public\ciudadan_frontend\src\services\cowork\mutationsServices.js: Unexpected token (221:2)

[0m [90m 219 |[39m }[33m;[39m
 [90m 220 |[39m     [32m'No se pudieron asignar las areas'[39m
[31m[1m>[22m[39m[90m 221 |[39m   )[33m;[39m
 [90m     |[39m   [31m[1m^[22m[39m
 [90m 222 |[39m }[33m;[39m
 [90m 223 |[39m[0m
    at constructor (C:\Users\root\Desktop\projects\public\ciudadan_frontend\node_modules\@babel\parser\lib\index.js:360:19)
    at FlowParserMixin.raise (C:\Users\root\Desktop\projects\public\ciudadan_frontend\node_modules\@babel\parser\lib\index.js:3327:19)
    at FlowParserMixin.unexpected (C:\Users\root\Desktop\projects\public\ciudadan_frontend\node_modules\@babel\parser\lib\index.js:3347:16)
    at FlowParserMixin.parseExprAtom (C:\Users\root\Desktop\projects\public\ciudadan_frontend\node_modules\@babel\parser\lib\index.js:11126:16)
    at FlowParserMixin.parseExprAtom (C:\Users\root\Desktop\projects\public\ciudadan_frontend\node_modules\@babel\parser\lib\index.js:6937:20)
    at FlowParserMixin.parseExprSubscripts (C:\Users\root\Desktop\projects\public\ciudadan_frontend\node_modules\@babel\parser\lib\index.js:10758:23)
    at FlowParserMixin.parseUpdate (C:\Users\root\Desktop\projects\public\ciudadan_frontend\node_modules\@babel\parser\lib\index.js:10743:21)
    at FlowParserMixin.parseMaybeUnary (C:\Users\root\Desktop\projects\public\ciudadan_frontend\node_modules\@babel\parser\lib\index.js:10723:23)
    at FlowParserMixin.parseMaybeUnaryOrPrivate (C:\Users\root\Desktop\projects\public\ciudadan_frontend\node_modules\@babel\parser\lib\index.js:10576:61)
    at FlowParserMixin.parseExprOps (C:\Users\root\Desktop\projects\public\ciudadan_frontend\node_modules\@babel\parser\lib\index.js:10581:23)
    at FlowParserMixin.parseMaybeConditional (C:\Users\root\Desktop\projects\public\ciudadan_frontend\node_modules\@babel\parser\lib\index.js:10558:23)
    at FlowParserMixin.parseMaybeAssign (C:\Users\root\Desktop\projects\public\ciudadan_frontend\node_modules\@babel\parser\lib\index.js:10521:21)
    at FlowParserMixin.parseMaybeAssign (C:\Users\root\Desktop\projects\public\ciudadan_frontend\node_modules\@babel\parser\lib\index.js:5773:18)
    at FlowParserMixin.parseExpressionBase (C:\Users\root\Desktop\projects\public\ciudadan_frontend\node_modules\@babel\parser\lib\index.js:10475:23)
    at C:\Users\root\Desktop\projects\public\ciudadan_frontend\node_modules\@babel\parser\lib\index.js:10471:39
    at FlowParserMixin.allowInAnd (C:\Users\root\Desktop\projects\public\ciudadan_frontend\node_modules\@babel\parser\lib\index.js:12095:16)
    at FlowParserMixin.parseExpression (C:\Users\root\Desktop\projects\public\ciudadan_frontend\node_modules\@babel\parser\lib\index.js:10471:17)
    at FlowParserMixin.parseStatementContent (C:\Users\root\Desktop\projects\public\ciudadan_frontend\node_modules\@babel\parser\lib\index.js:12539:23)
    at FlowParserMixin.parseStatementLike (C:\Users\root\Desktop\projects\public\ciudadan_frontend\node_modules\@babel\parser\lib\index.js:12406:17)
    at FlowParserMixin.parseStatementLike (C:\Users\root\Desktop\projects\public\ciudadan_frontend\node_modules\@babel\parser\lib\index.js:5140:24)
    at FlowParserMixin.parseModuleItem (C:\Users\root\Desktop\projects\public\ciudadan_frontend\node_modules\@babel\parser\lib\index.js:12383:17)
    at FlowParserMixin.parseBlockOrModuleBlockBody (C:\Users\root\Desktop\projects\public\ciudadan_frontend\node_modules\@babel\parser\lib\index.js:12960:36)
    at FlowParserMixin.parseBlockBody (C:\Users\root\Desktop\projects\public\ciudadan_frontend\node_modules\@babel\parser\lib\index.js:12953:10)
    at FlowParserMixin.parseProgram (C:\Users\root\Desktop\projects\public\ciudadan_frontend\node_modules\@babel\parser\lib\index.js:12280:10)
    at FlowParserMixin.parseTopLevel (C:\Users\root\Desktop\projects\public\ciudadan_frontend\node_modules\@babel\parser\lib\index.js:12270:25)
    at FlowParserMixin.parseTopLevel (C:\Users\root\Desktop\projects\public\ciudadan_frontend\node_modules\@babel\parser\lib\index.js:5909:28)
    at FlowParserMixin.parse (C:\Users\root\Desktop\projects\public\ciudadan_frontend\node_modules\@babel\parser\lib\index.js:14120:10)
    at parse (C:\Users\root\Desktop\projects\public\ciudadan_frontend\node_modules\@babel\parser\lib\index.js:14154:38)
    at parser (C:\Users\root\Desktop\projects\public\ciudadan_frontend\node_modules\@babel\core\lib\parser\index.js:41:34)
    at parser.next (<anonymous>)
    at normalizeFile (C:\Users\root\Desktop\projects\public\ciudadan_frontend\node_modules\@babel\core\lib\transformation\normalize-file.js:64:37)
    at normalizeFile.next (<anonymous>)
    at run (C:\Users\root\Desktop\projects\public\ciudadan_frontend\node_modules\@babel\core\lib\transformation\index.js:22:50)
    at run.next (<anonymous>)
    at transform (C:\Users\root\Desktop\projects\public\ciudadan_frontend\node_modules\@babel\core\lib\transform.js:22:33)
    at transform.next (<anonymous>)
    at step (C:\Users\root\Desktop\projects\public\ciudadan_frontend\node_modules\gensync\index.js:261:32)
    at C:\Users\root\Desktop\projects\public\ciudadan_frontend\node_modules\gensync\index.js:273:13
    at async.call.result.err.err (C:\Users\root\Desktop\projects\public\ciudadan_frontend\node_modules\gensync\index.js:223:11)

[1m[31mERROR[39m[22m in [1m[eslint] 
src\services\cowork\mutationsServices.js
  Line 221:2:  Parsing [1m[31merror[39m[22m[1m: [1m[31mUnexpected[39m[22m[1m token (221:2)

[39m[22m

webpack compiled with [1m[31m2 errors[39m[22m and [1m[33m1 warning[39m[22m
Compiling...
Failed to compile.

[eslint] 
src\services\cowork\mutationsServices.js
Syntax error: Unexpected token (221:2) (221:2)
[1m[33mWARNING[39m[22m in [1m[eslint] 
src\Routes\index.jsx
  Line 12:8:   'MarketRoute' is defined but never used          no-unused-vars
  Line 15:8:   'GenRoute' is defined but never used             no-unused-vars
  Line 48:8:   'NavBar' is defined but never used               no-unused-vars
  Line 51:8:   'LmAi' is defined but never used                 no-unused-vars
  Line 52:8:   'TTS' is defined but never used                  no-unused-vars
  Line 53:8:   'TextToSpeech' is defined but never used         no-unused-vars
  Line 97:8:   'ComunidadPage' is defined but never used        no-unused-vars
  Line 113:8:  'RegistroTiendaPage' is defined but never used   no-unused-vars
  Line 177:7:  'WikiLayout' is assigned a value but never used  no-unused-vars

src\components\Cowork\TareasEspecializadas.jsx
  Line 573:10:  'proposingSubarea' is assigned a value but never used      no-unused-vars
  Line 574:10:  'proposedError' is assigned a value but never used         no-unused-vars
  Line 575:10:  'proposedSuccess' is assigned a value but never used       no-unused-vars
  Line 577:9:   'handleProposeSubarea' is assigned a value but never used  no-unused-vars

[39m[22m

[1m[31mERROR[39m[22m in [1m./src/services/cowork/mutationsServices.js[39m[22m
Module build failed (from ./node_modules/babel-loader/lib/index.js):
SyntaxError: C:\Users\root\Desktop\projects\public\ciudadan_frontend\src\services\cowork\mutationsServices.js: Unexpected token (221:2)

[0m [90m 219 |[39m }[33m;[39m
 [90m 220 |[39m     [32m'No se pudieron asignar las areas'[39m
[31m[1m>[22m[39m[90m 221 |[39m   )[33m;[39m
 [90m     |[39m   [31m[1m^[22m[39m
 [90m 222 |[39m }[33m;[39m
 [90m 223 |[39m[0m
    at constructor (C:\Users\root\Desktop\projects\public\ciudadan_frontend\node_modules\@babel\parser\lib\index.js:360:19)
    at FlowParserMixin.raise (C:\Users\root\Desktop\projects\public\ciudadan_frontend\node_modules\@babel\parser\lib\index.js:3327:19)
    at FlowParserMixin.unexpected (C:\Users\root\Desktop\projects\public\ciudadan_frontend\node_modules\@babel\parser\lib\index.js:3347:16)
    at FlowParserMixin.parseExprAtom (C:\Users\root\Desktop\projects\public\ciudadan_frontend\node_modules\@babel\parser\lib\index.js:11126:16)
    at FlowParserMixin.parseExprAtom (C:\Users\root\Desktop\projects\public\ciudadan_frontend\node_modules\@babel\parser\lib\index.js:6937:20)
    at FlowParserMixin.parseExprSubscripts (C:\Users\root\Desktop\projects\public\ciudadan_frontend\node_modules\@babel\parser\lib\index.js:10758:23)
    at FlowParserMixin.parseUpdate (C:\Users\root\Desktop\projects\public\ciudadan_frontend\node_modules\@babel\parser\lib\index.js:10743:21)
    at FlowParserMixin.parseMaybeUnary (C:\Users\root\Desktop\projects\public\ciudadan_frontend\node_modules\@babel\parser\lib\index.js:10723:23)
    at FlowParserMixin.parseMaybeUnaryOrPrivate (C:\Users\root\Desktop\projects\public\ciudadan_frontend\node_modules\@babel\parser\lib\index.js:10576:61)
    at FlowParserMixin.parseExprOps (C:\Users\root\Desktop\projects\public\ciudadan_frontend\node_modules\@babel\parser\lib\index.js:10581:23)
    at FlowParserMixin.parseMaybeConditional (C:\Users\root\Desktop\projects\public\ciudadan_frontend\node_modules\@babel\parser\lib\index.js:10558:23)
    at FlowParserMixin.parseMaybeAssign (C:\Users\root\Desktop\projects\public\ciudadan_frontend\node_modules\@babel\parser\lib\index.js:10521:21)
    at FlowParserMixin.parseMaybeAssign (C:\Users\root\Desktop\projects\public\ciudadan_frontend\node_modules\@babel\parser\lib\index.js:5773:18)
    at FlowParserMixin.parseExpressionBase (C:\Users\root\Desktop\projects\public\ciudadan_frontend\node_modules\@babel\parser\lib\index.js:10475:23)
    at C:\Users\root\Desktop\projects\public\ciudadan_frontend\node_modules\@babel\parser\lib\index.js:10471:39
    at FlowParserMixin.allowInAnd (C:\Users\root\Desktop\projects\public\ciudadan_frontend\node_modules\@babel\parser\lib\index.js:12095:16)
    at FlowParserMixin.parseExpression (C:\Users\root\Desktop\projects\public\ciudadan_frontend\node_modules\@babel\parser\lib\index.js:10471:17)
    at FlowParserMixin.parseStatementContent (C:\Users\root\Desktop\projects\public\ciudadan_frontend\node_modules\@babel\parser\lib\index.js:12539:23)
    at FlowParserMixin.parseStatementLike (C:\Users\root\Desktop\projects\public\ciudadan_frontend\node_modules\@babel\parser\lib\index.js:12406:17)
    at FlowParserMixin.parseStatementLike (C:\Users\root\Desktop\projects\public\ciudadan_frontend\node_modules\@babel\parser\lib\index.js:5140:24)
    at FlowParserMixin.parseModuleItem (C:\Users\root\Desktop\projects\public\ciudadan_frontend\node_modules\@babel\parser\lib\index.js:12383:17)
    at FlowParserMixin.parseBlockOrModuleBlockBody (C:\Users\root\Desktop\projects\public\ciudadan_frontend\node_modules\@babel\parser\lib\index.js:12960:36)
    at FlowParserMixin.parseBlockBody (C:\Users\root\Desktop\projects\public\ciudadan_frontend\node_modules\@babel\parser\lib\index.js:12953:10)
    at FlowParserMixin.parseProgram (C:\Users\root\Desktop\projects\public\ciudadan_frontend\node_modules\@babel\parser\lib\index.js:12280:10)
    at FlowParserMixin.parseTopLevel (C:\Users\root\Desktop\projects\public\ciudadan_frontend\node_modules\@babel\parser\lib\index.js:12270:25)
    at FlowParserMixin.parseTopLevel (C:\Users\root\Desktop\projects\public\ciudadan_frontend\node_modules\@babel\parser\lib\index.js:5909:28)
    at FlowParserMixin.parse (C:\Users\root\Desktop\projects\public\ciudadan_frontend\node_modules\@babel\parser\lib\index.js:14120:10)
    at parse (C:\Users\root\Desktop\projects\public\ciudadan_frontend\node_modules\@babel\parser\lib\index.js:14154:38)
    at parser (C:\Users\root\Desktop\projects\public\ciudadan_frontend\node_modules\@babel\core\lib\parser\index.js:41:34)
    at parser.next (<anonymous>)
    at normalizeFile (C:\Users\root\Desktop\projects\public\ciudadan_frontend\node_modules\@babel\core\lib\transformation\normalize-file.js:64:37)
    at normalizeFile.next (<anonymous>)
    at run (C:\Users\root\Desktop\projects\public\ciudadan_frontend\node_modules\@babel\core\lib\transformation\index.js:22:50)
    at run.next (<anonymous>)
    at transform (C:\Users\root\Desktop\projects\public\ciudadan_frontend\node_modules\@babel\core\lib\transform.js:22:33)
    at transform.next (<anonymous>)
    at step (C:\Users\root\Desktop\projects\public\ciudadan_frontend\node_modules\gensync\index.js:261:32)
    at C:\Users\root\Desktop\projects\public\ciudadan_frontend\node_modules\gensync\index.js:273:13
    at async.call.result.err.err (C:\Users\root\Desktop\projects\public\ciudadan_frontend\node_modules\gensync\index.js:223:11)

[1m[31mERROR[39m[22m in [1m[eslint] 
src\services\cowork\mutationsServices.js
  Line 221:2:  Parsing [1m[31merror[39m[22m[1m: [1m[31mUnexpected[39m[22m[1m token (221:2)

[39m[22m

webpack compiled with [1m[31m2 errors[39m[22m and [1m[33m1 warning[39m[22m
Compiling...
Failed to compile.

[eslint] 
src\services\cowork\mutationsServices.js
Syntax error: Unexpected token (221:2) (221:2)
[1m[33mWARNING[39m[22m in [1m[eslint] 
src\Routes\index.jsx
  Line 12:8:   'MarketRoute' is defined but never used          no-unused-vars
  Line 15:8:   'GenRoute' is defined but never used             no-unused-vars
  Line 48:8:   'NavBar' is defined but never used               no-unused-vars
  Line 51:8:   'LmAi' is defined but never used                 no-unused-vars
  Line 52:8:   'TTS' is defined but never used                  no-unused-vars
  Line 53:8:   'TextToSpeech' is defined but never used         no-unused-vars
  Line 97:8:   'ComunidadPage' is defined but never used        no-unused-vars
  Line 113:8:  'RegistroTiendaPage' is defined but never used   no-unused-vars
  Line 177:7:  'WikiLayout' is assigned a value but never used  no-unused-vars

[39m[22m

[1m[31mERROR[39m[22m in [1m./src/services/cowork/mutationsServices.js[39m[22m
Module build failed (from ./node_modules/babel-loader/lib/index.js):
SyntaxError: C:\Users\root\Desktop\projects\public\ciudadan_frontend\src\services\cowork\mutationsServices.js: Unexpected token (221:2)

[0m [90m 219 |[39m }[33m;[39m
 [90m 220 |[39m     [32m'No se pudieron asignar las areas'[39m
[31m[1m>[22m[39m[90m 221 |[39m   )[33m;[39m
 [90m     |[39m   [31m[1m^[22m[39m
 [90m 222 |[39m }[33m;[39m
 [90m 223 |[39m[0m
    at constructor (C:\Users\root\Desktop\projects\public\ciudadan_frontend\node_modules\@babel\parser\lib\index.js:360:19)
    at FlowParserMixin.raise (C:\Users\root\Desktop\projects\public\ciudadan_frontend\node_modules\@babel\parser\lib\index.js:3327:19)
    at FlowParserMixin.unexpected (C:\Users\root\Desktop\projects\public\ciudadan_frontend\node_modules\@babel\parser\lib\index.js:3347:16)
    at FlowParserMixin.parseExprAtom (C:\Users\root\Desktop\projects\public\ciudadan_frontend\node_modules\@babel\parser\lib\index.js:11126:16)
    at FlowParserMixin.parseExprAtom (C:\Users\root\Desktop\projects\public\ciudadan_frontend\node_modules\@babel\parser\lib\index.js:6937:20)
    at FlowParserMixin.parseExprSubscripts (C:\Users\root\Desktop\projects\public\ciudadan_frontend\node_modules\@babel\parser\lib\index.js:10758:23)
    at FlowParserMixin.parseUpdate (C:\Users\root\Desktop\projects\public\ciudadan_frontend\node_modules\@babel\parser\lib\index.js:10743:21)
    at FlowParserMixin.parseMaybeUnary (C:\Users\root\Desktop\projects\public\ciudadan_frontend\node_modules\@babel\parser\lib\index.js:10723:23)
    at FlowParserMixin.parseMaybeUnaryOrPrivate (C:\Users\root\Desktop\projects\public\ciudadan_frontend\node_modules\@babel\parser\lib\index.js:10576:61)
    at FlowParserMixin.parseExprOps (C:\Users\root\Desktop\projects\public\ciudadan_frontend\node_modules\@babel\parser\lib\index.js:10581:23)
    at FlowParserMixin.parseMaybeConditional (C:\Users\root\Desktop\projects\public\ciudadan_frontend\node_modules\@babel\parser\lib\index.js:10558:23)
    at FlowParserMixin.parseMaybeAssign (C:\Users\root\Desktop\projects\public\ciudadan_frontend\node_modules\@babel\parser\lib\index.js:10521:21)
    at FlowParserMixin.parseMaybeAssign (C:\Users\root\Desktop\projects\public\ciudadan_frontend\node_modules\@babel\parser\lib\index.js:5773:18)
    at FlowParserMixin.parseExpressionBase (C:\Users\root\Desktop\projects\public\ciudadan_frontend\node_modules\@babel\parser\lib\index.js:10475:23)
    at C:\Users\root\Desktop\projects\public\ciudadan_frontend\node_modules\@babel\parser\lib\index.js:10471:39
    at FlowParserMixin.allowInAnd (C:\Users\root\Desktop\projects\public\ciudadan_frontend\node_modules\@babel\parser\lib\index.js:12095:16)
    at FlowParserMixin.parseExpression (C:\Users\root\Desktop\projects\public\ciudadan_frontend\node_modules\@babel\parser\lib\index.js:10471:17)
    at FlowParserMixin.parseStatementContent (C:\Users\root\Desktop\projects\public\ciudadan_frontend\node_modules\@babel\parser\lib\index.js:12539:23)
    at FlowParserMixin.parseStatementLike (C:\Users\root\Desktop\projects\public\ciudadan_frontend\node_modules\@babel\parser\lib\index.js:12406:17)
    at FlowParserMixin.parseStatementLike (C:\Users\root\Desktop\projects\public\ciudadan_frontend\node_modules\@babel\parser\lib\index.js:5140:24)
    at FlowParserMixin.parseModuleItem (C:\Users\root\Desktop\projects\public\ciudadan_frontend\node_modules\@babel\parser\lib\index.js:12383:17)
    at FlowParserMixin.parseBlockOrModuleBlockBody (C:\Users\root\Desktop\projects\public\ciudadan_frontend\node_modules\@babel\parser\lib\index.js:12960:36)
    at FlowParserMixin.parseBlockBody (C:\Users\root\Desktop\projects\public\ciudadan_frontend\node_modules\@babel\parser\lib\index.js:12953:10)
    at FlowParserMixin.parseProgram (C:\Users\root\Desktop\projects\public\ciudadan_frontend\node_modules\@babel\parser\lib\index.js:12280:10)
    at FlowParserMixin.parseTopLevel (C:\Users\root\Desktop\projects\public\ciudadan_frontend\node_modules\@babel\parser\lib\index.js:12270:25)
    at FlowParserMixin.parseTopLevel (C:\Users\root\Desktop\projects\public\ciudadan_frontend\node_modules\@babel\parser\lib\index.js:5909:28)
    at FlowParserMixin.parse (C:\Users\root\Desktop\projects\public\ciudadan_frontend\node_modules\@babel\parser\lib\index.js:14120:10)
    at parse (C:\Users\root\Desktop\projects\public\ciudadan_frontend\node_modules\@babel\parser\lib\index.js:14154:38)
    at parser (C:\Users\root\Desktop\projects\public\ciudadan_frontend\node_modules\@babel\core\lib\parser\index.js:41:34)
    at parser.next (<anonymous>)
    at normalizeFile (C:\Users\root\Desktop\projects\public\ciudadan_frontend\node_modules\@babel\core\lib\transformation\normalize-file.js:64:37)
    at normalizeFile.next (<anonymous>)
    at run (C:\Users\root\Desktop\projects\public\ciudadan_frontend\node_modules\@babel\core\lib\transformation\index.js:22:50)
    at run.next (<anonymous>)
    at transform (C:\Users\root\Desktop\projects\public\ciudadan_frontend\node_modules\@babel\core\lib\transform.js:22:33)
    at transform.next (<anonymous>)
    at step (C:\Users\root\Desktop\projects\public\ciudadan_frontend\node_modules\gensync\index.js:261:32)
    at C:\Users\root\Desktop\projects\public\ciudadan_frontend\node_modules\gensync\index.js:273:13
    at async.call.result.err.err (C:\Users\root\Desktop\projects\public\ciudadan_frontend\node_modules\gensync\index.js:223:11)

[1m[31mERROR[39m[22m in [1m[eslint] 
src\services\cowork\mutationsServices.js
  Line 221:2:  Parsing [1m[31merror[39m[22m[1m: [1m[31mUnexpected[39m[22m[1m token (221:2)

[39m[22m

webpack compiled with [1m[31m2 errors[39m[22m and [1m[33m1 warning[39m[22m
Compiling...
Compiled with warnings.

[eslint] 
src\Routes\index.jsx
  Line 12:8:   'MarketRoute' is defined but never used          no-unused-vars
  Line 15:8:   'GenRoute' is defined but never used             no-unused-vars
  Line 48:8:   'NavBar' is defined but never used               no-unused-vars
  Line 51:8:   'LmAi' is defined but never used                 no-unused-vars
  Line 52:8:   'TTS' is defined but never used                  no-unused-vars
  Line 53:8:   'TextToSpeech' is defined but never used         no-unused-vars
  Line 97:8:   'ComunidadPage' is defined but never used        no-unused-vars
  Line 113:8:  'RegistroTiendaPage' is defined but never used   no-unused-vars
  Line 177:7:  'WikiLayout' is assigned a value but never used  no-unused-vars

Search for the keywords to learn more about each warning.
To ignore, add // eslint-disable-next-line to the line before.

[1m[33mWARNING[39m[22m in [1m[eslint] 
src\Routes\index.jsx
  Line 12:8:   'MarketRoute' is defined but never used          no-unused-vars
  Line 15:8:   'GenRoute' is defined but never used             no-unused-vars
  Line 48:8:   'NavBar' is defined but never used               no-unused-vars
  Line 51:8:   'LmAi' is defined but never used                 no-unused-vars
  Line 52:8:   'TTS' is defined but never used                  no-unused-vars
  Line 53:8:   'TextToSpeech' is defined but never used         no-unused-vars
  Line 97:8:   'ComunidadPage' is defined but never used        no-unused-vars
  Line 113:8:  'RegistroTiendaPage' is defined but never used   no-unused-vars
  Line 177:7:  'WikiLayout' is assigned a value but never used  no-unused-vars

[39m[22m

webpack compiled with [1m[33m1 warning[39m[22m
Compiling...
Compiled with warnings.

[eslint] 
src\Routes\index.jsx
  Line 12:8:   'MarketRoute' is defined but never used          no-unused-vars
  Line 15:8:   'GenRoute' is defined but never used             no-unused-vars
  Line 48:8:   'NavBar' is defined but never used               no-unused-vars
  Line 51:8:   'LmAi' is defined but never used                 no-unused-vars
  Line 52:8:   'TTS' is defined but never used                  no-unused-vars
  Line 53:8:   'TextToSpeech' is defined but never used         no-unused-vars
  Line 97:8:   'ComunidadPage' is defined but never used        no-unused-vars
  Line 113:8:  'RegistroTiendaPage' is defined but never used   no-unused-vars
  Line 177:7:  'WikiLayout' is assigned a value but never used  no-unused-vars

Search for the keywords to learn more about each warning.
To ignore, add // eslint-disable-next-line to the line before.

[1m[33mWARNING[39m[22m in [1m[eslint] 
src\Routes\index.jsx
  Line 12:8:   'MarketRoute' is defined but never used          no-unused-vars
  Line 15:8:   'GenRoute' is defined but never used             no-unused-vars
  Line 48:8:   'NavBar' is defined but never used               no-unused-vars
  Line 51:8:   'LmAi' is defined but never used                 no-unused-vars
  Line 52:8:   'TTS' is defined but never used                  no-unused-vars
  Line 53:8:   'TextToSpeech' is defined but never used         no-unused-vars
  Line 97:8:   'ComunidadPage' is defined but never used        no-unused-vars
  Line 113:8:  'RegistroTiendaPage' is defined but never used   no-unused-vars
  Line 177:7:  'WikiLayout' is assigned a value but never used  no-unused-vars

[39m[22m

webpack compiled with [1m[33m1 warning[39m[22m
Compiling...
Compiled with warnings.

[eslint] 
src\Routes\index.jsx
  Line 12:8:   'MarketRoute' is defined but never used          no-unused-vars
  Line 15:8:   'GenRoute' is defined but never used             no-unused-vars
  Line 48:8:   'NavBar' is defined but never used               no-unused-vars
  Line 51:8:   'LmAi' is defined but never used                 no-unused-vars
  Line 52:8:   'TTS' is defined but never used                  no-unused-vars
  Line 53:8:   'TextToSpeech' is defined but never used         no-unused-vars
  Line 97:8:   'ComunidadPage' is defined but never used        no-unused-vars
  Line 113:8:  'RegistroTiendaPage' is defined but never used   no-unused-vars
  Line 177:7:  'WikiLayout' is assigned a value but never used  no-unused-vars

src\components\Cowork\Tareas.jsx
  Line 13:10:  'getTodoStatusLabel' is defined but never used  no-unused-vars

Search for the keywords to learn more about each warning.
To ignore, add // eslint-disable-next-line to the line before.

[1m[33mWARNING[39m[22m in [1m[eslint] 
src\Routes\index.jsx
  Line 12:8:   'MarketRoute' is defined but never used          no-unused-vars
  Line 15:8:   'GenRoute' is defined but never used             no-unused-vars
  Line 48:8:   'NavBar' is defined but never used               no-unused-vars
  Line 51:8:   'LmAi' is defined but never used                 no-unused-vars
  Line 52:8:   'TTS' is defined but never used                  no-unused-vars
  Line 53:8:   'TextToSpeech' is defined but never used         no-unused-vars
  Line 97:8:   'ComunidadPage' is defined but never used        no-unused-vars
  Line 113:8:  'RegistroTiendaPage' is defined but never used   no-unused-vars
  Line 177:7:  'WikiLayout' is assigned a value but never used  no-unused-vars

src\components\Cowork\Tareas.jsx
  Line 13:10:  'getTodoStatusLabel' is defined but never used  no-unused-vars

[39m[22m

webpack compiled with [1m[33m1 warning[39m[22m
Compiling...
Compiled with warnings.

[eslint] 
src\Routes\index.jsx
  Line 12:8:   'MarketRoute' is defined but never used          no-unused-vars
  Line 15:8:   'GenRoute' is defined but never used             no-unused-vars
  Line 48:8:   'NavBar' is defined but never used               no-unused-vars
  Line 51:8:   'LmAi' is defined but never used                 no-unused-vars
  Line 52:8:   'TTS' is defined but never used                  no-unused-vars
  Line 53:8:   'TextToSpeech' is defined but never used         no-unused-vars
  Line 97:8:   'ComunidadPage' is defined but never used        no-unused-vars
  Line 113:8:  'RegistroTiendaPage' is defined but never used   no-unused-vars
  Line 177:7:  'WikiLayout' is assigned a value but never used  no-unused-vars

Search for the keywords to learn more about each warning.
To ignore, add // eslint-disable-next-line to the line before.

[1m[33mWARNING[39m[22m in [1m[eslint] 
src\Routes\index.jsx
  Line 12:8:   'MarketRoute' is defined but never used          no-unused-vars
  Line 15:8:   'GenRoute' is defined but never used             no-unused-vars
  Line 48:8:   'NavBar' is defined but never used               no-unused-vars
  Line 51:8:   'LmAi' is defined but never used                 no-unused-vars
  Line 52:8:   'TTS' is defined but never used                  no-unused-vars
  Line 53:8:   'TextToSpeech' is defined but never used         no-unused-vars
  Line 97:8:   'ComunidadPage' is defined but never used        no-unused-vars
  Line 113:8:  'RegistroTiendaPage' is defined but never used   no-unused-vars
  Line 177:7:  'WikiLayout' is assigned a value but never used  no-unused-vars

[39m[22m

webpack compiled with [1m[33m1 warning[39m[22m
Compiling...
Compiled with warnings.

[eslint] 
src\Pages\Herramientas\GestionTareas.jsx
  Line 8:10:  'getResolucionStatusLabel' is defined but never used  no-unused-vars

src\Routes\index.jsx
  Line 12:8:   'MarketRoute' is defined but never used          no-unused-vars
  Line 15:8:   'GenRoute' is defined but never used             no-unused-vars
  Line 48:8:   'NavBar' is defined but never used               no-unused-vars
  Line 51:8:   'LmAi' is defined but never used                 no-unused-vars
  Line 52:8:   'TTS' is defined but never used                  no-unused-vars
  Line 53:8:   'TextToSpeech' is defined but never used         no-unused-vars
  Line 97:8:   'ComunidadPage' is defined but never used        no-unused-vars
  Line 113:8:  'RegistroTiendaPage' is defined but never used   no-unused-vars
  Line 177:7:  'WikiLayout' is assigned a value but never used  no-unused-vars

Search for the keywords to learn more about each warning.
To ignore, add // eslint-disable-next-line to the line before.

[1m[33mWARNING[39m[22m in [1m[eslint] 
src\Pages\Herramientas\GestionTareas.jsx
  Line 8:10:  'getResolucionStatusLabel' is defined but never used  no-unused-vars

src\Routes\index.jsx
  Line 12:8:   'MarketRoute' is defined but never used          no-unused-vars
  Line 15:8:   'GenRoute' is defined but never used             no-unused-vars
  Line 48:8:   'NavBar' is defined but never used               no-unused-vars
  Line 51:8:   'LmAi' is defined but never used                 no-unused-vars
  Line 52:8:   'TTS' is defined but never used                  no-unused-vars
  Line 53:8:   'TextToSpeech' is defined but never used         no-unused-vars
  Line 97:8:   'ComunidadPage' is defined but never used        no-unused-vars
  Line 113:8:  'RegistroTiendaPage' is defined but never used   no-unused-vars
  Line 177:7:  'WikiLayout' is assigned a value but never used  no-unused-vars

[39m[22m

webpack compiled with [1m[33m1 warning[39m[22m
Compiling...
Compiled with warnings.

[eslint] 
src\Routes\index.jsx
  Line 12:8:   'MarketRoute' is defined but never used          no-unused-vars
  Line 15:8:   'GenRoute' is defined but never used             no-unused-vars
  Line 48:8:   'NavBar' is defined but never used               no-unused-vars
  Line 51:8:   'LmAi' is defined but never used                 no-unused-vars
  Line 52:8:   'TTS' is defined but never used                  no-unused-vars
  Line 53:8:   'TextToSpeech' is defined but never used         no-unused-vars
  Line 97:8:   'ComunidadPage' is defined but never used        no-unused-vars
  Line 113:8:  'RegistroTiendaPage' is defined but never used   no-unused-vars
  Line 177:7:  'WikiLayout' is assigned a value but never used  no-unused-vars

Search for the keywords to learn more about each warning.
To ignore, add // eslint-disable-next-line to the line before.

[1m[33mWARNING[39m[22m in [1m[eslint] 
src\Routes\index.jsx
  Line 12:8:   'MarketRoute' is defined but never used          no-unused-vars
  Line 15:8:   'GenRoute' is defined but never used             no-unused-vars
  Line 48:8:   'NavBar' is defined but never used               no-unused-vars
  Line 51:8:   'LmAi' is defined but never used                 no-unused-vars
  Line 52:8:   'TTS' is defined but never used                  no-unused-vars
  Line 53:8:   'TextToSpeech' is defined but never used         no-unused-vars
  Line 97:8:   'ComunidadPage' is defined but never used        no-unused-vars
  Line 113:8:  'RegistroTiendaPage' is defined but never used   no-unused-vars
  Line 177:7:  'WikiLayout' is assigned a value but never used  no-unused-vars

[39m[22m

webpack compiled with [1m[33m1 warning[39m[22m
Compiling...
Compiled with warnings.

[eslint] 
src\Pages\Herramientas\CorregirTarea.jsx
  Line 5:10:  'getResolucionStatusLabel' is defined but never used  no-unused-vars

src\Routes\index.jsx
  Line 12:8:   'MarketRoute' is defined but never used          no-unused-vars
  Line 15:8:   'GenRoute' is defined but never used             no-unused-vars
  Line 48:8:   'NavBar' is defined but never used               no-unused-vars
  Line 51:8:   'LmAi' is defined but never used                 no-unused-vars
  Line 52:8:   'TTS' is defined but never used                  no-unused-vars
  Line 53:8:   'TextToSpeech' is defined but never used         no-unused-vars
  Line 97:8:   'ComunidadPage' is defined but never used        no-unused-vars
  Line 113:8:  'RegistroTiendaPage' is defined but never used   no-unused-vars
  Line 177:7:  'WikiLayout' is assigned a value but never used  no-unused-vars

Search for the keywords to learn more about each warning.
To ignore, add // eslint-disable-next-line to the line before.

[1m[33mWARNING[39m[22m in [1m[eslint] 
src\Pages\Herramientas\CorregirTarea.jsx
  Line 5:10:  'getResolucionStatusLabel' is defined but never used  no-unused-vars

src\Routes\index.jsx
  Line 12:8:   'MarketRoute' is defined but never used          no-unused-vars
  Line 15:8:   'GenRoute' is defined but never used             no-unused-vars
  Line 48:8:   'NavBar' is defined but never used               no-unused-vars
  Line 51:8:   'LmAi' is defined but never used                 no-unused-vars
  Line 52:8:   'TTS' is defined but never used                  no-unused-vars
  Line 53:8:   'TextToSpeech' is defined but never used         no-unused-vars
  Line 97:8:   'ComunidadPage' is defined but never used        no-unused-vars
  Line 113:8:  'RegistroTiendaPage' is defined but never used   no-unused-vars
  Line 177:7:  'WikiLayout' is assigned a value but never used  no-unused-vars

[39m[22m

webpack compiled with [1m[33m1 warning[39m[22m
Compiling...
Compiled with warnings.

[eslint] 
src\Routes\index.jsx
  Line 12:8:   'MarketRoute' is defined but never used          no-unused-vars
  Line 15:8:   'GenRoute' is defined but never used             no-unused-vars
  Line 48:8:   'NavBar' is defined but never used               no-unused-vars
  Line 51:8:   'LmAi' is defined but never used                 no-unused-vars
  Line 52:8:   'TTS' is defined but never used                  no-unused-vars
  Line 53:8:   'TextToSpeech' is defined but never used         no-unused-vars
  Line 97:8:   'ComunidadPage' is defined but never used        no-unused-vars
  Line 113:8:  'RegistroTiendaPage' is defined but never used   no-unused-vars
  Line 177:7:  'WikiLayout' is assigned a value but never used  no-unused-vars

Search for the keywords to learn more about each warning.
To ignore, add // eslint-disable-next-line to the line before.

[1m[33mWARNING[39m[22m in [1m[eslint] 
src\Routes\index.jsx
  Line 12:8:   'MarketRoute' is defined but never used          no-unused-vars
  Line 15:8:   'GenRoute' is defined but never used             no-unused-vars
  Line 48:8:   'NavBar' is defined but never used               no-unused-vars
  Line 51:8:   'LmAi' is defined but never used                 no-unused-vars
  Line 52:8:   'TTS' is defined but never used                  no-unused-vars
  Line 53:8:   'TextToSpeech' is defined but never used         no-unused-vars
  Line 97:8:   'ComunidadPage' is defined but never used        no-unused-vars
  Line 113:8:  'RegistroTiendaPage' is defined but never used   no-unused-vars
  Line 177:7:  'WikiLayout' is assigned a value but never used  no-unused-vars

[39m[22m

webpack compiled with [1m[33m1 warning[39m[22m
Compiling...
Compiled with warnings.

[eslint] 
src\Pages\Herramientas\CalificarTarea.jsx
  Line 5:10:  'getResolucionStatusLabel' is defined but never used  no-unused-vars

src\Routes\index.jsx
  Line 12:8:   'MarketRoute' is defined but never used          no-unused-vars
  Line 15:8:   'GenRoute' is defined but never used             no-unused-vars
  Line 48:8:   'NavBar' is defined but never used               no-unused-vars
  Line 51:8:   'LmAi' is defined but never used                 no-unused-vars
  Line 52:8:   'TTS' is defined but never used                  no-unused-vars
  Line 53:8:   'TextToSpeech' is defined but never used         no-unused-vars
  Line 97:8:   'ComunidadPage' is defined but never used        no-unused-vars
  Line 113:8:  'RegistroTiendaPage' is defined but never used   no-unused-vars
  Line 177:7:  'WikiLayout' is assigned a value but never used  no-unused-vars

Search for the keywords to learn more about each warning.
To ignore, add // eslint-disable-next-line to the line before.

[1m[33mWARNING[39m[22m in [1m[eslint] 
src\Pages\Herramientas\CalificarTarea.jsx
  Line 5:10:  'getResolucionStatusLabel' is defined but never used  no-unused-vars

src\Routes\index.jsx
  Line 12:8:   'MarketRoute' is defined but never used          no-unused-vars
  Line 15:8:   'GenRoute' is defined but never used             no-unused-vars
  Line 48:8:   'NavBar' is defined but never used               no-unused-vars
  Line 51:8:   'LmAi' is defined but never used                 no-unused-vars
  Line 52:8:   'TTS' is defined but never used                  no-unused-vars
  Line 53:8:   'TextToSpeech' is defined but never used         no-unused-vars
  Line 97:8:   'ComunidadPage' is defined but never used        no-unused-vars
  Line 113:8:  'RegistroTiendaPage' is defined but never used   no-unused-vars
  Line 177:7:  'WikiLayout' is assigned a value but never used  no-unused-vars

[39m[22m

webpack compiled with [1m[33m1 warning[39m[22m
Compiling...
Compiled with warnings.

[eslint] 
src\Routes\index.jsx
  Line 12:8:   'MarketRoute' is defined but never used          no-unused-vars
  Line 15:8:   'GenRoute' is defined but never used             no-unused-vars
  Line 48:8:   'NavBar' is defined but never used               no-unused-vars
  Line 51:8:   'LmAi' is defined but never used                 no-unused-vars
  Line 52:8:   'TTS' is defined but never used                  no-unused-vars
  Line 53:8:   'TextToSpeech' is defined but never used         no-unused-vars
  Line 97:8:   'ComunidadPage' is defined but never used        no-unused-vars
  Line 113:8:  'RegistroTiendaPage' is defined but never used   no-unused-vars
  Line 177:7:  'WikiLayout' is assigned a value but never used  no-unused-vars

Search for the keywords to learn more about each warning.
To ignore, add // eslint-disable-next-line to the line before.

[1m[33mWARNING[39m[22m in [1m[eslint] 
src\Routes\index.jsx
  Line 12:8:   'MarketRoute' is defined but never used          no-unused-vars
  Line 15:8:   'GenRoute' is defined but never used             no-unused-vars
  Line 48:8:   'NavBar' is defined but never used               no-unused-vars
  Line 51:8:   'LmAi' is defined but never used                 no-unused-vars
  Line 52:8:   'TTS' is defined but never used                  no-unused-vars
  Line 53:8:   'TextToSpeech' is defined but never used         no-unused-vars
  Line 97:8:   'ComunidadPage' is defined but never used        no-unused-vars
  Line 113:8:  'RegistroTiendaPage' is defined but never used   no-unused-vars
  Line 177:7:  'WikiLayout' is assigned a value but never used  no-unused-vars

[39m[22m

webpack compiled with [1m[33m1 warning[39m[22m
Compiling...
Compiled with warnings.

[eslint] 
src\Pages\Coowork\Coowork.jsx
  Line 37:32:  'EmptyState' is defined but never used  no-unused-vars

src\Routes\index.jsx
  Line 12:8:   'MarketRoute' is defined but never used          no-unused-vars
  Line 15:8:   'GenRoute' is defined but never used             no-unused-vars
  Line 48:8:   'NavBar' is defined but never used               no-unused-vars
  Line 51:8:   'LmAi' is defined but never used                 no-unused-vars
  Line 52:8:   'TTS' is defined but never used                  no-unused-vars
  Line 53:8:   'TextToSpeech' is defined but never used         no-unused-vars
  Line 97:8:   'ComunidadPage' is defined but never used        no-unused-vars
  Line 113:8:  'RegistroTiendaPage' is defined but never used   no-unused-vars
  Line 177:7:  'WikiLayout' is assigned a value but never used  no-unused-vars

Search for the keywords to learn more about each warning.
To ignore, add // eslint-disable-next-line to the line before.

[1m[33mWARNING[39m[22m in [1m[eslint] 
src\Pages\Coowork\Coowork.jsx
  Line 37:32:  'EmptyState' is defined but never used  no-unused-vars

src\Routes\index.jsx
  Line 12:8:   'MarketRoute' is defined but never used          no-unused-vars
  Line 15:8:   'GenRoute' is defined but never used             no-unused-vars
  Line 48:8:   'NavBar' is defined but never used               no-unused-vars
  Line 51:8:   'LmAi' is defined but never used                 no-unused-vars
  Line 52:8:   'TTS' is defined but never used                  no-unused-vars
  Line 53:8:   'TextToSpeech' is defined but never used         no-unused-vars
  Line 97:8:   'ComunidadPage' is defined but never used        no-unused-vars
  Line 113:8:  'RegistroTiendaPage' is defined but never used   no-unused-vars
  Line 177:7:  'WikiLayout' is assigned a value but never used  no-unused-vars

[39m[22m

webpack compiled with [1m[33m1 warning[39m[22m
Compiling...
Compiled with warnings.

[eslint] 
src\Pages\Coowork\Coowork.jsx
  Line 37:32:  'EmptyState' is defined but never used  no-unused-vars

src\Routes\index.jsx
  Line 12:8:   'MarketRoute' is defined but never used          no-unused-vars
  Line 15:8:   'GenRoute' is defined but never used             no-unused-vars
  Line 48:8:   'NavBar' is defined but never used               no-unused-vars
  Line 51:8:   'LmAi' is defined but never used                 no-unused-vars
  Line 52:8:   'TTS' is defined but never used                  no-unused-vars
  Line 53:8:   'TextToSpeech' is defined but never used         no-unused-vars
  Line 97:8:   'ComunidadPage' is defined but never used        no-unused-vars
  Line 113:8:  'RegistroTiendaPage' is defined but never used   no-unused-vars
  Line 177:7:  'WikiLayout' is assigned a value but never used  no-unused-vars

Search for the keywords to learn more about each warning.
To ignore, add // eslint-disable-next-line to the line before.

[1m[33mWARNING[39m[22m in [1m[eslint] 
src\Pages\Coowork\Coowork.jsx
  Line 37:32:  'EmptyState' is defined but never used  no-unused-vars

src\Routes\index.jsx
  Line 12:8:   'MarketRoute' is defined but never used          no-unused-vars
  Line 15:8:   'GenRoute' is defined but never used             no-unused-vars
  Line 48:8:   'NavBar' is defined but never used               no-unused-vars
  Line 51:8:   'LmAi' is defined but never used                 no-unused-vars
  Line 52:8:   'TTS' is defined but never used                  no-unused-vars
  Line 53:8:   'TextToSpeech' is defined but never used         no-unused-vars
  Line 97:8:   'ComunidadPage' is defined but never used        no-unused-vars
  Line 113:8:  'RegistroTiendaPage' is defined but never used   no-unused-vars
  Line 177:7:  'WikiLayout' is assigned a value but never used  no-unused-vars

[39m[22m

webpack compiled with [1m[33m1 warning[39m[22m
Compiling...
Compiled with warnings.

[eslint] 
src\Pages\Coowork\Coowork.jsx
  Line 37:32:  'EmptyState' is defined but never used  no-unused-vars

src\Routes\index.jsx
  Line 12:8:   'MarketRoute' is defined but never used          no-unused-vars
  Line 15:8:   'GenRoute' is defined but never used             no-unused-vars
  Line 48:8:   'NavBar' is defined but never used               no-unused-vars
  Line 51:8:   'LmAi' is defined but never used                 no-unused-vars
  Line 52:8:   'TTS' is defined but never used                  no-unused-vars
  Line 53:8:   'TextToSpeech' is defined but never used         no-unused-vars
  Line 97:8:   'ComunidadPage' is defined but never used        no-unused-vars
  Line 113:8:  'RegistroTiendaPage' is defined but never used   no-unused-vars
  Line 177:7:  'WikiLayout' is assigned a value but never used  no-unused-vars

src\hooks\useTarea.jsx
  Line 291:9:  'apelarTarea' is assigned a value but never used  no-unused-vars

Search for the keywords to learn more about each warning.
To ignore, add // eslint-disable-next-line to the line before.

[1m[33mWARNING[39m[22m in [1m[eslint] 
src\Pages\Coowork\Coowork.jsx
  Line 37:32:  'EmptyState' is defined but never used  no-unused-vars

src\Routes\index.jsx
  Line 12:8:   'MarketRoute' is defined but never used          no-unused-vars
  Line 15:8:   'GenRoute' is defined but never used             no-unused-vars
  Line 48:8:   'NavBar' is defined but never used               no-unused-vars
  Line 51:8:   'LmAi' is defined but never used                 no-unused-vars
  Line 52:8:   'TTS' is defined but never used                  no-unused-vars
  Line 53:8:   'TextToSpeech' is defined but never used         no-unused-vars
  Line 97:8:   'ComunidadPage' is defined but never used        no-unused-vars
  Line 113:8:  'RegistroTiendaPage' is defined but never used   no-unused-vars
  Line 177:7:  'WikiLayout' is assigned a value but never used  no-unused-vars

src\hooks\useTarea.jsx
  Line 291:9:  'apelarTarea' is assigned a value but never used  no-unused-vars

[39m[22m

webpack compiled with [1m[33m1 warning[39m[22m
Compiling...
Compiled with warnings.

[eslint] 
src\Pages\Coowork\Coowork.jsx
  Line 37:32:  'EmptyState' is defined but never used  no-unused-vars

src\Routes\index.jsx
  Line 12:8:   'MarketRoute' is defined but never used          no-unused-vars
  Line 15:8:   'GenRoute' is defined but never used             no-unused-vars
  Line 48:8:   'NavBar' is defined but never used               no-unused-vars
  Line 51:8:   'LmAi' is defined but never used                 no-unused-vars
  Line 52:8:   'TTS' is defined but never used                  no-unused-vars
  Line 53:8:   'TextToSpeech' is defined but never used         no-unused-vars
  Line 97:8:   'ComunidadPage' is defined but never used        no-unused-vars
  Line 113:8:  'RegistroTiendaPage' is defined but never used   no-unused-vars
  Line 177:7:  'WikiLayout' is assigned a value but never used  no-unused-vars

Search for the keywords to learn more about each warning.
To ignore, add // eslint-disable-next-line to the line before.

[1m[33mWARNING[39m[22m in [1m[eslint] 
src\Pages\Coowork\Coowork.jsx
  Line 37:32:  'EmptyState' is defined but never used  no-unused-vars

src\Routes\index.jsx
  Line 12:8:   'MarketRoute' is defined but never used          no-unused-vars
  Line 15:8:   'GenRoute' is defined but never used             no-unused-vars
  Line 48:8:   'NavBar' is defined but never used               no-unused-vars
  Line 51:8:   'LmAi' is defined but never used                 no-unused-vars
  Line 52:8:   'TTS' is defined but never used                  no-unused-vars
  Line 53:8:   'TextToSpeech' is defined but never used         no-unused-vars
  Line 97:8:   'ComunidadPage' is defined but never used        no-unused-vars
  Line 113:8:  'RegistroTiendaPage' is defined but never used   no-unused-vars
  Line 177:7:  'WikiLayout' is assigned a value but never used  no-unused-vars

[39m[22m

webpack compiled with [1m[33m1 warning[39m[22m
Compiling...
Compiled with warnings.

[eslint] 
src\Pages\Coowork\Coowork.jsx
  Line 37:32:  'EmptyState' is defined but never used  no-unused-vars

src\Routes\index.jsx
  Line 12:8:   'MarketRoute' is defined but never used          no-unused-vars
  Line 15:8:   'GenRoute' is defined but never used             no-unused-vars
  Line 48:8:   'NavBar' is defined but never used               no-unused-vars
  Line 51:8:   'LmAi' is defined but never used                 no-unused-vars
  Line 52:8:   'TTS' is defined but never used                  no-unused-vars
  Line 53:8:   'TextToSpeech' is defined but never used         no-unused-vars
  Line 97:8:   'ComunidadPage' is defined but never used        no-unused-vars
  Line 113:8:  'RegistroTiendaPage' is defined but never used   no-unused-vars
  Line 177:7:  'WikiLayout' is assigned a value but never used  no-unused-vars

Search for the keywords to learn more about each warning.
To ignore, add // eslint-disable-next-line to the line before.

[1m[33mWARNING[39m[22m in [1m[eslint] 
src\Pages\Coowork\Coowork.jsx
  Line 37:32:  'EmptyState' is defined but never used  no-unused-vars

src\Routes\index.jsx
  Line 12:8:   'MarketRoute' is defined but never used          no-unused-vars
  Line 15:8:   'GenRoute' is defined but never used             no-unused-vars
  Line 48:8:   'NavBar' is defined but never used               no-unused-vars
  Line 51:8:   'LmAi' is defined but never used                 no-unused-vars
  Line 52:8:   'TTS' is defined but never used                  no-unused-vars
  Line 53:8:   'TextToSpeech' is defined but never used         no-unused-vars
  Line 97:8:   'ComunidadPage' is defined but never used        no-unused-vars
  Line 113:8:  'RegistroTiendaPage' is defined but never used   no-unused-vars
  Line 177:7:  'WikiLayout' is assigned a value but never used  no-unused-vars

[39m[22m

webpack compiled with [1m[33m1 warning[39m[22m
Compiling...
Compiled with warnings.

[eslint] 
src\Pages\Coowork\Coowork.jsx
  Line 37:32:  'EmptyState' is defined but never used  no-unused-vars

src\Routes\index.jsx
  Line 12:8:   'MarketRoute' is defined but never used          no-unused-vars
  Line 15:8:   'GenRoute' is defined but never used             no-unused-vars
  Line 48:8:   'NavBar' is defined but never used               no-unused-vars
  Line 51:8:   'LmAi' is defined but never used                 no-unused-vars
  Line 52:8:   'TTS' is defined but never used                  no-unused-vars
  Line 53:8:   'TextToSpeech' is defined but never used         no-unused-vars
  Line 97:8:   'ComunidadPage' is defined but never used        no-unused-vars
  Line 113:8:  'RegistroTiendaPage' is defined but never used   no-unused-vars
  Line 177:7:  'WikiLayout' is assigned a value but never used  no-unused-vars

src\components\Cowork\Tareas.jsx
  Line 7:3:    'Dialog' is defined but never used                          no-unused-vars
  Line 8:3:    'DialogActions' is defined but never used                   no-unused-vars
  Line 9:3:    'DialogContent' is defined but never used                   no-unused-vars
  Line 10:3:   'DialogTitle' is defined but never used                     no-unused-vars
  Line 13:3:   'Stack' is defined but never used                           no-unused-vars
  Line 14:3:   'TextField' is defined but never used                       no-unused-vars
  Line 19:10:  'useTarea' is defined but never used                        no-unused-vars
  Line 38:7:   'ESTADOS_APELABLES' is assigned a value but never used      no-unused-vars
  Line 39:7:   'SCORE_UMBRAL_APELABLE' is assigned a value but never used  no-unused-vars

Search for the keywords to learn more about each warning.
To ignore, add // eslint-disable-next-line to the line before.

[1m[33mWARNING[39m[22m in [1m[eslint] 
src\Pages\Coowork\Coowork.jsx
  Line 37:32:  'EmptyState' is defined but never used  no-unused-vars

src\Routes\index.jsx
  Line 12:8:   'MarketRoute' is defined but never used          no-unused-vars
  Line 15:8:   'GenRoute' is defined but never used             no-unused-vars
  Line 48:8:   'NavBar' is defined but never used               no-unused-vars
  Line 51:8:   'LmAi' is defined but never used                 no-unused-vars
  Line 52:8:   'TTS' is defined but never used                  no-unused-vars
  Line 53:8:   'TextToSpeech' is defined but never used         no-unused-vars
  Line 97:8:   'ComunidadPage' is defined but never used        no-unused-vars
  Line 113:8:  'RegistroTiendaPage' is defined but never used   no-unused-vars
  Line 177:7:  'WikiLayout' is assigned a value but never used  no-unused-vars

src\components\Cowork\Tareas.jsx
  Line 7:3:    'Dialog' is defined but never used                          no-unused-vars
  Line 8:3:    'DialogActions' is defined but never used                   no-unused-vars
  Line 9:3:    'DialogContent' is defined but never used                   no-unused-vars
  Line 10:3:   'DialogTitle' is defined but never used                     no-unused-vars
  Line 13:3:   'Stack' is defined but never used                           no-unused-vars
  Line 14:3:   'TextField' is defined but never used                       no-unused-vars
  Line 19:10:  'useTarea' is defined but never used                        no-unused-vars
  Line 38:7:   'ESTADOS_APELABLES' is assigned a value but never used      no-unused-vars
  Line 39:7:   'SCORE_UMBRAL_APELABLE' is assigned a value but never used  no-unused-vars

[39m[22m

webpack compiled with [1m[33m1 warning[39m[22m
Compiling...
Compiled with warnings.

[eslint] 
src\Pages\Coowork\Coowork.jsx
  Line 37:32:  'EmptyState' is defined but never used  no-unused-vars

src\Routes\index.jsx
  Line 12:8:   'MarketRoute' is defined but never used          no-unused-vars
  Line 15:8:   'GenRoute' is defined but never used             no-unused-vars
  Line 48:8:   'NavBar' is defined but never used               no-unused-vars
  Line 51:8:   'LmAi' is defined but never used                 no-unused-vars
  Line 52:8:   'TTS' is defined but never used                  no-unused-vars
  Line 53:8:   'TextToSpeech' is defined but never used         no-unused-vars
  Line 97:8:   'ComunidadPage' is defined but never used        no-unused-vars
  Line 113:8:  'RegistroTiendaPage' is defined but never used   no-unused-vars
  Line 177:7:  'WikiLayout' is assigned a value but never used  no-unused-vars

src\components\Cowork\Tareas.jsx
  Line 7:3:     'Dialog' is defined but never used                    no-unused-vars
  Line 8:3:     'DialogActions' is defined but never used             no-unused-vars
  Line 9:3:     'DialogContent' is defined but never used             no-unused-vars
  Line 10:3:    'DialogTitle' is defined but never used               no-unused-vars
  Line 13:3:    'Stack' is defined but never used                     no-unused-vars
  Line 14:3:    'TextField' is defined but never used                 no-unused-vars
  Line 162:10:  'apelandoId' is assigned a value but never used       no-unused-vars
  Line 164:9:   'abrirApelacion' is assigned a value but never used   no-unused-vars
  Line 173:9:   'submitApelacion' is assigned a value but never used  no-unused-vars
  Line 189:9:   'puedeApelar' is assigned a value but never used      no-unused-vars

Search for the keywords to learn more about each warning.
To ignore, add // eslint-disable-next-line to the line before.

[1m[33mWARNING[39m[22m in [1m[eslint] 
src\Pages\Coowork\Coowork.jsx
  Line 37:32:  'EmptyState' is defined but never used  no-unused-vars

src\Routes\index.jsx
  Line 12:8:   'MarketRoute' is defined but never used          no-unused-vars
  Line 15:8:   'GenRoute' is defined but never used             no-unused-vars
  Line 48:8:   'NavBar' is defined but never used               no-unused-vars
  Line 51:8:   'LmAi' is defined but never used                 no-unused-vars
  Line 52:8:   'TTS' is defined but never used                  no-unused-vars
  Line 53:8:   'TextToSpeech' is defined but never used         no-unused-vars
  Line 97:8:   'ComunidadPage' is defined but never used        no-unused-vars
  Line 113:8:  'RegistroTiendaPage' is defined but never used   no-unused-vars
  Line 177:7:  'WikiLayout' is assigned a value but never used  no-unused-vars

src\components\Cowork\Tareas.jsx
  Line 7:3:     'Dialog' is defined but never used                    no-unused-vars
  Line 8:3:     'DialogActions' is defined but never used             no-unused-vars
  Line 9:3:     'DialogContent' is defined but never used             no-unused-vars
  Line 10:3:    'DialogTitle' is defined but never used               no-unused-vars
  Line 13:3:    'Stack' is defined but never used                     no-unused-vars
  Line 14:3:    'TextField' is defined but never used                 no-unused-vars
  Line 162:10:  'apelandoId' is assigned a value but never used       no-unused-vars
  Line 164:9:   'abrirApelacion' is assigned a value but never used   no-unused-vars
  Line 173:9:   'submitApelacion' is assigned a value but never used  no-unused-vars
  Line 189:9:   'puedeApelar' is assigned a value but never used      no-unused-vars

[39m[22m

webpack compiled with [1m[33m1 warning[39m[22m
Compiling...
Compiled with warnings.

[eslint] 
src\Pages\Coowork\Coowork.jsx
  Line 37:32:  'EmptyState' is defined but never used  no-unused-vars

src\Routes\index.jsx
  Line 12:8:   'MarketRoute' is defined but never used          no-unused-vars
  Line 15:8:   'GenRoute' is defined but never used             no-unused-vars
  Line 48:8:   'NavBar' is defined but never used               no-unused-vars
  Line 51:8:   'LmAi' is defined but never used                 no-unused-vars
  Line 52:8:   'TTS' is defined but never used                  no-unused-vars
  Line 53:8:   'TextToSpeech' is defined but never used         no-unused-vars
  Line 97:8:   'ComunidadPage' is defined but never used        no-unused-vars
  Line 113:8:  'RegistroTiendaPage' is defined but never used   no-unused-vars
  Line 177:7:  'WikiLayout' is assigned a value but never used  no-unused-vars

src\components\Cowork\Tareas.jsx
  Line 7:3:     'Dialog' is defined but never used                    no-unused-vars
  Line 8:3:     'DialogActions' is defined but never used             no-unused-vars
  Line 9:3:     'DialogContent' is defined but never used             no-unused-vars
  Line 10:3:    'DialogTitle' is defined but never used               no-unused-vars
  Line 13:3:    'Stack' is defined but never used                     no-unused-vars
  Line 14:3:    'TextField' is defined but never used                 no-unused-vars
  Line 162:10:  'apelandoId' is assigned a value but never used       no-unused-vars
  Line 173:9:   'submitApelacion' is assigned a value but never used  no-unused-vars

Search for the keywords to learn more about each warning.
To ignore, add // eslint-disable-next-line to the line before.

[1m[33mWARNING[39m[22m in [1m[eslint] 
src\Pages\Coowork\Coowork.jsx
  Line 37:32:  'EmptyState' is defined but never used  no-unused-vars

src\Routes\index.jsx
  Line 12:8:   'MarketRoute' is defined but never used          no-unused-vars
  Line 15:8:   'GenRoute' is defined but never used             no-unused-vars
  Line 48:8:   'NavBar' is defined but never used               no-unused-vars
  Line 51:8:   'LmAi' is defined but never used                 no-unused-vars
  Line 52:8:   'TTS' is defined but never used                  no-unused-vars
  Line 53:8:   'TextToSpeech' is defined but never used         no-unused-vars
  Line 97:8:   'ComunidadPage' is defined but never used        no-unused-vars
  Line 113:8:  'RegistroTiendaPage' is defined but never used   no-unused-vars
  Line 177:7:  'WikiLayout' is assigned a value but never used  no-unused-vars

src\components\Cowork\Tareas.jsx
  Line 7:3:     'Dialog' is defined but never used                    no-unused-vars
  Line 8:3:     'DialogActions' is defined but never used             no-unused-vars
  Line 9:3:     'DialogContent' is defined but never used             no-unused-vars
  Line 10:3:    'DialogTitle' is defined but never used               no-unused-vars
  Line 13:3:    'Stack' is defined but never used                     no-unused-vars
  Line 14:3:    'TextField' is defined but never used                 no-unused-vars
  Line 162:10:  'apelandoId' is assigned a value but never used       no-unused-vars
  Line 173:9:   'submitApelacion' is assigned a value but never used  no-unused-vars

[39m[22m

webpack compiled with [1m[33m1 warning[39m[22m
Compiling...
Compiled with warnings.

[eslint] 
src\Pages\Coowork\Coowork.jsx
  Line 37:32:  'EmptyState' is defined but never used  no-unused-vars

src\Routes\index.jsx
  Line 12:8:   'MarketRoute' is defined but never used          no-unused-vars
  Line 15:8:   'GenRoute' is defined but never used             no-unused-vars
  Line 48:8:   'NavBar' is defined but never used               no-unused-vars
  Line 51:8:   'LmAi' is defined but never used                 no-unused-vars
  Line 52:8:   'TTS' is defined but never used                  no-unused-vars
  Line 53:8:   'TextToSpeech' is defined but never used         no-unused-vars
  Line 97:8:   'ComunidadPage' is defined but never used        no-unused-vars
  Line 113:8:  'RegistroTiendaPage' is defined but never used   no-unused-vars
  Line 177:7:  'WikiLayout' is assigned a value but never used  no-unused-vars

Search for the keywords to learn more about each warning.
To ignore, add // eslint-disable-next-line to the line before.

[1m[33mWARNING[39m[22m in [1m[eslint] 
src\Pages\Coowork\Coowork.jsx
  Line 37:32:  'EmptyState' is defined but never used  no-unused-vars

src\Routes\index.jsx
  Line 12:8:   'MarketRoute' is defined but never used          no-unused-vars
  Line 15:8:   'GenRoute' is defined but never used             no-unused-vars
  Line 48:8:   'NavBar' is defined but never used               no-unused-vars
  Line 51:8:   'LmAi' is defined but never used                 no-unused-vars
  Line 52:8:   'TTS' is defined but never used                  no-unused-vars
  Line 53:8:   'TextToSpeech' is defined but never used         no-unused-vars
  Line 97:8:   'ComunidadPage' is defined but never used        no-unused-vars
  Line 113:8:  'RegistroTiendaPage' is defined but never used   no-unused-vars
  Line 177:7:  'WikiLayout' is assigned a value but never used  no-unused-vars

[39m[22m

webpack compiled with [1m[33m1 warning[39m[22m
Compiling...
Compiled with warnings.

[eslint] 
src\Pages\Coowork\Coowork.jsx
  Line 37:32:  'EmptyState' is defined but never used  no-unused-vars

src\Routes\index.jsx
  Line 12:8:   'MarketRoute' is defined but never used          no-unused-vars
  Line 15:8:   'GenRoute' is defined but never used             no-unused-vars
  Line 48:8:   'NavBar' is defined but never used               no-unused-vars
  Line 51:8:   'LmAi' is defined but never used                 no-unused-vars
  Line 52:8:   'TTS' is defined but never used                  no-unused-vars
  Line 53:8:   'TextToSpeech' is defined but never used         no-unused-vars
  Line 97:8:   'ComunidadPage' is defined but never used        no-unused-vars
  Line 113:8:  'RegistroTiendaPage' is defined but never used   no-unused-vars
  Line 177:7:  'WikiLayout' is assigned a value but never used  no-unused-vars

src\hooks\useTodos.jsx
  Line 181:6:  React Hook useCallback has a missing dependency: 'getToken'. Either include it or remove the dependency array                                  react-hooks/exhaustive-deps
  Line 223:5:  React Hook useCallback has missing dependencies: 'getToken' and 'preparePayloadForStrapi'. Either include them or remove the dependency array  react-hooks/exhaustive-deps
  Line 272:4:  React Hook useCallback has missing dependencies: 'getToken' and 'preparePayloadForStrapi'. Either include them or remove the dependency array  react-hooks/exhaustive-deps
  Line 298:6:  React Hook useCallback has a missing dependency: 'getToken'. Either include it or remove the dependency array                                  react-hooks/exhaustive-deps
  Line 334:5:  React Hook useCallback has a missing dependency: 'getToken'. Either include it or remove the dependency array                                  react-hooks/exhaustive-deps
  Line 371:5:  React Hook useCallback has a missing dependency: 'getToken'. Either include it or remove the dependency array                                  react-hooks/exhaustive-deps
  Line 432:4:  React Hook useCallback has a missing dependency: 'getToken'. Either include it or remove the dependency array                                  react-hooks/exhaustive-deps
  Line 472:4:  React Hook useCallback has a missing dependency: 'getToken'. Either include it or remove the dependency array                                  react-hooks/exhaustive-deps
  Line 499:6:  React Hook useCallback has a missing dependency: 'getToken'. Either include it or remove the dependency array                                  react-hooks/exhaustive-deps

Search for the keywords to learn more about each warning.
To ignore, add // eslint-disable-next-line to the line before.

[1m[33mWARNING[39m[22m in [1m[eslint] 
src\Pages\Coowork\Coowork.jsx
  Line 37:32:  'EmptyState' is defined but never used  no-unused-vars

src\Routes\index.jsx
  Line 12:8:   'MarketRoute' is defined but never used          no-unused-vars
  Line 15:8:   'GenRoute' is defined but never used             no-unused-vars
  Line 48:8:   'NavBar' is defined but never used               no-unused-vars
  Line 51:8:   'LmAi' is defined but never used                 no-unused-vars
  Line 52:8:   'TTS' is defined but never used                  no-unused-vars
  Line 53:8:   'TextToSpeech' is defined but never used         no-unused-vars
  Line 97:8:   'ComunidadPage' is defined but never used        no-unused-vars
  Line 113:8:  'RegistroTiendaPage' is defined but never used   no-unused-vars
  Line 177:7:  'WikiLayout' is assigned a value but never used  no-unused-vars

src\hooks\useTodos.jsx
  Line 181:6:  React Hook useCallback has a missing dependency: 'getToken'. Either include it or remove the dependency array                                  react-hooks/exhaustive-deps
  Line 223:5:  React Hook useCallback has missing dependencies: 'getToken' and 'preparePayloadForStrapi'. Either include them or remove the dependency array  react-hooks/exhaustive-deps
  Line 272:4:  React Hook useCallback has missing dependencies: 'getToken' and 'preparePayloadForStrapi'. Either include them or remove the dependency array  react-hooks/exhaustive-deps
  Line 298:6:  React Hook useCallback has a missing dependency: 'getToken'. Either include it or remove the dependency array                                  react-hooks/exhaustive-deps
  Line 334:5:  React Hook useCallback has a missing dependency: 'getToken'. Either include it or remove the dependency array                                  react-hooks/exhaustive-deps
  Line 371:5:  React Hook useCallback has a missing dependency: 'getToken'. Either include it or remove the dependency array                                  react-hooks/exhaustive-deps
  Line 432:4:  React Hook useCallback has a missing dependency: 'getToken'. Either include it or remove the dependency array                                  react-hooks/exhaustive-deps
  Line 472:4:  React Hook useCallback has a missing dependency: 'getToken'. Either include it or remove the dependency array                                  react-hooks/exhaustive-deps
  Line 499:6:  React Hook useCallback has a missing dependency: 'getToken'. Either include it or remove the dependency array                                  react-hooks/exhaustive-deps

[39m[22m

webpack compiled with [1m[33m1 warning[39m[22m
Compiling...
Compiled with warnings.

[eslint] 
src\Pages\Coowork\Coowork.jsx
  Line 37:32:  'EmptyState' is defined but never used  no-unused-vars

src\Routes\index.jsx
  Line 12:8:   'MarketRoute' is defined but never used          no-unused-vars
  Line 15:8:   'GenRoute' is defined but never used             no-unused-vars
  Line 48:8:   'NavBar' is defined but never used               no-unused-vars
  Line 51:8:   'LmAi' is defined but never used                 no-unused-vars
  Line 52:8:   'TTS' is defined but never used                  no-unused-vars
  Line 53:8:   'TextToSpeech' is defined but never used         no-unused-vars
  Line 97:8:   'ComunidadPage' is defined but never used        no-unused-vars
  Line 113:8:  'RegistroTiendaPage' is defined but never used   no-unused-vars
  Line 177:7:  'WikiLayout' is assigned a value but never used  no-unused-vars

src\hooks\useTodos.jsx
  Line 181:6:  React Hook useCallback has a missing dependency: 'getToken'. Either include it or remove the dependency array                                  react-hooks/exhaustive-deps
  Line 223:5:  React Hook useCallback has missing dependencies: 'getToken' and 'preparePayloadForStrapi'. Either include them or remove the dependency array  react-hooks/exhaustive-deps
  Line 272:4:  React Hook useCallback has missing dependencies: 'getToken' and 'preparePayloadForStrapi'. Either include them or remove the dependency array  react-hooks/exhaustive-deps
  Line 298:6:  React Hook useCallback has a missing dependency: 'getToken'. Either include it or remove the dependency array                                  react-hooks/exhaustive-deps
  Line 334:5:  React Hook useCallback has a missing dependency: 'getToken'. Either include it or remove the dependency array                                  react-hooks/exhaustive-deps
  Line 371:5:  React Hook useCallback has a missing dependency: 'getToken'. Either include it or remove the dependency array                                  react-hooks/exhaustive-deps
  Line 432:4:  React Hook useCallback has a missing dependency: 'getToken'. Either include it or remove the dependency array                                  react-hooks/exhaustive-deps
  Line 472:4:  React Hook useCallback has a missing dependency: 'getToken'. Either include it or remove the dependency array                                  react-hooks/exhaustive-deps
  Line 499:6:  React Hook useCallback has a missing dependency: 'getToken'. Either include it or remove the dependency array                                  react-hooks/exhaustive-deps

Search for the keywords to learn more about each warning.
To ignore, add // eslint-disable-next-line to the line before.

[1m[33mWARNING[39m[22m in [1m[eslint] 
src\Pages\Coowork\Coowork.jsx
  Line 37:32:  'EmptyState' is defined but never used  no-unused-vars

src\Routes\index.jsx
  Line 12:8:   'MarketRoute' is defined but never used          no-unused-vars
  Line 15:8:   'GenRoute' is defined but never used             no-unused-vars
  Line 48:8:   'NavBar' is defined but never used               no-unused-vars
  Line 51:8:   'LmAi' is defined but never used                 no-unused-vars
  Line 52:8:   'TTS' is defined but never used                  no-unused-vars
  Line 53:8:   'TextToSpeech' is defined but never used         no-unused-vars
  Line 97:8:   'ComunidadPage' is defined but never used        no-unused-vars
  Line 113:8:  'RegistroTiendaPage' is defined but never used   no-unused-vars
  Line 177:7:  'WikiLayout' is assigned a value but never used  no-unused-vars

src\hooks\useTodos.jsx
  Line 181:6:  React Hook useCallback has a missing dependency: 'getToken'. Either include it or remove the dependency array                                  react-hooks/exhaustive-deps
  Line 223:5:  React Hook useCallback has missing dependencies: 'getToken' and 'preparePayloadForStrapi'. Either include them or remove the dependency array  react-hooks/exhaustive-deps
  Line 272:4:  React Hook useCallback has missing dependencies: 'getToken' and 'preparePayloadForStrapi'. Either include them or remove the dependency array  react-hooks/exhaustive-deps
  Line 298:6:  React Hook useCallback has a missing dependency: 'getToken'. Either include it or remove the dependency array                                  react-hooks/exhaustive-deps
  Line 334:5:  React Hook useCallback has a missing dependency: 'getToken'. Either include it or remove the dependency array                                  react-hooks/exhaustive-deps
  Line 371:5:  React Hook useCallback has a missing dependency: 'getToken'. Either include it or remove the dependency array                                  react-hooks/exhaustive-deps
  Line 432:4:  React Hook useCallback has a missing dependency: 'getToken'. Either include it or remove the dependency array                                  react-hooks/exhaustive-deps
  Line 472:4:  React Hook useCallback has a missing dependency: 'getToken'. Either include it or remove the dependency array                                  react-hooks/exhaustive-deps
  Line 499:6:  React Hook useCallback has a missing dependency: 'getToken'. Either include it or remove the dependency array                                  react-hooks/exhaustive-deps

[39m[22m

webpack compiled with [1m[33m1 warning[39m[22m
Compiling...
Compiled with warnings.

[eslint] 
src\Pages\Coowork\Coowork.jsx
  Line 37:32:  'EmptyState' is defined but never used  no-unused-vars

src\Routes\index.jsx
  Line 12:8:   'MarketRoute' is defined but never used          no-unused-vars
  Line 15:8:   'GenRoute' is defined but never used             no-unused-vars
  Line 48:8:   'NavBar' is defined but never used               no-unused-vars
  Line 51:8:   'LmAi' is defined but never used                 no-unused-vars
  Line 52:8:   'TTS' is defined but never used                  no-unused-vars
  Line 53:8:   'TextToSpeech' is defined but never used         no-unused-vars
  Line 97:8:   'ComunidadPage' is defined but never used        no-unused-vars
  Line 113:8:  'RegistroTiendaPage' is defined but never used   no-unused-vars
  Line 177:7:  'WikiLayout' is assigned a value but never used  no-unused-vars

src\hooks\useTodos.jsx
  Line 181:6:  React Hook useCallback has a missing dependency: 'getToken'. Either include it or remove the dependency array                                  react-hooks/exhaustive-deps
  Line 223:5:  React Hook useCallback has missing dependencies: 'getToken' and 'preparePayloadForStrapi'. Either include them or remove the dependency array  react-hooks/exhaustive-deps
  Line 272:4:  React Hook useCallback has missing dependencies: 'getToken' and 'preparePayloadForStrapi'. Either include them or remove the dependency array  react-hooks/exhaustive-deps
  Line 298:6:  React Hook useCallback has a missing dependency: 'getToken'. Either include it or remove the dependency array                                  react-hooks/exhaustive-deps
  Line 334:5:  React Hook useCallback has a missing dependency: 'getToken'. Either include it or remove the dependency array                                  react-hooks/exhaustive-deps
  Line 371:5:  React Hook useCallback has a missing dependency: 'getToken'. Either include it or remove the dependency array                                  react-hooks/exhaustive-deps
  Line 432:4:  React Hook useCallback has a missing dependency: 'getToken'. Either include it or remove the dependency array                                  react-hooks/exhaustive-deps
  Line 472:4:  React Hook useCallback has a missing dependency: 'getToken'. Either include it or remove the dependency array                                  react-hooks/exhaustive-deps
  Line 499:6:  React Hook useCallback has a missing dependency: 'getToken'. Either include it or remove the dependency array                                  react-hooks/exhaustive-deps

Search for the keywords to learn more about each warning.
To ignore, add // eslint-disable-next-line to the line before.

[1m[33mWARNING[39m[22m in [1m[eslint] 
src\Pages\Coowork\Coowork.jsx
  Line 37:32:  'EmptyState' is defined but never used  no-unused-vars

src\Routes\index.jsx
  Line 12:8:   'MarketRoute' is defined but never used          no-unused-vars
  Line 15:8:   'GenRoute' is defined but never used             no-unused-vars
  Line 48:8:   'NavBar' is defined but never used               no-unused-vars
  Line 51:8:   'LmAi' is defined but never used                 no-unused-vars
  Line 52:8:   'TTS' is defined but never used                  no-unused-vars
  Line 53:8:   'TextToSpeech' is defined but never used         no-unused-vars
  Line 97:8:   'ComunidadPage' is defined but never used        no-unused-vars
  Line 113:8:  'RegistroTiendaPage' is defined but never used   no-unused-vars
  Line 177:7:  'WikiLayout' is assigned a value but never used  no-unused-vars

src\hooks\useTodos.jsx
  Line 181:6:  React Hook useCallback has a missing dependency: 'getToken'. Either include it or remove the dependency array                                  react-hooks/exhaustive-deps
  Line 223:5:  React Hook useCallback has missing dependencies: 'getToken' and 'preparePayloadForStrapi'. Either include them or remove the dependency array  react-hooks/exhaustive-deps
  Line 272:4:  React Hook useCallback has missing dependencies: 'getToken' and 'preparePayloadForStrapi'. Either include them or remove the dependency array  react-hooks/exhaustive-deps
  Line 298:6:  React Hook useCallback has a missing dependency: 'getToken'. Either include it or remove the dependency array                                  react-hooks/exhaustive-deps
  Line 334:5:  React Hook useCallback has a missing dependency: 'getToken'. Either include it or remove the dependency array                                  react-hooks/exhaustive-deps
  Line 371:5:  React Hook useCallback has a missing dependency: 'getToken'. Either include it or remove the dependency array                                  react-hooks/exhaustive-deps
  Line 432:4:  React Hook useCallback has a missing dependency: 'getToken'. Either include it or remove the dependency array                                  react-hooks/exhaustive-deps
  Line 472:4:  React Hook useCallback has a missing dependency: 'getToken'. Either include it or remove the dependency array                                  react-hooks/exhaustive-deps
  Line 499:6:  React Hook useCallback has a missing dependency: 'getToken'. Either include it or remove the dependency array                                  react-hooks/exhaustive-deps

[39m[22m

webpack compiled with [1m[33m1 warning[39m[22m
Compiling...
Compiled with warnings.

[eslint] 
src\Pages\Coowork\Coowork.jsx
  Line 37:32:  'EmptyState' is defined but never used  no-unused-vars

src\Routes\index.jsx
  Line 12:8:   'MarketRoute' is defined but never used          no-unused-vars
  Line 15:8:   'GenRoute' is defined but never used             no-unused-vars
  Line 48:8:   'NavBar' is defined but never used               no-unused-vars
  Line 51:8:   'LmAi' is defined but never used                 no-unused-vars
  Line 52:8:   'TTS' is defined but never used                  no-unused-vars
  Line 53:8:   'TextToSpeech' is defined but never used         no-unused-vars
  Line 97:8:   'ComunidadPage' is defined but never used        no-unused-vars
  Line 113:8:  'RegistroTiendaPage' is defined but never used   no-unused-vars
  Line 177:7:  'WikiLayout' is assigned a value but never used  no-unused-vars

src\hooks\useTodos.jsx
  Line 179:6:  React Hook useCallback has a missing dependency: 'getToken'. Either include it or remove the dependency array                                  react-hooks/exhaustive-deps
  Line 221:5:  React Hook useCallback has missing dependencies: 'getToken' and 'preparePayloadForStrapi'. Either include them or remove the dependency array  react-hooks/exhaustive-deps
  Line 270:4:  React Hook useCallback has missing dependencies: 'getToken' and 'preparePayloadForStrapi'. Either include them or remove the dependency array  react-hooks/exhaustive-deps
  Line 296:6:  React Hook useCallback has a missing dependency: 'getToken'. Either include it or remove the dependency array                                  react-hooks/exhaustive-deps
  Line 332:5:  React Hook useCallback has a missing dependency: 'getToken'. Either include it or remove the dependency array                                  react-hooks/exhaustive-deps
  Line 369:5:  React Hook useCallback has a missing dependency: 'getToken'. Either include it or remove the dependency array                                  react-hooks/exhaustive-deps
  Line 430:4:  React Hook useCallback has a missing dependency: 'getToken'. Either include it or remove the dependency array                                  react-hooks/exhaustive-deps
  Line 470:4:  React Hook useCallback has a missing dependency: 'getToken'. Either include it or remove the dependency array                                  react-hooks/exhaustive-deps
  Line 497:6:  React Hook useCallback has a missing dependency: 'getToken'. Either include it or remove the dependency array                                  react-hooks/exhaustive-deps

Search for the keywords to learn more about each warning.
To ignore, add // eslint-disable-next-line to the line before.

[1m[33mWARNING[39m[22m in [1m[eslint] 
src\Pages\Coowork\Coowork.jsx
  Line 37:32:  'EmptyState' is defined but never used  no-unused-vars

src\Routes\index.jsx
  Line 12:8:   'MarketRoute' is defined but never used          no-unused-vars
  Line 15:8:   'GenRoute' is defined but never used             no-unused-vars
  Line 48:8:   'NavBar' is defined but never used               no-unused-vars
  Line 51:8:   'LmAi' is defined but never used                 no-unused-vars
  Line 52:8:   'TTS' is defined but never used                  no-unused-vars
  Line 53:8:   'TextToSpeech' is defined but never used         no-unused-vars
  Line 97:8:   'ComunidadPage' is defined but never used        no-unused-vars
  Line 113:8:  'RegistroTiendaPage' is defined but never used   no-unused-vars
  Line 177:7:  'WikiLayout' is assigned a value but never used  no-unused-vars

src\hooks\useTodos.jsx
  Line 179:6:  React Hook useCallback has a missing dependency: 'getToken'. Either include it or remove the dependency array                                  react-hooks/exhaustive-deps
  Line 221:5:  React Hook useCallback has missing dependencies: 'getToken' and 'preparePayloadForStrapi'. Either include them or remove the dependency array  react-hooks/exhaustive-deps
  Line 270:4:  React Hook useCallback has missing dependencies: 'getToken' and 'preparePayloadForStrapi'. Either include them or remove the dependency array  react-hooks/exhaustive-deps
  Line 296:6:  React Hook useCallback has a missing dependency: 'getToken'. Either include it or remove the dependency array                                  react-hooks/exhaustive-deps
  Line 332:5:  React Hook useCallback has a missing dependency: 'getToken'. Either include it or remove the dependency array                                  react-hooks/exhaustive-deps
  Line 369:5:  React Hook useCallback has a missing dependency: 'getToken'. Either include it or remove the dependency array                                  react-hooks/exhaustive-deps
  Line 430:4:  React Hook useCallback has a missing dependency: 'getToken'. Either include it or remove the dependency array                                  react-hooks/exhaustive-deps
  Line 470:4:  React Hook useCallback has a missing dependency: 'getToken'. Either include it or remove the dependency array                                  react-hooks/exhaustive-deps
  Line 497:6:  React Hook useCallback has a missing dependency: 'getToken'. Either include it or remove the dependency array                                  react-hooks/exhaustive-deps

[39m[22m

webpack compiled with [1m[33m1 warning[39m[22m
Compiling...
Compiled with warnings.

[eslint] 
src\Pages\Coowork\Coowork.jsx
  Line 37:32:  'EmptyState' is defined but never used  no-unused-vars

src\Routes\index.jsx
  Line 12:8:   'MarketRoute' is defined but never used          no-unused-vars
  Line 15:8:   'GenRoute' is defined but never used             no-unused-vars
  Line 48:8:   'NavBar' is defined but never used               no-unused-vars
  Line 51:8:   'LmAi' is defined but never used                 no-unused-vars
  Line 52:8:   'TTS' is defined but never used                  no-unused-vars
  Line 53:8:   'TextToSpeech' is defined but never used         no-unused-vars
  Line 97:8:   'ComunidadPage' is defined but never used        no-unused-vars
  Line 113:8:  'RegistroTiendaPage' is defined but never used   no-unused-vars
  Line 177:7:  'WikiLayout' is assigned a value but never used  no-unused-vars

src\components\Usuarios\Perfil.jsx
  Line 2:17:   'useEffect' is defined but never used                        no-unused-vars
  Line 2:46:   'useCallback' is defined but never used                      no-unused-vars
  Line 14:3:   'CircularProgress' is defined but never used                 no-unused-vars
  Line 15:3:   'Stack' is defined but never used                            no-unused-vars
  Line 16:3:   'Chip' is defined but never used                             no-unused-vars
  Line 17:3:   'MenuItem' is defined but never used                         no-unused-vars
  Line 18:3:   'Select' is defined but never used                           no-unused-vars
  Line 19:3:   'InputLabel' is defined but never used                       no-unused-vars
  Line 20:3:   'FormControl' is defined but never used                      no-unused-vars
  Line 21:3:   'TextField' is defined but never used                        no-unused-vars
  Line 22:3:   'Divider' is defined but never used                          no-unused-vars
  Line 28:8:   'UploadFileIcon' is defined but never used                   no-unused-vars
  Line 29:8:   'SendIcon' is defined but never used                         no-unused-vars
  Line 33:3:   'assignUserAreas' is defined but never used                  no-unused-vars
  Line 34:3:   'proposeSubarea' is defined but never used                   no-unused-vars
  Line 36:10:  'getActiveRootAreas' is defined but never used               no-unused-vars
  Line 38:7:   'STRAPI_URL' is assigned a value but never used              no-unused-vars
  Line 43:64:  'getAccessTokenSilently' is assigned a value but never used  no-unused-vars
  Line 44:11:  'userData' is assigned a value but never used                no-unused-vars
  Line 44:30:  'refreshUserData' is assigned a value but never used         no-unused-vars
  Line 99:47:  Unnecessary escape character: \:                             no-useless-escape

src\hooks\useTodos.jsx
  Line 179:6:  React Hook useCallback has a missing dependency: 'getToken'. Either include it or remove the dependency array                                  react-hooks/exhaustive-deps
  Line 221:5:  React Hook useCallback has missing dependencies: 'getToken' and 'preparePayloadForStrapi'. Either include them or remove the dependency array  react-hooks/exhaustive-deps
  Line 270:4:  React Hook useCallback has missing dependencies: 'getToken' and 'preparePayloadForStrapi'. Either include them or remove the dependency array  react-hooks/exhaustive-deps
  Line 296:6:  React Hook useCallback has a missing dependency: 'getToken'. Either include it or remove the dependency array                                  react-hooks/exhaustive-deps
  Line 332:5:  React Hook useCallback has a missing dependency: 'getToken'. Either include it or remove the dependency array                                  react-hooks/exhaustive-deps
  Line 369:5:  React Hook useCallback has a missing dependency: 'getToken'. Either include it or remove the dependency array                                  react-hooks/exhaustive-deps
  Line 430:4:  React Hook useCallback has a missing dependency: 'getToken'. Either include it or remove the dependency array                                  react-hooks/exhaustive-deps
  Line 470:4:  React Hook useCallback has a missing dependency: 'getToken'. Either include it or remove the dependency array                                  react-hooks/exhaustive-deps
  Line 497:6:  React Hook useCallback has a missing dependency: 'getToken'. Either include it or remove the dependency array                                  react-hooks/exhaustive-deps

Search for the keywords to learn more about each warning.
To ignore, add // eslint-disable-next-line to the line before.

[1m[33mWARNING[39m[22m in [1m[eslint] 
src\Pages\Coowork\Coowork.jsx
  Line 37:32:  'EmptyState' is defined but never used  no-unused-vars

src\Routes\index.jsx
  Line 12:8:   'MarketRoute' is defined but never used          no-unused-vars
  Line 15:8:   'GenRoute' is defined but never used             no-unused-vars
  Line 48:8:   'NavBar' is defined but never used               no-unused-vars
  Line 51:8:   'LmAi' is defined but never used                 no-unused-vars
  Line 52:8:   'TTS' is defined but never used                  no-unused-vars
  Line 53:8:   'TextToSpeech' is defined but never used         no-unused-vars
  Line 97:8:   'ComunidadPage' is defined but never used        no-unused-vars
  Line 113:8:  'RegistroTiendaPage' is defined but never used   no-unused-vars
  Line 177:7:  'WikiLayout' is assigned a value but never used  no-unused-vars

src\components\Usuarios\Perfil.jsx
  Line 2:17:   'useEffect' is defined but never used                        no-unused-vars
  Line 2:46:   'useCallback' is defined but never used                      no-unused-vars
  Line 14:3:   'CircularProgress' is defined but never used                 no-unused-vars
  Line 15:3:   'Stack' is defined but never used                            no-unused-vars
  Line 16:3:   'Chip' is defined but never used                             no-unused-vars
  Line 17:3:   'MenuItem' is defined but never used                         no-unused-vars
  Line 18:3:   'Select' is defined but never used                           no-unused-vars
  Line 19:3:   'InputLabel' is defined but never used                       no-unused-vars
  Line 20:3:   'FormControl' is defined but never used                      no-unused-vars
  Line 21:3:   'TextField' is defined but never used                        no-unused-vars
  Line 22:3:   'Divider' is defined but never used                          no-unused-vars
  Line 28:8:   'UploadFileIcon' is defined but never used                   no-unused-vars
  Line 29:8:   'SendIcon' is defined but never used                         no-unused-vars
  Line 33:3:   'assignUserAreas' is defined but never used                  no-unused-vars
  Line 34:3:   'proposeSubarea' is defined but never used                   no-unused-vars
  Line 36:10:  'getActiveRootAreas' is defined but never used               no-unused-vars
  Line 38:7:   'STRAPI_URL' is assigned a value but never used              no-unused-vars
  Line 43:64:  'getAccessTokenSilently' is assigned a value but never used  no-unused-vars
  Line 44:11:  'userData' is assigned a value but never used                no-unused-vars
  Line 44:30:  'refreshUserData' is assigned a value but never used         no-unused-vars
  Line 99:47:  Unnecessary escape character: \:                             no-useless-escape

src\hooks\useTodos.jsx
  Line 179:6:  React Hook useCallback has a missing dependency: 'getToken'. Either include it or remove the dependency array                                  react-hooks/exhaustive-deps
  Line 221:5:  React Hook useCallback has missing dependencies: 'getToken' and 'preparePayloadForStrapi'. Either include them or remove the dependency array  react-hooks/exhaustive-deps
  Line 270:4:  React Hook useCallback has missing dependencies: 'getToken' and 'preparePayloadForStrapi'. Either include them or remove the dependency array  react-hooks/exhaustive-deps
  Line 296:6:  React Hook useCallback has a missing dependency: 'getToken'. Either include it or remove the dependency array                                  react-hooks/exhaustive-deps
  Line 332:5:  React Hook useCallback has a missing dependency: 'getToken'. Either include it or remove the dependency array                                  react-hooks/exhaustive-deps
  Line 369:5:  React Hook useCallback has a missing dependency: 'getToken'. Either include it or remove the dependency array                                  react-hooks/exhaustive-deps
  Line 430:4:  React Hook useCallback has a missing dependency: 'getToken'. Either include it or remove the dependency array                                  react-hooks/exhaustive-deps
  Line 470:4:  React Hook useCallback has a missing dependency: 'getToken'. Either include it or remove the dependency array                                  react-hooks/exhaustive-deps
  Line 497:6:  React Hook useCallback has a missing dependency: 'getToken'. Either include it or remove the dependency array                                  react-hooks/exhaustive-deps

[39m[22m

webpack compiled with [1m[33m1 warning[39m[22m
Compiling...
Compiled with warnings.

[eslint] 
src\Pages\Coowork\Coowork.jsx
  Line 37:32:  'EmptyState' is defined but never used  no-unused-vars

src\Routes\index.jsx
  Line 12:8:   'MarketRoute' is defined but never used          no-unused-vars
  Line 15:8:   'GenRoute' is defined but never used             no-unused-vars
  Line 48:8:   'NavBar' is defined but never used               no-unused-vars
  Line 51:8:   'LmAi' is defined but never used                 no-unused-vars
  Line 52:8:   'TTS' is defined but never used                  no-unused-vars
  Line 53:8:   'TextToSpeech' is defined but never used         no-unused-vars
  Line 97:8:   'ComunidadPage' is defined but never used        no-unused-vars
  Line 113:8:  'RegistroTiendaPage' is defined but never used   no-unused-vars
  Line 177:7:  'WikiLayout' is assigned a value but never used  no-unused-vars

src\components\Usuarios\Perfil.jsx
  Line 2:17:   'useEffect' is defined but never used                        no-unused-vars
  Line 2:46:   'useCallback' is defined but never used                      no-unused-vars
  Line 14:3:   'CircularProgress' is defined but never used                 no-unused-vars
  Line 15:3:   'Stack' is defined but never used                            no-unused-vars
  Line 16:3:   'Chip' is defined but never used                             no-unused-vars
  Line 17:3:   'MenuItem' is defined but never used                         no-unused-vars
  Line 18:3:   'Select' is defined but never used                           no-unused-vars
  Line 19:3:   'InputLabel' is defined but never used                       no-unused-vars
  Line 20:3:   'FormControl' is defined but never used                      no-unused-vars
  Line 21:3:   'TextField' is defined but never used                        no-unused-vars
  Line 22:3:   'Divider' is defined but never used                          no-unused-vars
  Line 28:8:   'UploadFileIcon' is defined but never used                   no-unused-vars
  Line 29:8:   'SendIcon' is defined but never used                         no-unused-vars
  Line 33:3:   'assignUserAreas' is defined but never used                  no-unused-vars
  Line 34:3:   'proposeSubarea' is defined but never used                   no-unused-vars
  Line 36:10:  'getActiveRootAreas' is defined but never used               no-unused-vars
  Line 38:7:   'STRAPI_URL' is assigned a value but never used              no-unused-vars
  Line 43:64:  'getAccessTokenSilently' is assigned a value but never used  no-unused-vars
  Line 44:11:  'userData' is assigned a value but never used                no-unused-vars
  Line 44:21:  'fetchRolesYMembresia' is assigned a value but never used    no-unused-vars
  Line 99:47:  Unnecessary escape character: \:                             no-useless-escape

src\hooks\useTodos.jsx
  Line 179:6:  React Hook useCallback has a missing dependency: 'getToken'. Either include it or remove the dependency array                                  react-hooks/exhaustive-deps
  Line 221:5:  React Hook useCallback has missing dependencies: 'getToken' and 'preparePayloadForStrapi'. Either include them or remove the dependency array  react-hooks/exhaustive-deps
  Line 270:4:  React Hook useCallback has missing dependencies: 'getToken' and 'preparePayloadForStrapi'. Either include them or remove the dependency array  react-hooks/exhaustive-deps
  Line 296:6:  React Hook useCallback has a missing dependency: 'getToken'. Either include it or remove the dependency array                                  react-hooks/exhaustive-deps
  Line 332:5:  React Hook useCallback has a missing dependency: 'getToken'. Either include it or remove the dependency array                                  react-hooks/exhaustive-deps
  Line 369:5:  React Hook useCallback has a missing dependency: 'getToken'. Either include it or remove the dependency array                                  react-hooks/exhaustive-deps
  Line 430:4:  React Hook useCallback has a missing dependency: 'getToken'. Either include it or remove the dependency array                                  react-hooks/exhaustive-deps
  Line 470:4:  React Hook useCallback has a missing dependency: 'getToken'. Either include it or remove the dependency array                                  react-hooks/exhaustive-deps
  Line 497:6:  React Hook useCallback has a missing dependency: 'getToken'. Either include it or remove the dependency array                                  react-hooks/exhaustive-deps

Search for the keywords to learn more about each warning.
To ignore, add // eslint-disable-next-line to the line before.

[1m[33mWARNING[39m[22m in [1m[eslint] 
src\Pages\Coowork\Coowork.jsx
  Line 37:32:  'EmptyState' is defined but never used  no-unused-vars

src\Routes\index.jsx
  Line 12:8:   'MarketRoute' is defined but never used          no-unused-vars
  Line 15:8:   'GenRoute' is defined but never used             no-unused-vars
  Line 48:8:   'NavBar' is defined but never used               no-unused-vars
  Line 51:8:   'LmAi' is defined but never used                 no-unused-vars
  Line 52:8:   'TTS' is defined but never used                  no-unused-vars
  Line 53:8:   'TextToSpeech' is defined but never used         no-unused-vars
  Line 97:8:   'ComunidadPage' is defined but never used        no-unused-vars
  Line 113:8:  'RegistroTiendaPage' is defined but never used   no-unused-vars
  Line 177:7:  'WikiLayout' is assigned a value but never used  no-unused-vars

src\components\Usuarios\Perfil.jsx
  Line 2:17:   'useEffect' is defined but never used                        no-unused-vars
  Line 2:46:   'useCallback' is defined but never used                      no-unused-vars
  Line 14:3:   'CircularProgress' is defined but never used                 no-unused-vars
  Line 15:3:   'Stack' is defined but never used                            no-unused-vars
  Line 16:3:   'Chip' is defined but never used                             no-unused-vars
  Line 17:3:   'MenuItem' is defined but never used                         no-unused-vars
  Line 18:3:   'Select' is defined but never used                           no-unused-vars
  Line 19:3:   'InputLabel' is defined but never used                       no-unused-vars
  Line 20:3:   'FormControl' is defined but never used                      no-unused-vars
  Line 21:3:   'TextField' is defined but never used                        no-unused-vars
  Line 22:3:   'Divider' is defined but never used                          no-unused-vars
  Line 28:8:   'UploadFileIcon' is defined but never used                   no-unused-vars
  Line 29:8:   'SendIcon' is defined but never used                         no-unused-vars
  Line 33:3:   'assignUserAreas' is defined but never used                  no-unused-vars
  Line 34:3:   'proposeSubarea' is defined but never used                   no-unused-vars
  Line 36:10:  'getActiveRootAreas' is defined but never used               no-unused-vars
  Line 38:7:   'STRAPI_URL' is assigned a value but never used              no-unused-vars
  Line 43:64:  'getAccessTokenSilently' is assigned a value but never used  no-unused-vars
  Line 44:11:  'userData' is assigned a value but never used                no-unused-vars
  Line 44:21:  'fetchRolesYMembresia' is assigned a value but never used    no-unused-vars
  Line 99:47:  Unnecessary escape character: \:                             no-useless-escape

src\hooks\useTodos.jsx
  Line 179:6:  React Hook useCallback has a missing dependency: 'getToken'. Either include it or remove the dependency array                                  react-hooks/exhaustive-deps
  Line 221:5:  React Hook useCallback has missing dependencies: 'getToken' and 'preparePayloadForStrapi'. Either include them or remove the dependency array  react-hooks/exhaustive-deps
  Line 270:4:  React Hook useCallback has missing dependencies: 'getToken' and 'preparePayloadForStrapi'. Either include them or remove the dependency array  react-hooks/exhaustive-deps
  Line 296:6:  React Hook useCallback has a missing dependency: 'getToken'. Either include it or remove the dependency array                                  react-hooks/exhaustive-deps
  Line 332:5:  React Hook useCallback has a missing dependency: 'getToken'. Either include it or remove the dependency array                                  react-hooks/exhaustive-deps
  Line 369:5:  React Hook useCallback has a missing dependency: 'getToken'. Either include it or remove the dependency array                                  react-hooks/exhaustive-deps
  Line 430:4:  React Hook useCallback has a missing dependency: 'getToken'. Either include it or remove the dependency array                                  react-hooks/exhaustive-deps
  Line 470:4:  React Hook useCallback has a missing dependency: 'getToken'. Either include it or remove the dependency array                                  react-hooks/exhaustive-deps
  Line 497:6:  React Hook useCallback has a missing dependency: 'getToken'. Either include it or remove the dependency array                                  react-hooks/exhaustive-deps

[39m[22m

webpack compiled with [1m[33m1 warning[39m[22m
Compiling...
Compiled with warnings.

[eslint] 
src\Pages\Coowork\Coowork.jsx
  Line 37:32:  'EmptyState' is defined but never used  no-unused-vars

src\Routes\index.jsx
  Line 12:8:   'MarketRoute' is defined but never used          no-unused-vars
  Line 15:8:   'GenRoute' is defined but never used             no-unused-vars
  Line 48:8:   'NavBar' is defined but never used               no-unused-vars
  Line 51:8:   'LmAi' is defined but never used                 no-unused-vars
  Line 52:8:   'TTS' is defined but never used                  no-unused-vars
  Line 53:8:   'TextToSpeech' is defined but never used         no-unused-vars
  Line 97:8:   'ComunidadPage' is defined but never used        no-unused-vars
  Line 113:8:  'RegistroTiendaPage' is defined but never used   no-unused-vars
  Line 177:7:  'WikiLayout' is assigned a value but never used  no-unused-vars

src\components\Usuarios\Perfil.jsx
  Line 14:3:    'CircularProgress' is defined but never used               no-unused-vars
  Line 15:3:    'Stack' is defined but never used                          no-unused-vars
  Line 17:3:    'MenuItem' is defined but never used                       no-unused-vars
  Line 18:3:    'Select' is defined but never used                         no-unused-vars
  Line 19:3:    'InputLabel' is defined but never used                     no-unused-vars
  Line 20:3:    'FormControl' is defined but never used                    no-unused-vars
  Line 21:3:    'TextField' is defined but never used                      no-unused-vars
  Line 22:3:    'Divider' is defined but never used                        no-unused-vars
  Line 28:8:    'UploadFileIcon' is defined but never used                 no-unused-vars
  Line 29:8:    'SendIcon' is defined but never used                       no-unused-vars
  Line 58:10:   'rootAreas' is assigned a value but never used             no-unused-vars
  Line 59:10:   'loadingCatalogo' is assigned a value but never used       no-unused-vars
  Line 64:10:   'docs' is assigned a value but never used                  no-unused-vars
  Line 65:10:   'submitting' is assigned a value but never used            no-unused-vars
  Line 66:10:   'submittingPropuesta' is assigned a value but never used   no-unused-vars
  Line 67:10:   'docUploading' is assigned a value but never used          no-unused-vars
  Line 104:9:   'handleAssignArea' is assigned a value but never used      no-unused-vars
  Line 132:9:   'handleUploadDoc' is assigned a value but never used       no-unused-vars
  Line 191:9:   'handleRemoveDoc' is assigned a value but never used       no-unused-vars
  Line 194:9:   'handleProposeSubarea' is assigned a value but never used  no-unused-vars
  Line 221:9:   'statusDeArea' is assigned a value but never used          no-unused-vars
  Line 228:9:   'badgeChip' is assigned a value but never used             no-unused-vars
  Line 279:47:  Unnecessary escape character: \:                           no-useless-escape

src\hooks\useTodos.jsx
  Line 179:6:  React Hook useCallback has a missing dependency: 'getToken'. Either include it or remove the dependency array                                  react-hooks/exhaustive-deps
  Line 221:5:  React Hook useCallback has missing dependencies: 'getToken' and 'preparePayloadForStrapi'. Either include them or remove the dependency array  react-hooks/exhaustive-deps
  Line 270:4:  React Hook useCallback has missing dependencies: 'getToken' and 'preparePayloadForStrapi'. Either include them or remove the dependency array  react-hooks/exhaustive-deps
  Line 296:6:  React Hook useCallback has a missing dependency: 'getToken'. Either include it or remove the dependency array                                  react-hooks/exhaustive-deps
  Line 332:5:  React Hook useCallback has a missing dependency: 'getToken'. Either include it or remove the dependency array                                  react-hooks/exhaustive-deps
  Line 369:5:  React Hook useCallback has a missing dependency: 'getToken'. Either include it or remove the dependency array                                  react-hooks/exhaustive-deps
  Line 430:4:  React Hook useCallback has a missing dependency: 'getToken'. Either include it or remove the dependency array                                  react-hooks/exhaustive-deps
  Line 470:4:  React Hook useCallback has a missing dependency: 'getToken'. Either include it or remove the dependency array                                  react-hooks/exhaustive-deps
  Line 497:6:  React Hook useCallback has a missing dependency: 'getToken'. Either include it or remove the dependency array                                  react-hooks/exhaustive-deps

Search for the keywords to learn more about each warning.
To ignore, add // eslint-disable-next-line to the line before.

[1m[33mWARNING[39m[22m in [1m[eslint] 
src\Pages\Coowork\Coowork.jsx
  Line 37:32:  'EmptyState' is defined but never used  no-unused-vars

src\Routes\index.jsx
  Line 12:8:   'MarketRoute' is defined but never used          no-unused-vars
  Line 15:8:   'GenRoute' is defined but never used             no-unused-vars
  Line 48:8:   'NavBar' is defined but never used               no-unused-vars
  Line 51:8:   'LmAi' is defined but never used                 no-unused-vars
  Line 52:8:   'TTS' is defined but never used                  no-unused-vars
  Line 53:8:   'TextToSpeech' is defined but never used         no-unused-vars
  Line 97:8:   'ComunidadPage' is defined but never used        no-unused-vars
  Line 113:8:  'RegistroTiendaPage' is defined but never used   no-unused-vars
  Line 177:7:  'WikiLayout' is assigned a value but never used  no-unused-vars

src\components\Usuarios\Perfil.jsx
  Line 14:3:    'CircularProgress' is defined but never used               no-unused-vars
  Line 15:3:    'Stack' is defined but never used                          no-unused-vars
  Line 17:3:    'MenuItem' is defined but never used                       no-unused-vars
  Line 18:3:    'Select' is defined but never used                         no-unused-vars
  Line 19:3:    'InputLabel' is defined but never used                     no-unused-vars
  Line 20:3:    'FormControl' is defined but never used                    no-unused-vars
  Line 21:3:    'TextField' is defined but never used                      no-unused-vars
  Line 22:3:    'Divider' is defined but never used                        no-unused-vars
  Line 28:8:    'UploadFileIcon' is defined but never used                 no-unused-vars
  Line 29:8:    'SendIcon' is defined but never used                       no-unused-vars
  Line 58:10:   'rootAreas' is assigned a value but never used             no-unused-vars
  Line 59:10:   'loadingCatalogo' is assigned a value but never used       no-unused-vars
  Line 64:10:   'docs' is assigned a value but never used                  no-unused-vars
  Line 65:10:   'submitting' is assigned a value but never used            no-unused-vars
  Line 66:10:   'submittingPropuesta' is assigned a value but never used   no-unused-vars
  Line 67:10:   'docUploading' is assigned a value but never used          no-unused-vars
  Line 104:9:   'handleAssignArea' is assigned a value but never used      no-unused-vars
  Line 132:9:   'handleUploadDoc' is assigned a value but never used       no-unused-vars
  Line 191:9:   'handleRemoveDoc' is assigned a value but never used       no-unused-vars
  Line 194:9:   'handleProposeSubarea' is assigned a value but never used  no-unused-vars
  Line 221:9:   'statusDeArea' is assigned a value but never used          no-unused-vars
  Line 228:9:   'badgeChip' is assigned a value but never used             no-unused-vars
  Line 279:47:  Unnecessary escape character: \:                           no-useless-escape

src\hooks\useTodos.jsx
  Line 179:6:  React Hook useCallback has a missing dependency: 'getToken'. Either include it or remove the dependency array                                  react-hooks/exhaustive-deps
  Line 221:5:  React Hook useCallback has missing dependencies: 'getToken' and 'preparePayloadForStrapi'. Either include them or remove the dependency array  react-hooks/exhaustive-deps
  Line 270:4:  React Hook useCallback has missing dependencies: 'getToken' and 'preparePayloadForStrapi'. Either include them or remove the dependency array  react-hooks/exhaustive-deps
  Line 296:6:  React Hook useCallback has a missing dependency: 'getToken'. Either include it or remove the dependency array                                  react-hooks/exhaustive-deps
  Line 332:5:  React Hook useCallback has a missing dependency: 'getToken'. Either include it or remove the dependency array                                  react-hooks/exhaustive-deps
  Line 369:5:  React Hook useCallback has a missing dependency: 'getToken'. Either include it or remove the dependency array                                  react-hooks/exhaustive-deps
  Line 430:4:  React Hook useCallback has a missing dependency: 'getToken'. Either include it or remove the dependency array                                  react-hooks/exhaustive-deps
  Line 470:4:  React Hook useCallback has a missing dependency: 'getToken'. Either include it or remove the dependency array                                  react-hooks/exhaustive-deps
  Line 497:6:  React Hook useCallback has a missing dependency: 'getToken'. Either include it or remove the dependency array                                  react-hooks/exhaustive-deps

[39m[22m

webpack compiled with [1m[33m1 warning[39m[22m
Compiling...
Compiled with warnings.

[eslint] 
src\Pages\Coowork\Coowork.jsx
  Line 37:32:  'EmptyState' is defined but never used  no-unused-vars

src\Routes\index.jsx
  Line 12:8:   'MarketRoute' is defined but never used          no-unused-vars
  Line 15:8:   'GenRoute' is defined but never used             no-unused-vars
  Line 48:8:   'NavBar' is defined but never used               no-unused-vars
  Line 51:8:   'LmAi' is defined but never used                 no-unused-vars
  Line 52:8:   'TTS' is defined but never used                  no-unused-vars
  Line 53:8:   'TextToSpeech' is defined but never used         no-unused-vars
  Line 97:8:   'ComunidadPage' is defined but never used        no-unused-vars
  Line 113:8:  'RegistroTiendaPage' is defined but never used   no-unused-vars
  Line 177:7:  'WikiLayout' is assigned a value but never used  no-unused-vars

src\components\Usuarios\Perfil.jsx
  Line 279:47:  Unnecessary escape character: \:  no-useless-escape

src\hooks\useTodos.jsx
  Line 179:6:  React Hook useCallback has a missing dependency: 'getToken'. Either include it or remove the dependency array                                  react-hooks/exhaustive-deps
  Line 221:5:  React Hook useCallback has missing dependencies: 'getToken' and 'preparePayloadForStrapi'. Either include them or remove the dependency array  react-hooks/exhaustive-deps
  Line 270:4:  React Hook useCallback has missing dependencies: 'getToken' and 'preparePayloadForStrapi'. Either include them or remove the dependency array  react-hooks/exhaustive-deps
  Line 296:6:  React Hook useCallback has a missing dependency: 'getToken'. Either include it or remove the dependency array                                  react-hooks/exhaustive-deps
  Line 332:5:  React Hook useCallback has a missing dependency: 'getToken'. Either include it or remove the dependency array                                  react-hooks/exhaustive-deps
  Line 369:5:  React Hook useCallback has a missing dependency: 'getToken'. Either include it or remove the dependency array                                  react-hooks/exhaustive-deps
  Line 430:4:  React Hook useCallback has a missing dependency: 'getToken'. Either include it or remove the dependency array                                  react-hooks/exhaustive-deps
  Line 470:4:  React Hook useCallback has a missing dependency: 'getToken'. Either include it or remove the dependency array                                  react-hooks/exhaustive-deps
  Line 497:6:  React Hook useCallback has a missing dependency: 'getToken'. Either include it or remove the dependency array                                  react-hooks/exhaustive-deps

Search for the keywords to learn more about each warning.
To ignore, add // eslint-disable-next-line to the line before.

[1m[33mWARNING[39m[22m in [1m[eslint] 
src\Pages\Coowork\Coowork.jsx
  Line 37:32:  'EmptyState' is defined but never used  no-unused-vars

src\Routes\index.jsx
  Line 12:8:   'MarketRoute' is defined but never used          no-unused-vars
  Line 15:8:   'GenRoute' is defined but never used             no-unused-vars
  Line 48:8:   'NavBar' is defined but never used               no-unused-vars
  Line 51:8:   'LmAi' is defined but never used                 no-unused-vars
  Line 52:8:   'TTS' is defined but never used                  no-unused-vars
  Line 53:8:   'TextToSpeech' is defined but never used         no-unused-vars
  Line 97:8:   'ComunidadPage' is defined but never used        no-unused-vars
  Line 113:8:  'RegistroTiendaPage' is defined but never used   no-unused-vars
  Line 177:7:  'WikiLayout' is assigned a value but never used  no-unused-vars

src\components\Usuarios\Perfil.jsx
  Line 279:47:  Unnecessary escape character: \:  no-useless-escape

src\hooks\useTodos.jsx
  Line 179:6:  React Hook useCallback has a missing dependency: 'getToken'. Either include it or remove the dependency array                                  react-hooks/exhaustive-deps
  Line 221:5:  React Hook useCallback has missing dependencies: 'getToken' and 'preparePayloadForStrapi'. Either include them or remove the dependency array  react-hooks/exhaustive-deps
  Line 270:4:  React Hook useCallback has missing dependencies: 'getToken' and 'preparePayloadForStrapi'. Either include them or remove the dependency array  react-hooks/exhaustive-deps
  Line 296:6:  React Hook useCallback has a missing dependency: 'getToken'. Either include it or remove the dependency array                                  react-hooks/exhaustive-deps
  Line 332:5:  React Hook useCallback has a missing dependency: 'getToken'. Either include it or remove the dependency array                                  react-hooks/exhaustive-deps
  Line 369:5:  React Hook useCallback has a missing dependency: 'getToken'. Either include it or remove the dependency array                                  react-hooks/exhaustive-deps
  Line 430:4:  React Hook useCallback has a missing dependency: 'getToken'. Either include it or remove the dependency array                                  react-hooks/exhaustive-deps
  Line 470:4:  React Hook useCallback has a missing dependency: 'getToken'. Either include it or remove the dependency array                                  react-hooks/exhaustive-deps
  Line 497:6:  React Hook useCallback has a missing dependency: 'getToken'. Either include it or remove the dependency array                                  react-hooks/exhaustive-deps

[39m[22m

webpack compiled with [1m[33m1 warning[39m[22m
Compiling...
Compiled with warnings.

[eslint] 
src\Pages\Coowork\Coowork.jsx
  Line 37:32:  'EmptyState' is defined but never used  no-unused-vars

src\Routes\index.jsx
  Line 12:8:   'MarketRoute' is defined but never used          no-unused-vars
  Line 15:8:   'GenRoute' is defined but never used             no-unused-vars
  Line 48:8:   'NavBar' is defined but never used               no-unused-vars
  Line 51:8:   'LmAi' is defined but never used                 no-unused-vars
  Line 52:8:   'TTS' is defined but never used                  no-unused-vars
  Line 53:8:   'TextToSpeech' is defined but never used         no-unused-vars
  Line 97:8:   'ComunidadPage' is defined but never used        no-unused-vars
  Line 113:8:  'RegistroTiendaPage' is defined but never used   no-unused-vars
  Line 177:7:  'WikiLayout' is assigned a value but never used  no-unused-vars

src\components\Usuarios\Perfil.jsx
  Line 279:47:  Unnecessary escape character: \:  no-useless-escape

src\hooks\useTodos.jsx
  Line 179:6:  React Hook useCallback has a missing dependency: 'getToken'. Either include it or remove the dependency array                                  react-hooks/exhaustive-deps
  Line 221:5:  React Hook useCallback has missing dependencies: 'getToken' and 'preparePayloadForStrapi'. Either include them or remove the dependency array  react-hooks/exhaustive-deps
  Line 270:4:  React Hook useCallback has missing dependencies: 'getToken' and 'preparePayloadForStrapi'. Either include them or remove the dependency array  react-hooks/exhaustive-deps
  Line 296:6:  React Hook useCallback has a missing dependency: 'getToken'. Either include it or remove the dependency array                                  react-hooks/exhaustive-deps
  Line 332:5:  React Hook useCallback has a missing dependency: 'getToken'. Either include it or remove the dependency array                                  react-hooks/exhaustive-deps
  Line 369:5:  React Hook useCallback has a missing dependency: 'getToken'. Either include it or remove the dependency array                                  react-hooks/exhaustive-deps
  Line 430:4:  React Hook useCallback has a missing dependency: 'getToken'. Either include it or remove the dependency array                                  react-hooks/exhaustive-deps
  Line 470:4:  React Hook useCallback has a missing dependency: 'getToken'. Either include it or remove the dependency array                                  react-hooks/exhaustive-deps
  Line 497:6:  React Hook useCallback has a missing dependency: 'getToken'. Either include it or remove the dependency array                                  react-hooks/exhaustive-deps

Search for the keywords to learn more about each warning.
To ignore, add // eslint-disable-next-line to the line before.

[1m[33mWARNING[39m[22m in [1m[eslint] 
src\Pages\Coowork\Coowork.jsx
  Line 37:32:  'EmptyState' is defined but never used  no-unused-vars

src\Routes\index.jsx
  Line 12:8:   'MarketRoute' is defined but never used          no-unused-vars
  Line 15:8:   'GenRoute' is defined but never used             no-unused-vars
  Line 48:8:   'NavBar' is defined but never used               no-unused-vars
  Line 51:8:   'LmAi' is defined but never used                 no-unused-vars
  Line 52:8:   'TTS' is defined but never used                  no-unused-vars
  Line 53:8:   'TextToSpeech' is defined but never used         no-unused-vars
  Line 97:8:   'ComunidadPage' is defined but never used        no-unused-vars
  Line 113:8:  'RegistroTiendaPage' is defined but never used   no-unused-vars
  Line 177:7:  'WikiLayout' is assigned a value but never used  no-unused-vars

src\components\Usuarios\Perfil.jsx
  Line 279:47:  Unnecessary escape character: \:  no-useless-escape

src\hooks\useTodos.jsx
  Line 179:6:  React Hook useCallback has a missing dependency: 'getToken'. Either include it or remove the dependency array                                  react-hooks/exhaustive-deps
  Line 221:5:  React Hook useCallback has missing dependencies: 'getToken' and 'preparePayloadForStrapi'. Either include them or remove the dependency array  react-hooks/exhaustive-deps
  Line 270:4:  React Hook useCallback has missing dependencies: 'getToken' and 'preparePayloadForStrapi'. Either include them or remove the dependency array  react-hooks/exhaustive-deps
  Line 296:6:  React Hook useCallback has a missing dependency: 'getToken'. Either include it or remove the dependency array                                  react-hooks/exhaustive-deps
  Line 332:5:  React Hook useCallback has a missing dependency: 'getToken'. Either include it or remove the dependency array                                  react-hooks/exhaustive-deps
  Line 369:5:  React Hook useCallback has a missing dependency: 'getToken'. Either include it or remove the dependency array                                  react-hooks/exhaustive-deps
  Line 430:4:  React Hook useCallback has a missing dependency: 'getToken'. Either include it or remove the dependency array                                  react-hooks/exhaustive-deps
  Line 470:4:  React Hook useCallback has a missing dependency: 'getToken'. Either include it or remove the dependency array                                  react-hooks/exhaustive-deps
  Line 497:6:  React Hook useCallback has a missing dependency: 'getToken'. Either include it or remove the dependency array                                  react-hooks/exhaustive-deps

[39m[22m

webpack compiled with [1m[33m1 warning[39m[22m
Compiling...
Compiled with warnings.

[eslint] 
src\Pages\Coowork\Coowork.jsx
  Line 37:32:  'EmptyState' is defined but never used  no-unused-vars

src\Routes\index.jsx
  Line 12:8:   'MarketRoute' is defined but never used          no-unused-vars
  Line 15:8:   'GenRoute' is defined but never used             no-unused-vars
  Line 48:8:   'NavBar' is defined but never used               no-unused-vars
  Line 51:8:   'LmAi' is defined but never used                 no-unused-vars
  Line 52:8:   'TTS' is defined but never used                  no-unused-vars
  Line 53:8:   'TextToSpeech' is defined but never used         no-unused-vars
  Line 97:8:   'ComunidadPage' is defined but never used        no-unused-vars
  Line 113:8:  'RegistroTiendaPage' is defined but never used   no-unused-vars
  Line 177:7:  'WikiLayout' is assigned a value but never used  no-unused-vars

src\components\Usuarios\Perfil.jsx
  Line 279:47:  Unnecessary escape character: \:  no-useless-escape

src\hooks\useTarea.jsx
  Line 16:3:   'getTareasApeladas' is defined but never used         no-unused-vars
  Line 19:24:  'resolverApelacionService' is defined but never used  no-unused-vars

src\hooks\useTodos.jsx
  Line 179:6:  React Hook useCallback has a missing dependency: 'getToken'. Either include it or remove the dependency array                                  react-hooks/exhaustive-deps
  Line 221:5:  React Hook useCallback has missing dependencies: 'getToken' and 'preparePayloadForStrapi'. Either include them or remove the dependency array  react-hooks/exhaustive-deps
  Line 270:4:  React Hook useCallback has missing dependencies: 'getToken' and 'preparePayloadForStrapi'. Either include them or remove the dependency array  react-hooks/exhaustive-deps
  Line 296:6:  React Hook useCallback has a missing dependency: 'getToken'. Either include it or remove the dependency array                                  react-hooks/exhaustive-deps
  Line 332:5:  React Hook useCallback has a missing dependency: 'getToken'. Either include it or remove the dependency array                                  react-hooks/exhaustive-deps
  Line 369:5:  React Hook useCallback has a missing dependency: 'getToken'. Either include it or remove the dependency array                                  react-hooks/exhaustive-deps
  Line 430:4:  React Hook useCallback has a missing dependency: 'getToken'. Either include it or remove the dependency array                                  react-hooks/exhaustive-deps
  Line 470:4:  React Hook useCallback has a missing dependency: 'getToken'. Either include it or remove the dependency array                                  react-hooks/exhaustive-deps
  Line 497:6:  React Hook useCallback has a missing dependency: 'getToken'. Either include it or remove the dependency array                                  react-hooks/exhaustive-deps

Search for the keywords to learn more about each warning.
To ignore, add // eslint-disable-next-line to the line before.

[1m[33mWARNING[39m[22m in [1m[eslint] 
src\Pages\Coowork\Coowork.jsx
  Line 37:32:  'EmptyState' is defined but never used  no-unused-vars

src\Routes\index.jsx
  Line 12:8:   'MarketRoute' is defined but never used          no-unused-vars
  Line 15:8:   'GenRoute' is defined but never used             no-unused-vars
  Line 48:8:   'NavBar' is defined but never used               no-unused-vars
  Line 51:8:   'LmAi' is defined but never used                 no-unused-vars
  Line 52:8:   'TTS' is defined but never used                  no-unused-vars
  Line 53:8:   'TextToSpeech' is defined but never used         no-unused-vars
  Line 97:8:   'ComunidadPage' is defined but never used        no-unused-vars
  Line 113:8:  'RegistroTiendaPage' is defined but never used   no-unused-vars
  Line 177:7:  'WikiLayout' is assigned a value but never used  no-unused-vars

src\components\Usuarios\Perfil.jsx
  Line 279:47:  Unnecessary escape character: \:  no-useless-escape

src\hooks\useTarea.jsx
  Line 16:3:   'getTareasApeladas' is defined but never used         no-unused-vars
  Line 19:24:  'resolverApelacionService' is defined but never used  no-unused-vars

src\hooks\useTodos.jsx
  Line 179:6:  React Hook useCallback has a missing dependency: 'getToken'. Either include it or remove the dependency array                                  react-hooks/exhaustive-deps
  Line 221:5:  React Hook useCallback has missing dependencies: 'getToken' and 'preparePayloadForStrapi'. Either include them or remove the dependency array  react-hooks/exhaustive-deps
  Line 270:4:  React Hook useCallback has missing dependencies: 'getToken' and 'preparePayloadForStrapi'. Either include them or remove the dependency array  react-hooks/exhaustive-deps
  Line 296:6:  React Hook useCallback has a missing dependency: 'getToken'. Either include it or remove the dependency array                                  react-hooks/exhaustive-deps
  Line 332:5:  React Hook useCallback has a missing dependency: 'getToken'. Either include it or remove the dependency array                                  react-hooks/exhaustive-deps
  Line 369:5:  React Hook useCallback has a missing dependency: 'getToken'. Either include it or remove the dependency array                                  react-hooks/exhaustive-deps
  Line 430:4:  React Hook useCallback has a missing dependency: 'getToken'. Either include it or remove the dependency array                                  react-hooks/exhaustive-deps
  Line 470:4:  React Hook useCallback has a missing dependency: 'getToken'. Either include it or remove the dependency array                                  react-hooks/exhaustive-deps
  Line 497:6:  React Hook useCallback has a missing dependency: 'getToken'. Either include it or remove the dependency array                                  react-hooks/exhaustive-deps

[39m[22m

webpack compiled with [1m[33m1 warning[39m[22m
Compiling...
Compiled with warnings.

[eslint] 
src\Pages\Coowork\Coowork.jsx
  Line 37:32:  'EmptyState' is defined but never used  no-unused-vars

src\Routes\index.jsx
  Line 12:8:   'MarketRoute' is defined but never used          no-unused-vars
  Line 15:8:   'GenRoute' is defined but never used             no-unused-vars
  Line 48:8:   'NavBar' is defined but never used               no-unused-vars
  Line 51:8:   'LmAi' is defined but never used                 no-unused-vars
  Line 52:8:   'TTS' is defined but never used                  no-unused-vars
  Line 53:8:   'TextToSpeech' is defined but never used         no-unused-vars
  Line 97:8:   'ComunidadPage' is defined but never used        no-unused-vars
  Line 113:8:  'RegistroTiendaPage' is defined but never used   no-unused-vars
  Line 177:7:  'WikiLayout' is assigned a value but never used  no-unused-vars

src\components\Usuarios\Perfil.jsx
  Line 279:47:  Unnecessary escape character: \:  no-useless-escape

src\hooks\useTodos.jsx
  Line 179:6:  React Hook useCallback has a missing dependency: 'getToken'. Either include it or remove the dependency array                                  react-hooks/exhaustive-deps
  Line 221:5:  React Hook useCallback has missing dependencies: 'getToken' and 'preparePayloadForStrapi'. Either include them or remove the dependency array  react-hooks/exhaustive-deps
  Line 270:4:  React Hook useCallback has missing dependencies: 'getToken' and 'preparePayloadForStrapi'. Either include them or remove the dependency array  react-hooks/exhaustive-deps
  Line 296:6:  React Hook useCallback has a missing dependency: 'getToken'. Either include it or remove the dependency array                                  react-hooks/exhaustive-deps
  Line 332:5:  React Hook useCallback has a missing dependency: 'getToken'. Either include it or remove the dependency array                                  react-hooks/exhaustive-deps
  Line 369:5:  React Hook useCallback has a missing dependency: 'getToken'. Either include it or remove the dependency array                                  react-hooks/exhaustive-deps
  Line 430:4:  React Hook useCallback has a missing dependency: 'getToken'. Either include it or remove the dependency array                                  react-hooks/exhaustive-deps
  Line 470:4:  React Hook useCallback has a missing dependency: 'getToken'. Either include it or remove the dependency array                                  react-hooks/exhaustive-deps
  Line 497:6:  React Hook useCallback has a missing dependency: 'getToken'. Either include it or remove the dependency array                                  react-hooks/exhaustive-deps

Search for the keywords to learn more about each warning.
To ignore, add // eslint-disable-next-line to the line before.

[1m[33mWARNING[39m[22m in [1m[eslint] 
src\Pages\Coowork\Coowork.jsx
  Line 37:32:  'EmptyState' is defined but never used  no-unused-vars

src\Routes\index.jsx
  Line 12:8:   'MarketRoute' is defined but never used          no-unused-vars
  Line 15:8:   'GenRoute' is defined but never used             no-unused-vars
  Line 48:8:   'NavBar' is defined but never used               no-unused-vars
  Line 51:8:   'LmAi' is defined but never used                 no-unused-vars
  Line 52:8:   'TTS' is defined but never used                  no-unused-vars
  Line 53:8:   'TextToSpeech' is defined but never used         no-unused-vars
  Line 97:8:   'ComunidadPage' is defined but never used        no-unused-vars
  Line 113:8:  'RegistroTiendaPage' is defined but never used   no-unused-vars
  Line 177:7:  'WikiLayout' is assigned a value but never used  no-unused-vars

src\components\Usuarios\Perfil.jsx
  Line 279:47:  Unnecessary escape character: \:  no-useless-escape

src\hooks\useTodos.jsx
  Line 179:6:  React Hook useCallback has a missing dependency: 'getToken'. Either include it or remove the dependency array                                  react-hooks/exhaustive-deps
  Line 221:5:  React Hook useCallback has missing dependencies: 'getToken' and 'preparePayloadForStrapi'. Either include them or remove the dependency array  react-hooks/exhaustive-deps
  Line 270:4:  React Hook useCallback has missing dependencies: 'getToken' and 'preparePayloadForStrapi'. Either include them or remove the dependency array  react-hooks/exhaustive-deps
  Line 296:6:  React Hook useCallback has a missing dependency: 'getToken'. Either include it or remove the dependency array                                  react-hooks/exhaustive-deps
  Line 332:5:  React Hook useCallback has a missing dependency: 'getToken'. Either include it or remove the dependency array                                  react-hooks/exhaustive-deps
  Line 369:5:  React Hook useCallback has a missing dependency: 'getToken'. Either include it or remove the dependency array                                  react-hooks/exhaustive-deps
  Line 430:4:  React Hook useCallback has a missing dependency: 'getToken'. Either include it or remove the dependency array                                  react-hooks/exhaustive-deps
  Line 470:4:  React Hook useCallback has a missing dependency: 'getToken'. Either include it or remove the dependency array                                  react-hooks/exhaustive-deps
  Line 497:6:  React Hook useCallback has a missing dependency: 'getToken'. Either include it or remove the dependency array                                  react-hooks/exhaustive-deps

[39m[22m

webpack compiled with [1m[33m1 warning[39m[22m
Compiling...
Compiled with warnings.

[eslint] 
src\Pages\Coowork\Coowork.jsx
  Line 37:32:  'EmptyState' is defined but never used  no-unused-vars

src\Routes\index.jsx
  Line 12:8:   'MarketRoute' is defined but never used          no-unused-vars
  Line 15:8:   'GenRoute' is defined but never used             no-unused-vars
  Line 46:8:   'ResolverApelaciones' is defined but never used  no-unused-vars
  Line 49:8:   'NavBar' is defined but never used               no-unused-vars
  Line 52:8:   'LmAi' is defined but never used                 no-unused-vars
  Line 53:8:   'TTS' is defined but never used                  no-unused-vars
  Line 54:8:   'TextToSpeech' is defined but never used         no-unused-vars
  Line 98:8:   'ComunidadPage' is defined but never used        no-unused-vars
  Line 114:8:  'RegistroTiendaPage' is defined but never used   no-unused-vars
  Line 178:7:  'WikiLayout' is assigned a value but never used  no-unused-vars

src\components\Usuarios\Perfil.jsx
  Line 279:47:  Unnecessary escape character: \:  no-useless-escape

src\hooks\useTodos.jsx
  Line 179:6:  React Hook useCallback has a missing dependency: 'getToken'. Either include it or remove the dependency array                                  react-hooks/exhaustive-deps
  Line 221:5:  React Hook useCallback has missing dependencies: 'getToken' and 'preparePayloadForStrapi'. Either include them or remove the dependency array  react-hooks/exhaustive-deps
  Line 270:4:  React Hook useCallback has missing dependencies: 'getToken' and 'preparePayloadForStrapi'. Either include them or remove the dependency array  react-hooks/exhaustive-deps
  Line 296:6:  React Hook useCallback has a missing dependency: 'getToken'. Either include it or remove the dependency array                                  react-hooks/exhaustive-deps
  Line 332:5:  React Hook useCallback has a missing dependency: 'getToken'. Either include it or remove the dependency array                                  react-hooks/exhaustive-deps
  Line 369:5:  React Hook useCallback has a missing dependency: 'getToken'. Either include it or remove the dependency array                                  react-hooks/exhaustive-deps
  Line 430:4:  React Hook useCallback has a missing dependency: 'getToken'. Either include it or remove the dependency array                                  react-hooks/exhaustive-deps
  Line 470:4:  React Hook useCallback has a missing dependency: 'getToken'. Either include it or remove the dependency array                                  react-hooks/exhaustive-deps
  Line 497:6:  React Hook useCallback has a missing dependency: 'getToken'. Either include it or remove the dependency array                                  react-hooks/exhaustive-deps

Search for the keywords to learn more about each warning.
To ignore, add // eslint-disable-next-line to the line before.

[1m[33mWARNING[39m[22m in [1m[eslint] 
src\Pages\Coowork\Coowork.jsx
  Line 37:32:  'EmptyState' is defined but never used  no-unused-vars

src\Routes\index.jsx
  Line 12:8:   'MarketRoute' is defined but never used          no-unused-vars
  Line 15:8:   'GenRoute' is defined but never used             no-unused-vars
  Line 46:8:   'ResolverApelaciones' is defined but never used  no-unused-vars
  Line 49:8:   'NavBar' is defined but never used               no-unused-vars
  Line 52:8:   'LmAi' is defined but never used                 no-unused-vars
  Line 53:8:   'TTS' is defined but never used                  no-unused-vars
  Line 54:8:   'TextToSpeech' is defined but never used         no-unused-vars
  Line 98:8:   'ComunidadPage' is defined but never used        no-unused-vars
  Line 114:8:  'RegistroTiendaPage' is defined but never used   no-unused-vars
  Line 178:7:  'WikiLayout' is assigned a value but never used  no-unused-vars

src\components\Usuarios\Perfil.jsx
  Line 279:47:  Unnecessary escape character: \:  no-useless-escape

src\hooks\useTodos.jsx
  Line 179:6:  React Hook useCallback has a missing dependency: 'getToken'. Either include it or remove the dependency array                                  react-hooks/exhaustive-deps
  Line 221:5:  React Hook useCallback has missing dependencies: 'getToken' and 'preparePayloadForStrapi'. Either include them or remove the dependency array  react-hooks/exhaustive-deps
  Line 270:4:  React Hook useCallback has missing dependencies: 'getToken' and 'preparePayloadForStrapi'. Either include them or remove the dependency array  react-hooks/exhaustive-deps
  Line 296:6:  React Hook useCallback has a missing dependency: 'getToken'. Either include it or remove the dependency array                                  react-hooks/exhaustive-deps
  Line 332:5:  React Hook useCallback has a missing dependency: 'getToken'. Either include it or remove the dependency array                                  react-hooks/exhaustive-deps
  Line 369:5:  React Hook useCallback has a missing dependency: 'getToken'. Either include it or remove the dependency array                                  react-hooks/exhaustive-deps
  Line 430:4:  React Hook useCallback has a missing dependency: 'getToken'. Either include it or remove the dependency array                                  react-hooks/exhaustive-deps
  Line 470:4:  React Hook useCallback has a missing dependency: 'getToken'. Either include it or remove the dependency array                                  react-hooks/exhaustive-deps
  Line 497:6:  React Hook useCallback has a missing dependency: 'getToken'. Either include it or remove the dependency array                                  react-hooks/exhaustive-deps

[39m[22m

webpack compiled with [1m[33m1 warning[39m[22m
Compiling...
Compiled with warnings.

[eslint] 
src\Pages\Coowork\Coowork.jsx
  Line 37:32:  'EmptyState' is defined but never used  no-unused-vars

src\Routes\index.jsx
  Line 12:8:   'MarketRoute' is defined but never used          no-unused-vars
  Line 15:8:   'GenRoute' is defined but never used             no-unused-vars
  Line 49:8:   'NavBar' is defined but never used               no-unused-vars
  Line 52:8:   'LmAi' is defined but never used                 no-unused-vars
  Line 53:8:   'TTS' is defined but never used                  no-unused-vars
  Line 54:8:   'TextToSpeech' is defined but never used         no-unused-vars
  Line 98:8:   'ComunidadPage' is defined but never used        no-unused-vars
  Line 114:8:  'RegistroTiendaPage' is defined but never used   no-unused-vars
  Line 178:7:  'WikiLayout' is assigned a value but never used  no-unused-vars

src\components\Usuarios\Perfil.jsx
  Line 279:47:  Unnecessary escape character: \:  no-useless-escape

src\hooks\useTodos.jsx
  Line 179:6:  React Hook useCallback has a missing dependency: 'getToken'. Either include it or remove the dependency array                                  react-hooks/exhaustive-deps
  Line 221:5:  React Hook useCallback has missing dependencies: 'getToken' and 'preparePayloadForStrapi'. Either include them or remove the dependency array  react-hooks/exhaustive-deps
  Line 270:4:  React Hook useCallback has missing dependencies: 'getToken' and 'preparePayloadForStrapi'. Either include them or remove the dependency array  react-hooks/exhaustive-deps
  Line 296:6:  React Hook useCallback has a missing dependency: 'getToken'. Either include it or remove the dependency array                                  react-hooks/exhaustive-deps
  Line 332:5:  React Hook useCallback has a missing dependency: 'getToken'. Either include it or remove the dependency array                                  react-hooks/exhaustive-deps
  Line 369:5:  React Hook useCallback has a missing dependency: 'getToken'. Either include it or remove the dependency array                                  react-hooks/exhaustive-deps
  Line 430:4:  React Hook useCallback has a missing dependency: 'getToken'. Either include it or remove the dependency array                                  react-hooks/exhaustive-deps
  Line 470:4:  React Hook useCallback has a missing dependency: 'getToken'. Either include it or remove the dependency array                                  react-hooks/exhaustive-deps
  Line 497:6:  React Hook useCallback has a missing dependency: 'getToken'. Either include it or remove the dependency array                                  react-hooks/exhaustive-deps

Search for the keywords to learn more about each warning.
To ignore, add // eslint-disable-next-line to the line before.

[1m[33mWARNING[39m[22m in [1m[eslint] 
src\Pages\Coowork\Coowork.jsx
  Line 37:32:  'EmptyState' is defined but never used  no-unused-vars

src\Routes\index.jsx
  Line 12:8:   'MarketRoute' is defined but never used          no-unused-vars
  Line 15:8:   'GenRoute' is defined but never used             no-unused-vars
  Line 49:8:   'NavBar' is defined but never used               no-unused-vars
  Line 52:8:   'LmAi' is defined but never used                 no-unused-vars
  Line 53:8:   'TTS' is defined but never used                  no-unused-vars
  Line 54:8:   'TextToSpeech' is defined but never used         no-unused-vars
  Line 98:8:   'ComunidadPage' is defined but never used        no-unused-vars
  Line 114:8:  'RegistroTiendaPage' is defined but never used   no-unused-vars
  Line 178:7:  'WikiLayout' is assigned a value but never used  no-unused-vars

src\components\Usuarios\Perfil.jsx
  Line 279:47:  Unnecessary escape character: \:  no-useless-escape

src\hooks\useTodos.jsx
  Line 179:6:  React Hook useCallback has a missing dependency: 'getToken'. Either include it or remove the dependency array                                  react-hooks/exhaustive-deps
  Line 221:5:  React Hook useCallback has missing dependencies: 'getToken' and 'preparePayloadForStrapi'. Either include them or remove the dependency array  react-hooks/exhaustive-deps
  Line 270:4:  React Hook useCallback has missing dependencies: 'getToken' and 'preparePayloadForStrapi'. Either include them or remove the dependency array  react-hooks/exhaustive-deps
  Line 296:6:  React Hook useCallback has a missing dependency: 'getToken'. Either include it or remove the dependency array                                  react-hooks/exhaustive-deps
  Line 332:5:  React Hook useCallback has a missing dependency: 'getToken'. Either include it or remove the dependency array                                  react-hooks/exhaustive-deps
  Line 369:5:  React Hook useCallback has a missing dependency: 'getToken'. Either include it or remove the dependency array                                  react-hooks/exhaustive-deps
  Line 430:4:  React Hook useCallback has a missing dependency: 'getToken'. Either include it or remove the dependency array                                  react-hooks/exhaustive-deps
  Line 470:4:  React Hook useCallback has a missing dependency: 'getToken'. Either include it or remove the dependency array                                  react-hooks/exhaustive-deps
  Line 497:6:  React Hook useCallback has a missing dependency: 'getToken'. Either include it or remove the dependency array                                  react-hooks/exhaustive-deps

[39m[22m

webpack compiled with [1m[33m1 warning[39m[22m
