
> ciudadan-app@0.1.0 start
> craco start

[32m✔[0m [33mConsole Ninja[0m extension is connected to [33mWebpack[0m, see [36mhttps://tinyurl.com/2vt8jxzw[0m
(node:362484) [DEP_WEBPACK_DEV_SERVER_ON_AFTER_SETUP_MIDDLEWARE] DeprecationWarning: 'onAfterSetupMiddleware' option is deprecated. Please use the 'setupMiddlewares' option.
(Use `node --trace-deprecation ...` to show where the warning was created)
(node:362484) [DEP_WEBPACK_DEV_SERVER_ON_BEFORE_SETUP_MIDDLEWARE] DeprecationWarning: 'onBeforeSetupMiddleware' option is deprecated. Please use the 'setupMiddlewares' option.
Starting the development server...

Compiled with warnings.

[eslint] 
src\Contexts\NotificationsContext.jsx
  Line 60:6:  React Hook useCallback has a missing dependency: 'USE_AUTH'. Either include it or remove the dependency array  react-hooks/exhaustive-deps

src\Pages\AnunciosRemunerados\AnunciosRemunerados.jsx
  Line 4:70:   'Stack' is defined but never used                   no-unused-vars
  Line 18:9:   'location' is assigned a value but never used       no-unused-vars
  Line 23:40:  'indiceActual' is assigned a value but never used   no-unused-vars
  Line 25:23:  'tieneToken' is assigned a value but never used     no-unused-vars
  Line 25:35:  'authToken' is assigned a value but never used      no-unused-vars
  Line 138:9:  'intentarSalir' is assigned a value but never used  no-unused-vars

src\Pages\Anuncios\Anuncios.jsx
  Line 4:8:    'axios' is defined but never used                                                                              no-unused-vars
  Line 19:11:  'slug' is assigned a value but never used                                                                      no-unused-vars
  Line 21:11:  'user' is assigned a value but never used                                                                      no-unused-vars
  Line 54:6:   React Hook useEffect has a missing dependency: 'basePrueba'. Either include it or remove the dependency array  react-hooks/exhaustive-deps

src\Pages\Blog\AgregarContenido.jsx
  Line 20:10:   'DatePicker' is defined but never used                          no-unused-vars
  Line 50:16:   'errorHook' is assigned a value but never used                  no-unused-vars
  Line 106:12:  'videosLibresPreview' is assigned a value but never used        no-unused-vars
  Line 107:12:  'videosRestringidosPreview' is assigned a value but never used  no-unused-vars

src\Pages\Blog\AgregarCurso.jsx
  Line 43:3:  'colorControlSecundarioHoover' is defined but never used  no-unused-vars

src\Pages\Blog\EditarContenido.jsx
  Line 3:8:   'BotonEliminar' is defined but never used                 no-unused-vars
  Line 12:5:  'colorControlSecundarioHoover' is defined but never used  no-unused-vars
  Line 14:5:  'botonEditor' is defined but never used                   no-unused-vars
  Line 15:5:  'botonEditorBorde' is defined but never used              no-unused-vars
  Line 16:5:  'botonEditorFondoHoover' is defined but never used        no-unused-vars
  Line 17:5:  'botonEditorBordeHoover' is defined but never used        no-unused-vars

src\Pages\Cartera\Billetera.jsx
  Line 55:51:  React Hook useEffect has a missing dependency: 'cargarCarteraYHistorial'. Either include it or remove the dependency array  react-hooks/exhaustive-deps

src\Pages\Cartera\FreeBoocks\Catalogo.jsx
  Line 5:7:  'translateText' is assigned a value but never used  no-unused-vars

src\Pages\ComunidadPage.jsx
  Line 4:8:   'Anuncios' is defined but never used                    no-unused-vars
  Line 9:11:  'isActivaMembresia' is assigned a value but never used  no-unused-vars
  Line 11:9:  'isMobile' is assigned a value but never used           no-unused-vars

src\Pages\Comunidad\Referir.jsx
  Line 22:9:  'isMobile' is assigned a value but never used                                                                      no-unused-vars
  Line 36:6:  React Hook useMemo has an unnecessary dependency: 'isJardinero'. Either exclude it or remove the dependency array  react-hooks/exhaustive-deps

src\Pages\Coowork\Coowork.jsx
  Line 42:32:  'EmptyState' is defined but never used  no-unused-vars

src\Pages\Cursos\Curso.jsx
  Line 36:9:  'params' is assigned a value but never used  no-unused-vars

src\Pages\Cursos\EditarCurso.jsx
  Line 3:8:    'BotonEliminar' is defined but never used                 no-unused-vars
  Line 86:11:  'quillRefRestringido' is assigned a value but never used  no-unused-vars

src\Pages\Eventos\Evento.jsx
  Line 26:8:   'ContentCopyIcon' is defined but never used      no-unused-vars
  Line 105:9:  'handleCopy' is assigned a value but never used  no-unused-vars

src\Pages\Eventos\EventosGrid.jsx
  Line 15:3:   'CircularProgress' is defined but never used     no-unused-vars
  Line 40:11:  'roles' is assigned a value but never used       no-unused-vars
  Line 40:18:  'membresia' is assigned a value but never used   no-unused-vars
  Line 43:9:   'diasSemana' is assigned a value but never used  no-unused-vars

src\Pages\Food\ComidaOfertas.jsx
  Line 9:3:   'Button' is defined but never used                                                                                no-unused-vars
  Line 11:3:  'CardContent' is defined but never used                                                                           no-unused-vars
  Line 12:3:  'CardMedia' is defined but never used                                                                             no-unused-vars
  Line 17:3:  'Stack' is defined but never used                                                                                 no-unused-vars
  Line 27:3:  'Restaurant' is defined but never used                                                                            no-unused-vars
  Line 38:9:  'isMobile' is assigned a value but never used                                                                     no-unused-vars
  Line 53:6:  React Hook useEffect has a missing dependency: 'cargarOfertas'. Either include it or remove the dependency array  react-hooks/exhaustive-deps
  Line 64:6:  React Hook useEffect has a missing dependency: 'cargarOfertas'. Either include it or remove the dependency array  react-hooks/exhaustive-deps

src\Pages\Food\ComidaProducto.jsx
  Line 42:9:   'isMobilDevice' is assigned a value but never used         no-unused-vars
  Line 43:20:  'cart' is assigned a value but never used                  no-unused-vars
  Line 43:26:  'clearCart' is assigned a value but never used             no-unused-vars
  Line 52:10:  'selectedModifiers' is assigned a value but never used     no-unused-vars
  Line 52:29:  'setSelectedModifiers' is assigned a value but never used  no-unused-vars

src\Pages\Food\ComprarFoodProduct.jsx
  Line 1:107:  'Tooltip' is defined but never used                    no-unused-vars
  Line 5:10:   'AnimatePresence' is defined but never used            no-unused-vars
  Line 11:8:   'PagoPorTienda' is defined but never used              no-unused-vars
  Line 37:10:  'loading' is assigned a value but never used           no-unused-vars
  Line 37:19:  'setLoading' is assigned a value but never used        no-unused-vars
  Line 38:10:  'error' is assigned a value but never used             no-unused-vars
  Line 38:17:  'setError' is assigned a value but never used          no-unused-vars
  Line 41:25:  'setEnvioEstimado' is assigned a value but never used  no-unused-vars
  Line 42:23:  'setRankingInfo' is assigned a value but never used    no-unused-vars
  Line 43:10:  'resenasData' is assigned a value but never used       no-unused-vars
  Line 43:23:  'setResenasData' is assigned a value but never used    no-unused-vars
  Line 46:21:  'setCarritoId' is assigned a value but never used      no-unused-vars

src\Pages\Food\Food.jsx
  Line 5:8:   'ProductoCard' is defined but never used          no-unused-vars
  Line 8:8:   'useProductos' is defined but never used          no-unused-vars
  Line 16:3:  'TextField' is defined but never used             no-unused-vars
  Line 18:3:  'Pagination' is defined but never used            no-unused-vars
  Line 43:9:  'SELL_ORANGE' is assigned a value but never used  no-unused-vars
  Line 46:9:  'isDesktop' is assigned a value but never used    no-unused-vars

src\Pages\Food\RegistroRestaurante.jsx
  Line 31:9:   'location' is assigned a value but never used             no-unused-vars
  Line 61:10:  'obteniendoUbicacion' is assigned a value but never used  no-unused-vars
  Line 62:10:  'mapCenter' is assigned a value but never used            no-unused-vars

src\Pages\Food\Restaurant.jsx
  Line 2:21:  'useLocation' is defined but never used                    no-unused-vars
  Line 4:8:   'Tabs' is defined but never used                           no-unused-vars
  Line 5:8:   'Tab' is defined but never used                            no-unused-vars
  Line 6:45:  'useMediaQuery' is defined but never used                  no-unused-vars
  Line 6:60:  'useTheme' is defined but never used                       no-unused-vars
  Line 8:8:   'StoreImagePlaceholder' is defined but never used          no-unused-vars
  Line 10:8:  'ProductosRestaurante' is defined but never used           no-unused-vars
  Line 11:8:  'AgregarProducto' is defined but never used                no-unused-vars
  Line 15:7:  'restaurantSectionKey' is assigned a value but never used  no-unused-vars
  Line 17:7:  'TABS' is assigned a value but never used                  no-unused-vars

src\Pages\Food\RestaurantAdministration.jsx
  Line 34:9:   'location' is assigned a value but never used        no-unused-vars
  Line 35:9:   'navigate' is assigned a value but never used        no-unused-vars
  Line 36:11:  'user' is assigned a value but never used            no-unused-vars
  Line 39:9:   'isMobileDevice' is assigned a value but never used  no-unused-vars

src\Pages\HomeRoute.jsx
  Line 27:8:  'TokenRoundedIcon' is defined but never used  no-unused-vars

src\Pages\Info\QuienesSomos.jsx
  Line 30:8:  'TrendingUpRoundedIcon' is defined but never used  no-unused-vars
  Line 34:8:  'economyImage' is defined but never used           no-unused-vars

src\Pages\IntegrarmeComunidad.jsx
  Line 188:10:  'openFaq' is assigned a value but never used     no-unused-vars
  Line 188:19:  'setOpenFaq' is assigned a value but never used  no-unused-vars
  Line 190:9:   'irACrear' is assigned a value but never used    no-unused-vars

src\Pages\MarketPlace\AgregarProducto.jsx
  Line 10:23:  'validarPaso1' is defined but never used               no-unused-vars
  Line 10:37:  'validarPaso2' is defined but never used               no-unused-vars
  Line 28:10:  'storeCP' is assigned a value but never used           no-unused-vars
  Line 34:11:  'getStoreByEmail' is assigned a value but never used   no-unused-vars
  Line 52:5:   'setFormSubmitted' is assigned a value but never used  no-unused-vars

src\Pages\MarketPlace\Compras.jsx
  Line 2:38:   'useMemo' is defined but never used         no-unused-vars
  Line 2:60:   'useRef' is defined but never used          no-unused-vars
  Line 20:3:   'Paper' is defined but never used           no-unused-vars
  Line 29:18:  'number' is defined but never used          no-unused-vars
  Line 35:8:   'FavoriteIcon' is defined but never used    no-unused-vars
  Line 36:8:   'StarIcon' is defined but never used        no-unused-vars
  Line 37:8:   'StarBorderIcon' is defined but never used  no-unused-vars

src\Pages\MarketPlace\FinalizarCompra.jsx
  Line 77:11:  'total' is assigned a value but never used           no-unused-vars
  Line 77:18:  'updateQuantity' is assigned a value but never used  no-unused-vars
  Line 83:10:  'localItems' is assigned a value but never used      no-unused-vars
  Line 84:10:  'localTotal' is assigned a value but never used      no-unused-vars

src\Pages\MarketPlace\FinalizarCompraProducto.jsx
  Line 8:8:    'ArrowBackIcon' is defined but never used         no-unused-vars
  Line 67:10:  'loading' is assigned a value but never used      no-unused-vars
  Line 68:10:  'error' is assigned a value but never used        no-unused-vars
  Line 73:10:  'resenasData' is assigned a value but never used  no-unused-vars

src\Pages\MarketPlace\MarketPage.jsx
  Line 21:3:  'TextField' is defined but never used                      no-unused-vars
  Line 24:3:  'Pagination' is defined but never used                     no-unused-vars
  Line 33:9:  'navigate' is assigned a value but never used              no-unused-vars
  Line 34:9:  'location' is assigned a value but never used              no-unused-vars
  Line 42:5:  'calificacionPromedio' is assigned a value but never used  no-unused-vars

src\Pages\MarketPlace\MarketPlace.jsx
  Line 54:12:  'errorFiltros' is assigned a value but never used  no-unused-vars

src\Pages\MarketPlace\PagosTienda.jsx
  Line 63:11:  'slug' is assigned a value but never used  no-unused-vars

src\Pages\MarketPlace\PedidosEntregados.jsx
  Line 239:21:  'subtotal' is assigned a value but never used  no-unused-vars
  Line 240:21:  'envio' is assigned a value but never used     no-unused-vars

src\Pages\MarketPlace\PedidosPendientes.jsx
  Line 2:38:   'useCallback' is defined but never used                      no-unused-vars
  Line 57:11:  'user' is assigned a value but never used                    no-unused-vars
  Line 57:17:  'getAccessTokenSilently' is assigned a value but never used  no-unused-vars
  Line 57:41:  'isAuthenticated' is assigned a value but never used         no-unused-vars
  Line 62:10:  'pagination' is assigned a value but never used              no-unused-vars
  Line 67:9:   'conAutenticacion' is assigned a value but never used        no-unused-vars

src\Pages\MarketPlace\Producto.jsx
  Line 13:3:   'Button' is defined but never used                no-unused-vars
  Line 33:8:   'PreguntasProducto' is defined but never used     no-unused-vars
  Line 68:10:  'resenasData' is assigned a value but never used  no-unused-vars

src\Pages\MarketPlace\RegisterStoreStepper.jsx
  Line 33:9:  'location' is assigned a value but never used          no-unused-vars
  Line 64:5:  'finishStoreSetup' is assigned a value but never used  no-unused-vars

src\Pages\MarketPlace\RegistroTienda.jsx
  Line 5:3:    'Stepper' is defined but never used                    no-unused-vars
  Line 6:3:    'Step' is defined but never used                       no-unused-vars
  Line 7:3:    'StepLabel' is defined but never used                  no-unused-vars
  Line 9:3:    'TextField' is defined but never used                  no-unused-vars
  Line 10:3:   'CircularProgress' is defined but never used           no-unused-vars
  Line 15:10:  'slugify' is defined but never used                    no-unused-vars
  Line 16:10:  'GoogleMap' is defined but never used                  no-unused-vars
  Line 16:21:  'Marker' is defined but never used                     no-unused-vars
  Line 22:8:   'ActivaTuMembresia' is defined but never used          no-unused-vars
  Line 25:7:   'steps' is assigned a value but never used             no-unused-vars
  Line 28:9:   'location' is assigned a value but never used          no-unused-vars
  Line 29:9:   'navigate' is assigned a value but never used          no-unused-vars
  Line 33:10:  'activeStep' is assigned a value but never used        no-unused-vars
  Line 34:10:  'storeName' is assigned a value but never used         no-unused-vars
  Line 34:21:  'setStoreName' is assigned a value but never used      no-unused-vars
  Line 35:10:  'error' is assigned a value but never used             no-unused-vars
  Line 35:17:  'setError' is assigned a value but never used          no-unused-vars
  Line 36:10:  'loading' is assigned a value but never used           no-unused-vars
  Line 36:19:  'setLoading' is assigned a value but never used        no-unused-vars
  Line 37:10:  'laTienda' is assigned a value but never used          no-unused-vars
  Line 38:10:  'direccionData' is assigned a value but never used     no-unused-vars
  Line 48:5:   'createStore' is assigned a value but never used       no-unused-vars
  Line 49:5:   'getStoreBySlug' is assigned a value but never used    no-unused-vars
  Line 51:5:   'updateStore' is assigned a value but never used       no-unused-vars
  Line 52:5:   'onboardingStripe' is assigned a value but never used  no-unused-vars
  Line 53:5:   'createDireccion' is assigned a value but never used   no-unused-vars
  Line 54:5:   'finishStoreSetup' is assigned a value but never used  no-unused-vars

src\Pages\MiMembresia.jsx
  Line 5:11:  'roles' is assigned a value but never used  no-unused-vars

src\Pages\Notificacion.jsx
  Line 40:9:  The 'notificaciones' logical expression could make the dependencies of useMemo Hook (at line 58) change on every render. Move it inside the useMemo callback. Alternatively, wrap the initialization of 'notificaciones' in its own useMemo() Hook  react-hooks/exhaustive-deps

src\Pages\Notificacions.jsx
  Line 67:9:   The 'notificaciones' logical expression could make the dependencies of useMemo Hook (at line 148) change on every render. To fix this, wrap the initialization of 'notificaciones' in its own useMemo() Hook  react-hooks/exhaustive-deps
  Line 82:20:  'setPageSize' is assigned a value but never used                                                                                                                                                              no-unused-vars
  Line 108:6:  React Hook useEffect has a missing dependency: 'notificaciones'. Either include it or remove the dependency array                                                                                             react-hooks/exhaustive-deps
  Line 108:7:  React Hook useEffect has a complex expression in the dependency array. Extract it to a separate variable so it can be statically checked                                                                      react-hooks/exhaustive-deps

src\Pages\PreRegistroConductor.jsx
  Line 11:9:  'navigate' is assigned a value but never used  no-unused-vars

src\Pages\TaxisRoute.jsx
  Line 17:9:  The 'actualRoles' conditional could make the dependencies of useEffect Hook (at line 61) change on every render. To fix this, wrap the initialization of 'actualRoles' in its own useMemo() Hook  react-hooks/exhaustive-deps

src\Routes\index.jsx
  Line 16:8:    'MarketRoute' is defined but never used          no-unused-vars
  Line 21:8:    'GenRoute' is defined but never used             no-unused-vars
  Line 44:8:    'WikiHome' is defined but never used             no-unused-vars
  Line 60:8:    'NavBar' is defined but never used               no-unused-vars
  Line 63:8:    'LmAi' is defined but never used                 no-unused-vars
  Line 64:8:    'TTS' is defined but never used                  no-unused-vars
  Line 65:8:    'TextToSpeech' is defined but never used         no-unused-vars
  Line 111:8:   'ComunidadPage' is defined but never used        no-unused-vars
  Line 127:8:   'RegistroTiendaPage' is defined but never used   no-unused-vars
  Line 260:7:   'WikiLayout' is assigned a value but never used  no-unused-vars
  Line 295:11:  'roleValues' is assigned a value but never used  no-unused-vars

src\components\Academia\Rompecabezas.jsx
  Line 38:9:   'navigate' is assigned a value but never used                                                                no-unused-vars
  Line 40:9:   'location' is assigned a value but never used                                                                no-unused-vars
  Line 112:6:  React Hook useEffect has a missing dependency: 'controls'. Either include it or remove the dependency array  react-hooks/exhaustive-deps

src\components\Anuncios\AnunciosPorDefecto.jsx
  Line 2:28:    'useMemo' is defined but never used                                                                                                                                                                                                                                                           no-unused-vars
  Line 99:6:    React Hook useEffect has a missing dependency: 'initialPercentages'. Either include it or remove the dependency array. If 'setPositions' needs the current value of 'initialPercentages', you can also switch to useReducer instead of useState and read 'initialPercentages' in the reducer  react-hooks/exhaustive-deps
  Line 99:14:   React Hook useEffect has a complex expression in the dependency array. Extract it to a separate variable so it can be statically checked                                                                                                                                                      react-hooks/exhaustive-deps
  Line 216:10:  'updatingAdId' is assigned a value but never used                                                                                                                                                                                                                                             no-unused-vars

src\components\Anuncios\AnunciosProgramados.jsx
  Line 10:11:  'userData' is assigned a value but never used  no-unused-vars

src\components\AuthGate.jsx
  Line 37:9:  'navigate' is assigned a value but never used  no-unused-vars

src\components\Blog\BotonEliminar.jsx
  Line 6:11:  'isAuthenticated' is assigned a value but never used  no-unused-vars
  Line 6:39:  'user' is assigned a value but never used             no-unused-vars

src\components\Blog\Contenidos.jsx
  Line 34:9:  'esEditor' is assigned a value but never used  no-unused-vars

src\components\BottomSheet.jsx
  Line 1:38:  'useRef' is defined but never used  no-unused-vars

src\components\Cursos\Cursos.jsx
  Line 19:3:   'CircularProgress' is defined but never used           no-unused-vars
  Line 48:9:   'titulo' is already defined                            no-redeclare
  Line 52:9:   'titulo' is already defined                            no-redeclare
  Line 53:9:   'mostrarCategorias' is already defined                 no-redeclare
  Line 56:9:   'titulo' is already defined                            no-redeclare
  Line 57:9:   'mostrarCategorias' is already defined                 no-redeclare
  Line 61:9:   'clasifica' is assigned a value but never used         no-unused-vars
  Line 80:9:   'isDesktop' is assigned a value but never used         no-unused-vars
  Line 89:10:  'loadingMisCursos' is assigned a value but never used  no-unused-vars

src\components\Eventos\UbicacionEvento.jsx
  Line 59:10:  'direccion' is assigned a value but never used  no-unused-vars

src\components\Eventos\index.jsx
  Line 3:15:  'Typography' is defined but never used  no-unused-vars

src\components\Food\AgregarProducto.jsx
  Line 116:3:  Duplicate key 'calorias'  no-dupe-keys

src\components\Food\DetalleFoodProduct.jsx
  Line 2:17:   'useEffect' is defined but never used                no-unused-vars
  Line 13:3:   'IconButton' is defined but never used               no-unused-vars
  Line 21:8:   'FavoriteBorderIcon' is defined but never used       no-unused-vars
  Line 22:8:   'FavoriteIcon' is defined but never used             no-unused-vars
  Line 32:7:   'STRAPI_URL' is assigned a value but never used      no-unused-vars
  Line 62:7:   'usa_stock' is assigned a value but never used       no-unused-vars
  Line 71:10:  'costoEnvio' is assigned a value but never used      no-unused-vars
  Line 71:22:  'setCostoEnvio' is assigned a value but never used   no-unused-vars
  Line 77:10:  'favAdded' is assigned a value but never used        no-unused-vars
  Line 80:24:  'existeFavorito' is assigned a value but never used  no-unused-vars

src\components\Food\FoodCheckout.jsx
  Line 52:14:  'uberLoading' is assigned a value but never used       no-unused-vars
  Line 53:12:  'uberError' is assigned a value but never used         no-unused-vars
  Line 56:5:   'getRestaurantFee' is assigned a value but never used  no-unused-vars
  Line 66:10:  'errorCotizacion' is assigned a value but never used   no-unused-vars

src\components\Food\FoodCheckoutPago.jsx
  Line 12:3:  'CardContent' is defined but never used  no-unused-vars

src\components\Food\FoodOrderDetailModal.jsx
  Line 16:3:  'Payment' is defined but never used  no-unused-vars

src\components\Food\FoodProductCard.jsx
  Line 30:5:   'calificaciones' is assigned a value but never used          no-unused-vars
  Line 31:5:   'vendidos' is assigned a value but never used                no-unused-vars
  Line 33:5:   'descripcion' is assigned a value but never used             no-unused-vars
  Line 36:5:   'calorias' is assigned a value but never used                no-unused-vars
  Line 38:5:   'porciones' is assigned a value but never used               no-unused-vars
  Line 39:5:   'es_picante' is assigned a value but never used              no-unused-vars
  Line 40:5:   'nivel_picante' is assigned a value but never used           no-unused-vars
  Line 47:5:   'ingredientes' is assigned a value but never used            no-unused-vars
  Line 48:5:   'alergenos' is assigned a value but never used               no-unused-vars
  Line 49:5:   'temperatura' is assigned a value but never used             no-unused-vars
  Line 50:5:   'horario_disponibilidad' is assigned a value but never used  no-unused-vars
  Line 51:5:   'fecha_creacion' is assigned a value but never used          no-unused-vars
  Line 53:5:   'owner_email' is assigned a value but never used             no-unused-vars
  Line 57:9:   'theme' is assigned a value but never used                   no-unused-vars
  Line 59:20:  'setFavorito' is assigned a value but never used             no-unused-vars
  Line 60:10:  'activado' is assigned a value but never used                no-unused-vars
  Line 60:20:  'setActivado' is assigned a value but never used             no-unused-vars
  Line 65:9:   'promedioDisplay' is assigned a value but never used         no-unused-vars

src\components\Food\ModificadoresOferta.jsx
  Line 1:17:  'useMemo' is defined but never used  no-unused-vars

src\components\Food\ModificadoresRestaurante.jsx
  Line 28:3:  'Delete' is defined but never used  no-unused-vars

src\components\Food\OfertasRestaurante.jsx
  Line 1:28:  'useMemo' is defined but never used                      no-unused-vars
  Line 19:3:  'Select' is defined but never used                       no-unused-vars
  Line 29:3:  'Edit' is defined but never used                         no-unused-vars
  Line 31:3:  'Restaurant' is defined but never used                   no-unused-vars
  Line 40:5:  'loading' is assigned a value but never used             no-unused-vars
  Line 41:5:  'error' is assigned a value but never used               no-unused-vars
  Line 64:9:  'handleEditarOferta' is assigned a value but never used  no-unused-vars

src\components\Food\PagoPedidoRestaurante.jsx
  Line 29:26:  'setUploadedFileId' is assigned a value but never used   no-unused-vars
  Line 30:27:  'setUploadedFileUrl' is assigned a value but never used  no-unused-vars

src\components\Food\PedidoDetalleModal.jsx
  Line 18:8:  'LocalShippingIcon' is defined but never used  no-unused-vars

src\components\Food\PedidosRestaurante.jsx
  Line 9:3:   'IconButton' is defined but never used                          no-unused-vars
  Line 13:3:  'Tooltip' is defined but never used                             no-unused-vars
  Line 21:8:  'CheckCircleOutlineOutlinedIcon' is defined but never used      no-unused-vars
  Line 69:5:  'updatingPedido' is assigned a value but never used             no-unused-vars
  Line 70:5:  'error' is assigned a value but never used                      no-unused-vars
  Line 74:5:  'marcarEntregado' is assigned a value but never used            no-unused-vars
  Line 75:5:  'cancelar' is assigned a value but never used                   no-unused-vars
  Line 79:5:  'limpiarPedidoSeleccionado' is assigned a value but never used  no-unused-vars

src\components\Food\ProductoCardOwner.jsx
  Line 1:17:   'useEffect' is defined but never used                        no-unused-vars
  Line 19:8:   'LocalShippingIcon' is defined but never used                no-unused-vars
  Line 20:8:   'AddShoppingCartIcon' is defined but never used              no-unused-vars
  Line 21:8:   'PlaceIcon' is defined but never used                        no-unused-vars
  Line 41:5:   'es_picante' is assigned a value but never used              no-unused-vars
  Line 48:5:   'contiene_cerdo' is assigned a value but never used          no-unused-vars
  Line 52:5:   'horario_disponibilidad' is assigned a value but never used  no-unused-vars
  Line 53:5:   'fecha_creacion' is assigned a value but never used          no-unused-vars
  Line 55:5:   'owner_email' is assigned a value but never used             no-unused-vars
  Line 58:9:   'theme' is assigned a value but never used                   no-unused-vars
  Line 59:9:   'navigate' is assigned a value but never used                no-unused-vars
  Line 60:20:  'setFavorito' is assigned a value but never used             no-unused-vars
  Line 61:20:  'setActivado' is assigned a value but never used             no-unused-vars

src\components\Food\ProductoVarianteFormDialog.jsx
  Line 100:6:  React Hook useEffect has missing dependencies: 'alergenosBase', 'imagenPredeterminadaBase', 'imagenesBase', and 'ingredientesBase'. Either include them or remove the dependency array. If 'setIngredientes' needs the current value of 'ingredientesBase', you can also switch to useReducer instead of useState and read 'ingredientesBase' in the reducer  react-hooks/exhaustive-deps

src\components\Home\Intro.jsx
  Line 36:6:  React Hook useEffect has a missing dependency: 'characters.length'. Either include it or remove the dependency array     react-hooks/exhaustive-deps
  Line 41:6:  React Hook useEffect has a missing dependency: 'rotatingInner.length'. Either include it or remove the dependency array  react-hooks/exhaustive-deps

src\components\MarketPlace\BotonVender.jsx
  Line 3:10:   'useEffect' is defined but never used          no-unused-vars
  Line 11:10:  'checking' is assigned a value but never used  no-unused-vars

src\components\MarketPlace\Buscador.jsx
  Line 6:3:   'InputAdornment' is defined but never used  no-unused-vars
  Line 11:8:  'SearchOffIcon' is defined but never used   no-unused-vars
  Line 12:8:  'SearchIcon' is defined but never used      no-unused-vars

src\components\MarketPlace\CalificarCompras.jsx
  Line 8:3:  'CardContent' is defined but never used  no-unused-vars

src\components\MarketPlace\CategoriaCard.jsx
  Line 16:9:  'handleClick' is assigned a value but never used  no-unused-vars

src\components\MarketPlace\CategoriasSlider.jsx
  Line 8:9:  'isDesktop' is assigned a value but never used  no-unused-vars

src\components\MarketPlace\ChecarPagoTienda.jsx
  Line 33:9:  'hasPago' is assigned a value but never used  no-unused-vars

src\components\MarketPlace\DetalleProducto.jsx
  Line 24:8:   'useFavoritos' is defined but never used         no-unused-vars
  Line 48:11:  'user' is assigned a value but never used        no-unused-vars
  Line 59:10:  'favoritoId' is assigned a value but never used  no-unused-vars

src\components\MarketPlace\DireccionSelector.jsx
  Line 59:10:  'mapCenter' is assigned a value but never used            no-unused-vars
  Line 60:10:  'obteniendoUbicacion' is assigned a value but never used  no-unused-vars

src\components\MarketPlace\PagoPorTienda.jsx
  Line 38:26:  'setUploadedFileId' is assigned a value but never used   no-unused-vars
  Line 39:27:  'setUploadedFileUrl' is assigned a value but never used  no-unused-vars

src\components\MarketPlace\PreguntasProductoHeader.jsx
  Line 23:8:  React Hook useEffect has a missing dependency: 'obtenerPreguntas'. Either include it or remove the dependency array  react-hooks/exhaustive-deps

src\components\MarketPlace\PreguntasProductos.jsx
  Line 5:3:   'TextField' is defined but never used    no-unused-vars
  Line 6:3:   'Button' is defined but never used       no-unused-vars
  Line 7:3:   'Divider' is defined but never used      no-unused-vars
  Line 12:3:  'Card' is defined but never used         no-unused-vars
  Line 13:3:  'Stack' is defined but never used        no-unused-vars
  Line 14:3:  'CardContent' is defined but never used  no-unused-vars
  Line 15:3:  'Chip' is defined but never used         no-unused-vars

src\components\MarketPlace\PreguntasProductosNew.jsx
  Line 54:6:  React Hook useEffect has a missing dependency: 'cargarPreguntas'. Either include it or remove the dependency array  react-hooks/exhaustive-deps

src\components\MarketPlace\ProductoCard.jsx
  Line 45:7:   'FAVORITOS_URL' is assigned a value but never used  no-unused-vars
  Line 69:9:   'theme' is assigned a value but never used          no-unused-vars
  Line 73:10:  'favoritoId' is assigned a value but never used     no-unused-vars

src\components\Membresias\MembershipCheckout.jsx
  Line 58:53:  'logout' is assigned a value but never used  no-unused-vars

src\components\Membresias\MiMembresia.jsx
  Line 3:52:  'CircularProgress' is defined but never used  no-unused-vars

src\components\Membresias\ProbarMembresia.jsx
  Line 22:10:  'plane' is assigned a value but never used  no-unused-vars

src\components\NavBar\NavBar.jsx
  Line 57:10:  'isInfoMenuOpen' is assigned a value but never used                                                            no-unused-vars
  Line 62:9:   'InfoRef' is assigned a value but never used                                                                   no-unused-vars
  Line 142:9:  'toggleTopBar' is assigned a value but never used                                                              no-unused-vars
  Line 163:6:  React Hook useEffect has a missing dependency: 'topBarOpen'. Either include it or remove the dependency array  react-hooks/exhaustive-deps
  Line 192:9:  'pushLocalNotification' is assigned a value but never used                                                     no-unused-vars

src\components\NavBar\NavButton.jsx
  Line 6:9:  'navigate' is assigned a value but never used  no-unused-vars

src\components\NavBar\NotificationsIcon.jsx
  Line 17:47:  'loading' is assigned a value but never used  no-unused-vars

src\components\NavBar\UserIcon.jsx
  Line 1:38:  'useRef' is defined but never used                                                                                                                                                                                                                                   no-unused-vars
  Line 11:5:  'isLoading' is assigned a value but never used                                                                                                                                                                                                                       no-unused-vars
  Line 14:5:  'getAccessTokenSilently' is assigned a value but never used                                                                                                                                                                                                          no-unused-vars
  Line 15:5:  'error' is assigned a value but never used                                                                                                                                                                                                                           no-unused-vars
  Line 27:6:  React Hook useEffect has a missing dependency: 'guestImage'. Either include it or remove the dependency array. If 'setImageSrc' needs the current value of 'guestImage', you can also switch to useReducer instead of useState and read 'guestImage' in the reducer  react-hooks/exhaustive-deps

src\components\ShareButton.jsx
  Line 133:11:  'text' is assigned a value but never used  no-unused-vars

src\components\Taxis\AdeudoWarning.jsx
  Line 24:11:  'phone' is assigned a value but never used  no-unused-vars

src\components\Taxis\ConductorRender.jsx
  Line 14:21:  'formatPrice' is assigned a value but never used  no-unused-vars
  Line 68:11:  'STRAPI_URL' is assigned a value but never used   no-unused-vars

src\components\Taxis\Invitado.jsx
  Line 240:9:   The href attribute requires a valid value to be accessible. Provide a valid, navigable address as the href value. If you cannot provide a valid href, but still need the element to resemble a link, use a button and change it with appropriate styles. Learn more: https://github.com/jsx-eslint/eslint-plugin-jsx-a11y/blob/HEAD/docs/rules/anchor-is-valid.md  jsx-a11y/anchor-is-valid
  Line 301:13:  The href attribute requires a valid value to be accessible. Provide a valid, navigable address as the href value. If you cannot provide a valid href, but still need the element to resemble a link, use a button and change it with appropriate styles. Learn more: https://github.com/jsx-eslint/eslint-plugin-jsx-a11y/blob/HEAD/docs/rules/anchor-is-valid.md  jsx-a11y/anchor-is-valid
  Line 320:13:  Duplicate key 'color'                                                                                                                                                                                                                                                                                                                                              no-dupe-keys
  Line 338:11:  The href attribute requires a valid value to be accessible. Provide a valid, navigable address as the href value. If you cannot provide a valid href, but still need the element to resemble a link, use a button and change it with appropriate styles. Learn more: https://github.com/jsx-eslint/eslint-plugin-jsx-a11y/blob/HEAD/docs/rules/anchor-is-valid.md  jsx-a11y/anchor-is-valid

src\components\Taxis\Pasajero.jsx
  Line 16:7:   'DEFAULT_FROM' is assigned a value but never used        no-unused-vars
  Line 51:10:  'fromMarkerPosition' is assigned a value but never used  no-unused-vars
  Line 52:10:  'toMarkerPosition' is assigned a value but never used    no-unused-vars
  Line 66:10:  'debtsError' is assigned a value but never used          no-unused-vars

src\components\Taxis\Roles.jsx
  Line 1:17:  'useState' is defined but never used   no-unused-vars
  Line 1:27:  'useEffect' is defined but never used  no-unused-vars
  Line 1:38:  'useRef' is defined but never used     no-unused-vars
  Line 2:29:  'Button' is defined but never used     no-unused-vars
  Line 2:37:  'Link' is defined but never used       no-unused-vars

src\components\Taxis\driver-verification\VerificationSidebar.jsx
  Line 5:3:   'Box' is defined but never used             no-unused-vars
  Line 7:3:   'LinearProgress' is defined but never used  no-unused-vars
  Line 12:3:  'Stack' is defined but never used           no-unused-vars

src\components\Taxiz\ConductorRender.jsx
  Line 14:21:  'formatPrice' is assigned a value but never used  no-unused-vars

src\components\Taxiz\ConfirmPayment.jsx
  Line 1:17:  'useEffect' is defined but never used  no-unused-vars

src\components\Taxiz\ConfirmarCancelar.jsx
  Line 1:28:  'useState' is defined but never used                                                                                                                                                                                                             no-unused-vars
  Line 14:8:  React Hook useEffect has missing dependencies: 'onSubmit' and 'setOpen'. Either include them or remove the dependency array. If 'onSubmit' changes too often, find the parent component that defines it and wrap that definition in useCallback  react-hooks/exhaustive-deps

src\components\Taxiz\Pasajero.jsx
  Line 24:10:  'fromMarkerPosition' is assigned a value but never used  no-unused-vars
  Line 25:10:  'toMarkerPosition' is assigned a value but never used    no-unused-vars
  Line 51:10:  'offers' is assigned a value but never used              no-unused-vars

src\components\Taxiz\PasajeroTermsModal.jsx
  Line 22:11:  Duplicate key 'position'  no-dupe-keys

src\components\Taxiz\PreRegistroConductor2.jsx
  Line 442:9:  'currentDocsList' is assigned a value but never used  no-unused-vars

src\components\Taxiz\RequisitosConductor.jsx
  Line 10:9:  'navigate' is assigned a value but never used  no-unused-vars

src\components\Taxiz\Roles.jsx
  Line 1:17:  'useState' is defined but never used   no-unused-vars
  Line 1:27:  'useEffect' is defined but never used  no-unused-vars
  Line 1:38:  'useRef' is defined but never used     no-unused-vars
  Line 2:29:  'Button' is defined but never used     no-unused-vars
  Line 2:37:  'Link' is defined but never used       no-unused-vars

src\components\Taxiz\TripView.jsx
  Line 13:8:   'guestImage' is defined but never used                         no-unused-vars
  Line 91:10:  'loadingViaje' is assigned a value but never used              no-unused-vars
  Line 92:30:  'setDriverPaymentState' is assigned a value but never used     no-unused-vars
  Line 93:33:  'setPassengerPaymentState' is assigned a value but never used  no-unused-vars

src\components\Usuarios\Favoritos.jsx
  Line 95:73:  React Hook useMemo has a missing dependency: 'tabs'. Either include it or remove the dependency array  react-hooks/exhaustive-deps

src\components\Usuarios\Perfil.jsx
  Line 400:47:  Unnecessary escape character: \:  no-useless-escape

src\components\components\Taxis\RequisitosConductor.jsx
  Line 31:11:  Duplicate key 'position'  no-dupe-keys

src\hooks\food\useProductsRestaurant.jsx
  Line 11:17:  'setError' is assigned a value but never used  no-unused-vars

src\hooks\storeAdmin\useStoreAdminPedidos.jsx
  Line 1:20:  'useEffect' is defined but never used    no-unused-vars
  Line 1:31:  'useCallback' is defined but never used  no-unused-vars

src\hooks\useAdRewards.jsx
  Line 143:6:  React Hook useCallback has a missing dependency: 'refreshSesion'. Either include it or remove the dependency array  react-hooks/exhaustive-deps
  Line 150:6:  React Hook useCallback has a missing dependency: 'refreshSesion'. Either include it or remove the dependency array  react-hooks/exhaustive-deps
  Line 175:6:  React Hook useEffect has a missing dependency: 'setEstadoItem'. Either include it or remove the dependency array    react-hooks/exhaustive-deps

src\hooks\useContenido.jsx
  Line 1:20:   'useEffect' is defined but never used                        no-unused-vars
  Line 12:15:  'getAccessTokenSilently' is assigned a value but never used  no-unused-vars
  Line 18:17:  'setTotal' is assigned a value but never used                no-unused-vars

src\hooks\useCursos.jsx
  Line 12:17:  'getAccessTokenSilently' is assigned a value but never used                                                                          no-unused-vars
  Line 25:17:  'setTotal' is assigned a value but never used                                                                                        no-unused-vars
  Line 31:6:   React Hook useEffect has missing dependencies: 'fetchCursos' and 'fetchMaestro'. Either include them or remove the dependency array  react-hooks/exhaustive-deps

src\hooks\useEventos.jsx
  Line 35:6:  React Hook useEffect has a missing dependency: 'fetchEventos'. Either include it or remove the dependency array  react-hooks/exhaustive-deps

src\hooks\useProductos.jsx
  Line 114:10:  'producto' is assigned a value but never used    no-unused-vars
  Line 124:9:   'mountedRef' is assigned a value but never used  no-unused-vars

src\hooks\useSkills\useSkills.js
  Line 24:11:  'user' is assigned a value but never used  no-unused-vars

src\hooks\useStores.jsx
  Line 2:10:  'slugify' is defined but never used  no-unused-vars

src\services\adRewards\mutationsServices.js
  Line 3:7:  'authHeaders' is assigned a value but never used  no-unused-vars

src\services\adRewards\queryServices.js
  Line 3:7:  'authHeaders' is assigned a value but never used  no-unused-vars

src\services\wikiService.ts
  Line 21:46:  Unnecessary escape character: \/  no-useless-escape

Search for the keywords to learn more about each warning.
To ignore, add // eslint-disable-next-line to the line before.

WARNING in [eslint] 
src\Contexts\NotificationsContext.jsx
  Line 60:6:  React Hook useCallback has a missing dependency: 'USE_AUTH'. Either include it or remove the dependency array  react-hooks/exhaustive-deps

src\Pages\AnunciosRemunerados\AnunciosRemunerados.jsx
  Line 4:70:   'Stack' is defined but never used                   no-unused-vars
  Line 18:9:   'location' is assigned a value but never used       no-unused-vars
  Line 23:40:  'indiceActual' is assigned a value but never used   no-unused-vars
  Line 25:23:  'tieneToken' is assigned a value but never used     no-unused-vars
  Line 25:35:  'authToken' is assigned a value but never used      no-unused-vars
  Line 138:9:  'intentarSalir' is assigned a value but never used  no-unused-vars

src\Pages\Anuncios\Anuncios.jsx
  Line 4:8:    'axios' is defined but never used                                                                              no-unused-vars
  Line 19:11:  'slug' is assigned a value but never used                                                                      no-unused-vars
  Line 21:11:  'user' is assigned a value but never used                                                                      no-unused-vars
  Line 54:6:   React Hook useEffect has a missing dependency: 'basePrueba'. Either include it or remove the dependency array  react-hooks/exhaustive-deps

src\Pages\Blog\AgregarContenido.jsx
  Line 20:10:   'DatePicker' is defined but never used                          no-unused-vars
  Line 50:16:   'errorHook' is assigned a value but never used                  no-unused-vars
  Line 106:12:  'videosLibresPreview' is assigned a value but never used        no-unused-vars
  Line 107:12:  'videosRestringidosPreview' is assigned a value but never used  no-unused-vars

src\Pages\Blog\AgregarCurso.jsx
  Line 43:3:  'colorControlSecundarioHoover' is defined but never used  no-unused-vars

src\Pages\Blog\EditarContenido.jsx
  Line 3:8:   'BotonEliminar' is defined but never used                 no-unused-vars
  Line 12:5:  'colorControlSecundarioHoover' is defined but never used  no-unused-vars
  Line 14:5:  'botonEditor' is defined but never used                   no-unused-vars
  Line 15:5:  'botonEditorBorde' is defined but never used              no-unused-vars
  Line 16:5:  'botonEditorFondoHoover' is defined but never used        no-unused-vars
  Line 17:5:  'botonEditorBordeHoover' is defined but never used        no-unused-vars

src\Pages\Cartera\Billetera.jsx
  Line 55:51:  React Hook useEffect has a missing dependency: 'cargarCarteraYHistorial'. Either include it or remove the dependency array  react-hooks/exhaustive-deps

src\Pages\Cartera\FreeBoocks\Catalogo.jsx
  Line 5:7:  'translateText' is assigned a value but never used  no-unused-vars

src\Pages\ComunidadPage.jsx
  Line 4:8:   'Anuncios' is defined but never used                    no-unused-vars
  Line 9:11:  'isActivaMembresia' is assigned a value but never used  no-unused-vars
  Line 11:9:  'isMobile' is assigned a value but never used           no-unused-vars

src\Pages\Comunidad\Referir.jsx
  Line 22:9:  'isMobile' is assigned a value but never used                                                                      no-unused-vars
  Line 36:6:  React Hook useMemo has an unnecessary dependency: 'isJardinero'. Either exclude it or remove the dependency array  react-hooks/exhaustive-deps

src\Pages\Coowork\Coowork.jsx
  Line 42:32:  'EmptyState' is defined but never used  no-unused-vars

src\Pages\Cursos\Curso.jsx
  Line 36:9:  'params' is assigned a value but never used  no-unused-vars

src\Pages\Cursos\EditarCurso.jsx
  Line 3:8:    'BotonEliminar' is defined but never used                 no-unused-vars
  Line 86:11:  'quillRefRestringido' is assigned a value but never used  no-unused-vars

src\Pages\Eventos\Evento.jsx
  Line 26:8:   'ContentCopyIcon' is defined but never used      no-unused-vars
  Line 105:9:  'handleCopy' is assigned a value but never used  no-unused-vars

src\Pages\Eventos\EventosGrid.jsx
  Line 15:3:   'CircularProgress' is defined but never used     no-unused-vars
  Line 40:11:  'roles' is assigned a value but never used       no-unused-vars
  Line 40:18:  'membresia' is assigned a value but never used   no-unused-vars
  Line 43:9:   'diasSemana' is assigned a value but never used  no-unused-vars

src\Pages\Food\ComidaOfertas.jsx
  Line 9:3:   'Button' is defined but never used                                                                                no-unused-vars
  Line 11:3:  'CardContent' is defined but never used                                                                           no-unused-vars
  Line 12:3:  'CardMedia' is defined but never used                                                                             no-unused-vars
  Line 17:3:  'Stack' is defined but never used                                                                                 no-unused-vars
  Line 27:3:  'Restaurant' is defined but never used                                                                            no-unused-vars
  Line 38:9:  'isMobile' is assigned a value but never used                                                                     no-unused-vars
  Line 53:6:  React Hook useEffect has a missing dependency: 'cargarOfertas'. Either include it or remove the dependency array  react-hooks/exhaustive-deps
  Line 64:6:  React Hook useEffect has a missing dependency: 'cargarOfertas'. Either include it or remove the dependency array  react-hooks/exhaustive-deps

src\Pages\Food\ComidaProducto.jsx
  Line 42:9:   'isMobilDevice' is assigned a value but never used         no-unused-vars
  Line 43:20:  'cart' is assigned a value but never used                  no-unused-vars
  Line 43:26:  'clearCart' is assigned a value but never used             no-unused-vars
  Line 52:10:  'selectedModifiers' is assigned a value but never used     no-unused-vars
  Line 52:29:  'setSelectedModifiers' is assigned a value but never used  no-unused-vars

src\Pages\Food\ComprarFoodProduct.jsx
  Line 1:107:  'Tooltip' is defined but never used                    no-unused-vars
  Line 5:10:   'AnimatePresence' is defined but never used            no-unused-vars
  Line 11:8:   'PagoPorTienda' is defined but never used              no-unused-vars
  Line 37:10:  'loading' is assigned a value but never used           no-unused-vars
  Line 37:19:  'setLoading' is assigned a value but never used        no-unused-vars
  Line 38:10:  'error' is assigned a value but never used             no-unused-vars
  Line 38:17:  'setError' is assigned a value but never used          no-unused-vars
  Line 41:25:  'setEnvioEstimado' is assigned a value but never used  no-unused-vars
  Line 42:23:  'setRankingInfo' is assigned a value but never used    no-unused-vars
  Line 43:10:  'resenasData' is assigned a value but never used       no-unused-vars
  Line 43:23:  'setResenasData' is assigned a value but never used    no-unused-vars
  Line 46:21:  'setCarritoId' is assigned a value but never used      no-unused-vars

src\Pages\Food\Food.jsx
  Line 5:8:   'ProductoCard' is defined but never used          no-unused-vars
  Line 8:8:   'useProductos' is defined but never used          no-unused-vars
  Line 16:3:  'TextField' is defined but never used             no-unused-vars
  Line 18:3:  'Pagination' is defined but never used            no-unused-vars
  Line 43:9:  'SELL_ORANGE' is assigned a value but never used  no-unused-vars
  Line 46:9:  'isDesktop' is assigned a value but never used    no-unused-vars

src\Pages\Food\RegistroRestaurante.jsx
  Line 31:9:   'location' is assigned a value but never used             no-unused-vars
  Line 61:10:  'obteniendoUbicacion' is assigned a value but never used  no-unused-vars
  Line 62:10:  'mapCenter' is assigned a value but never used            no-unused-vars

src\Pages\Food\Restaurant.jsx
  Line 2:21:  'useLocation' is defined but never used                    no-unused-vars
  Line 4:8:   'Tabs' is defined but never used                           no-unused-vars
  Line 5:8:   'Tab' is defined but never used                            no-unused-vars
  Line 6:45:  'useMediaQuery' is defined but never used                  no-unused-vars
  Line 6:60:  'useTheme' is defined but never used                       no-unused-vars
  Line 8:8:   'StoreImagePlaceholder' is defined but never used          no-unused-vars
  Line 10:8:  'ProductosRestaurante' is defined but never used           no-unused-vars
  Line 11:8:  'AgregarProducto' is defined but never used                no-unused-vars
  Line 15:7:  'restaurantSectionKey' is assigned a value but never used  no-unused-vars
  Line 17:7:  'TABS' is assigned a value but never used                  no-unused-vars

src\Pages\Food\RestaurantAdministration.jsx
  Line 34:9:   'location' is assigned a value but never used        no-unused-vars
  Line 35:9:   'navigate' is assigned a value but never used        no-unused-vars
  Line 36:11:  'user' is assigned a value but never used            no-unused-vars
  Line 39:9:   'isMobileDevice' is assigned a value but never used  no-unused-vars

src\Pages\HomeRoute.jsx
  Line 27:8:  'TokenRoundedIcon' is defined but never used  no-unused-vars

src\Pages\Info\QuienesSomos.jsx
  Line 30:8:  'TrendingUpRoundedIcon' is defined but never used  no-unused-vars
  Line 34:8:  'economyImage' is defined but never used           no-unused-vars

src\Pages\IntegrarmeComunidad.jsx
  Line 188:10:  'openFaq' is assigned a value but never used     no-unused-vars
  Line 188:19:  'setOpenFaq' is assigned a value but never used  no-unused-vars
  Line 190:9:   'irACrear' is assigned a value but never used    no-unused-vars

src\Pages\MarketPlace\AgregarProducto.jsx
  Line 10:23:  'validarPaso1' is defined but never used               no-unused-vars
  Line 10:37:  'validarPaso2' is defined but never used               no-unused-vars
  Line 28:10:  'storeCP' is assigned a value but never used           no-unused-vars
  Line 34:11:  'getStoreByEmail' is assigned a value but never used   no-unused-vars
  Line 52:5:   'setFormSubmitted' is assigned a value but never used  no-unused-vars

src\Pages\MarketPlace\Compras.jsx
  Line 2:38:   'useMemo' is defined but never used         no-unused-vars
  Line 2:60:   'useRef' is defined but never used          no-unused-vars
  Line 20:3:   'Paper' is defined but never used           no-unused-vars
  Line 29:18:  'number' is defined but never used          no-unused-vars
  Line 35:8:   'FavoriteIcon' is defined but never used    no-unused-vars
  Line 36:8:   'StarIcon' is defined but never used        no-unused-vars
  Line 37:8:   'StarBorderIcon' is defined but never used  no-unused-vars

src\Pages\MarketPlace\FinalizarCompra.jsx
  Line 77:11:  'total' is assigned a value but never used           no-unused-vars
  Line 77:18:  'updateQuantity' is assigned a value but never used  no-unused-vars
  Line 83:10:  'localItems' is assigned a value but never used      no-unused-vars
  Line 84:10:  'localTotal' is assigned a value but never used      no-unused-vars

src\Pages\MarketPlace\FinalizarCompraProducto.jsx
  Line 8:8:    'ArrowBackIcon' is defined but never used         no-unused-vars
  Line 67:10:  'loading' is assigned a value but never used      no-unused-vars
  Line 68:10:  'error' is assigned a value but never used        no-unused-vars
  Line 73:10:  'resenasData' is assigned a value but never used  no-unused-vars

src\Pages\MarketPlace\MarketPage.jsx
  Line 21:3:  'TextField' is defined but never used                      no-unused-vars
  Line 24:3:  'Pagination' is defined but never used                     no-unused-vars
  Line 33:9:  'navigate' is assigned a value but never used              no-unused-vars
  Line 34:9:  'location' is assigned a value but never used              no-unused-vars
  Line 42:5:  'calificacionPromedio' is assigned a value but never used  no-unused-vars

src\Pages\MarketPlace\MarketPlace.jsx
  Line 54:12:  'errorFiltros' is assigned a value but never used  no-unused-vars

src\Pages\MarketPlace\PagosTienda.jsx
  Line 63:11:  'slug' is assigned a value but never used  no-unused-vars

src\Pages\MarketPlace\PedidosEntregados.jsx
  Line 239:21:  'subtotal' is assigned a value but never used  no-unused-vars
  Line 240:21:  'envio' is assigned a value but never used     no-unused-vars

src\Pages\MarketPlace\PedidosPendientes.jsx
  Line 2:38:   'useCallback' is defined but never used                      no-unused-vars
  Line 57:11:  'user' is assigned a value but never used                    no-unused-vars
  Line 57:17:  'getAccessTokenSilently' is assigned a value but never used  no-unused-vars
  Line 57:41:  'isAuthenticated' is assigned a value but never used         no-unused-vars
  Line 62:10:  'pagination' is assigned a value but never used              no-unused-vars
  Line 67:9:   'conAutenticacion' is assigned a value but never used        no-unused-vars

src\Pages\MarketPlace\Producto.jsx
  Line 13:3:   'Button' is defined but never used                no-unused-vars
  Line 33:8:   'PreguntasProducto' is defined but never used     no-unused-vars
  Line 68:10:  'resenasData' is assigned a value but never used  no-unused-vars

src\Pages\MarketPlace\RegisterStoreStepper.jsx
  Line 33:9:  'location' is assigned a value but never used          no-unused-vars
  Line 64:5:  'finishStoreSetup' is assigned a value but never used  no-unused-vars

src\Pages\MarketPlace\RegistroTienda.jsx
  Line 5:3:    'Stepper' is defined but never used                    no-unused-vars
  Line 6:3:    'Step' is defined but never used                       no-unused-vars
  Line 7:3:    'StepLabel' is defined but never used                  no-unused-vars
  Line 9:3:    'TextField' is defined but never used                  no-unused-vars
  Line 10:3:   'CircularProgress' is defined but never used           no-unused-vars
  Line 15:10:  'slugify' is defined but never used                    no-unused-vars
  Line 16:10:  'GoogleMap' is defined but never used                  no-unused-vars
  Line 16:21:  'Marker' is defined but never used                     no-unused-vars
  Line 22:8:   'ActivaTuMembresia' is defined but never used          no-unused-vars
  Line 25:7:   'steps' is assigned a value but never used             no-unused-vars
  Line 28:9:   'location' is assigned a value but never used          no-unused-vars
  Line 29:9:   'navigate' is assigned a value but never used          no-unused-vars
  Line 33:10:  'activeStep' is assigned a value but never used        no-unused-vars
  Line 34:10:  'storeName' is assigned a value but never used         no-unused-vars
  Line 34:21:  'setStoreName' is assigned a value but never used      no-unused-vars
  Line 35:10:  'error' is assigned a value but never used             no-unused-vars
  Line 35:17:  'setError' is assigned a value but never used          no-unused-vars
  Line 36:10:  'loading' is assigned a value but never used           no-unused-vars
  Line 36:19:  'setLoading' is assigned a value but never used        no-unused-vars
  Line 37:10:  'laTienda' is assigned a value but never used          no-unused-vars
  Line 38:10:  'direccionData' is assigned a value but never used     no-unused-vars
  Line 48:5:   'createStore' is assigned a value but never used       no-unused-vars
  Line 49:5:   'getStoreBySlug' is assigned a value but never used    no-unused-vars
  Line 51:5:   'updateStore' is assigned a value but never used       no-unused-vars
  Line 52:5:   'onboardingStripe' is assigned a value but never used  no-unused-vars
  Line 53:5:   'createDireccion' is assigned a value but never used   no-unused-vars
  Line 54:5:   'finishStoreSetup' is assigned a value but never used  no-unused-vars

src\Pages\MiMembresia.jsx
  Line 5:11:  'roles' is assigned a value but never used  no-unused-vars

src\Pages\Notificacion.jsx
  Line 40:9:  The 'notificaciones' logical expression could make the dependencies of useMemo Hook (at line 58) change on every render. Move it inside the useMemo callback. Alternatively, wrap the initialization of 'notificaciones' in its own useMemo() Hook  react-hooks/exhaustive-deps

src\Pages\Notificacions.jsx
  Line 67:9:   The 'notificaciones' logical expression could make the dependencies of useMemo Hook (at line 148) change on every render. To fix this, wrap the initialization of 'notificaciones' in its own useMemo() Hook  react-hooks/exhaustive-deps
  Line 82:20:  'setPageSize' is assigned a value but never used                                                                                                                                                              no-unused-vars
  Line 108:6:  React Hook useEffect has a missing dependency: 'notificaciones'. Either include it or remove the dependency array                                                                                             react-hooks/exhaustive-deps
  Line 108:7:  React Hook useEffect has a complex expression in the dependency array. Extract it to a separate variable so it can be statically checked                                                                      react-hooks/exhaustive-deps

src\Pages\PreRegistroConductor.jsx
  Line 11:9:  'navigate' is assigned a value but never used  no-unused-vars

src\Pages\TaxisRoute.jsx
  Line 17:9:  The 'actualRoles' conditional could make the dependencies of useEffect Hook (at line 61) change on every render. To fix this, wrap the initialization of 'actualRoles' in its own useMemo() Hook  react-hooks/exhaustive-deps

src\Routes\index.jsx
  Line 16:8:    'MarketRoute' is defined but never used          no-unused-vars
  Line 21:8:    'GenRoute' is defined but never used             no-unused-vars
  Line 44:8:    'WikiHome' is defined but never used             no-unused-vars
  Line 60:8:    'NavBar' is defined but never used               no-unused-vars
  Line 63:8:    'LmAi' is defined but never used                 no-unused-vars
  Line 64:8:    'TTS' is defined but never used                  no-unused-vars
  Line 65:8:    'TextToSpeech' is defined but never used         no-unused-vars
  Line 111:8:   'ComunidadPage' is defined but never used        no-unused-vars
  Line 127:8:   'RegistroTiendaPage' is defined but never used   no-unused-vars
  Line 260:7:   'WikiLayout' is assigned a value but never used  no-unused-vars
  Line 295:11:  'roleValues' is assigned a value but never used  no-unused-vars

src\components\Academia\Rompecabezas.jsx
  Line 38:9:   'navigate' is assigned a value but never used                                                                no-unused-vars
  Line 40:9:   'location' is assigned a value but never used                                                                no-unused-vars
  Line 112:6:  React Hook useEffect has a missing dependency: 'controls'. Either include it or remove the dependency array  react-hooks/exhaustive-deps

src\components\Anuncios\AnunciosPorDefecto.jsx
  Line 2:28:    'useMemo' is defined but never used                                                                                                                                                                                                                                                           no-unused-vars
  Line 99:6:    React Hook useEffect has a missing dependency: 'initialPercentages'. Either include it or remove the dependency array. If 'setPositions' needs the current value of 'initialPercentages', you can also switch to useReducer instead of useState and read 'initialPercentages' in the reducer  react-hooks/exhaustive-deps
  Line 99:14:   React Hook useEffect has a complex expression in the dependency array. Extract it to a separate variable so it can be statically checked                                                                                                                                                      react-hooks/exhaustive-deps
  Line 216:10:  'updatingAdId' is assigned a value but never used                                                                                                                                                                                                                                             no-unused-vars

src\components\Anuncios\AnunciosProgramados.jsx
  Line 10:11:  'userData' is assigned a value but never used  no-unused-vars

src\components\AuthGate.jsx
  Line 37:9:  'navigate' is assigned a value but never used  no-unused-vars

src\components\Blog\BotonEliminar.jsx
  Line 6:11:  'isAuthenticated' is assigned a value but never used  no-unused-vars
  Line 6:39:  'user' is assigned a value but never used             no-unused-vars

src\components\Blog\Contenidos.jsx
  Line 34:9:  'esEditor' is assigned a value but never used  no-unused-vars

src\components\BottomSheet.jsx
  Line 1:38:  'useRef' is defined but never used  no-unused-vars

src\components\Cursos\Cursos.jsx
  Line 19:3:   'CircularProgress' is defined but never used           no-unused-vars
  Line 48:9:   'titulo' is already defined                            no-redeclare
  Line 52:9:   'titulo' is already defined                            no-redeclare
  Line 53:9:   'mostrarCategorias' is already defined                 no-redeclare
  Line 56:9:   'titulo' is already defined                            no-redeclare
  Line 57:9:   'mostrarCategorias' is already defined                 no-redeclare
  Line 61:9:   'clasifica' is assigned a value but never used         no-unused-vars
  Line 80:9:   'isDesktop' is assigned a value but never used         no-unused-vars
  Line 89:10:  'loadingMisCursos' is assigned a value but never used  no-unused-vars

src\components\Eventos\UbicacionEvento.jsx
  Line 59:10:  'direccion' is assigned a value but never used  no-unused-vars

src\components\Eventos\index.jsx
  Line 3:15:  'Typography' is defined but never used  no-unused-vars

src\components\Food\AgregarProducto.jsx
  Line 116:3:  Duplicate key 'calorias'  no-dupe-keys

src\components\Food\DetalleFoodProduct.jsx
  Line 2:17:   'useEffect' is defined but never used                no-unused-vars
  Line 13:3:   'IconButton' is defined but never used               no-unused-vars
  Line 21:8:   'FavoriteBorderIcon' is defined but never used       no-unused-vars
  Line 22:8:   'FavoriteIcon' is defined but never used             no-unused-vars
  Line 32:7:   'STRAPI_URL' is assigned a value but never used      no-unused-vars
  Line 62:7:   'usa_stock' is assigned a value but never used       no-unused-vars
  Line 71:10:  'costoEnvio' is assigned a value but never used      no-unused-vars
  Line 71:22:  'setCostoEnvio' is assigned a value but never used   no-unused-vars
  Line 77:10:  'favAdded' is assigned a value but never used        no-unused-vars
  Line 80:24:  'existeFavorito' is assigned a value but never used  no-unused-vars

src\components\Food\FoodCheckout.jsx
  Line 52:14:  'uberLoading' is assigned a value but never used       no-unused-vars
  Line 53:12:  'uberError' is assigned a value but never used         no-unused-vars
  Line 56:5:   'getRestaurantFee' is assigned a value but never used  no-unused-vars
  Line 66:10:  'errorCotizacion' is assigned a value but never used   no-unused-vars

src\components\Food\FoodCheckoutPago.jsx
  Line 12:3:  'CardContent' is defined but never used  no-unused-vars

src\components\Food\FoodOrderDetailModal.jsx
  Line 16:3:  'Payment' is defined but never used  no-unused-vars

src\components\Food\FoodProductCard.jsx
  Line 30:5:   'calificaciones' is assigned a value but never used          no-unused-vars
  Line 31:5:   'vendidos' is assigned a value but never used                no-unused-vars
  Line 33:5:   'descripcion' is assigned a value but never used             no-unused-vars
  Line 36:5:   'calorias' is assigned a value but never used                no-unused-vars
  Line 38:5:   'porciones' is assigned a value but never used               no-unused-vars
  Line 39:5:   'es_picante' is assigned a value but never used              no-unused-vars
  Line 40:5:   'nivel_picante' is assigned a value but never used           no-unused-vars
  Line 47:5:   'ingredientes' is assigned a value but never used            no-unused-vars
  Line 48:5:   'alergenos' is assigned a value but never used               no-unused-vars
  Line 49:5:   'temperatura' is assigned a value but never used             no-unused-vars
  Line 50:5:   'horario_disponibilidad' is assigned a value but never used  no-unused-vars
  Line 51:5:   'fecha_creacion' is assigned a value but never used          no-unused-vars
  Line 53:5:   'owner_email' is assigned a value but never used             no-unused-vars
  Line 57:9:   'theme' is assigned a value but never used                   no-unused-vars
  Line 59:20:  'setFavorito' is assigned a value but never used             no-unused-vars
  Line 60:10:  'activado' is assigned a value but never used                no-unused-vars
  Line 60:20:  'setActivado' is assigned a value but never used             no-unused-vars
  Line 65:9:   'promedioDisplay' is assigned a value but never used         no-unused-vars

src\components\Food\ModificadoresOferta.jsx
  Line 1:17:  'useMemo' is defined but never used  no-unused-vars

src\components\Food\ModificadoresRestaurante.jsx
  Line 28:3:  'Delete' is defined but never used  no-unused-vars

src\components\Food\OfertasRestaurante.jsx
  Line 1:28:  'useMemo' is defined but never used                      no-unused-vars
  Line 19:3:  'Select' is defined but never used                       no-unused-vars
  Line 29:3:  'Edit' is defined but never used                         no-unused-vars
  Line 31:3:  'Restaurant' is defined but never used                   no-unused-vars
  Line 40:5:  'loading' is assigned a value but never used             no-unused-vars
  Line 41:5:  'error' is assigned a value but never used               no-unused-vars
  Line 64:9:  'handleEditarOferta' is assigned a value but never used  no-unused-vars

src\components\Food\PagoPedidoRestaurante.jsx
  Line 29:26:  'setUploadedFileId' is assigned a value but never used   no-unused-vars
  Line 30:27:  'setUploadedFileUrl' is assigned a value but never used  no-unused-vars

src\components\Food\PedidoDetalleModal.jsx
  Line 18:8:  'LocalShippingIcon' is defined but never used  no-unused-vars

src\components\Food\PedidosRestaurante.jsx
  Line 9:3:   'IconButton' is defined but never used                          no-unused-vars
  Line 13:3:  'Tooltip' is defined but never used                             no-unused-vars
  Line 21:8:  'CheckCircleOutlineOutlinedIcon' is defined but never used      no-unused-vars
  Line 69:5:  'updatingPedido' is assigned a value but never used             no-unused-vars
  Line 70:5:  'error' is assigned a value but never used                      no-unused-vars
  Line 74:5:  'marcarEntregado' is assigned a value but never used            no-unused-vars
  Line 75:5:  'cancelar' is assigned a value but never used                   no-unused-vars
  Line 79:5:  'limpiarPedidoSeleccionado' is assigned a value but never used  no-unused-vars

src\components\Food\ProductoCardOwner.jsx
  Line 1:17:   'useEffect' is defined but never used                        no-unused-vars
  Line 19:8:   'LocalShippingIcon' is defined but never used                no-unused-vars
  Line 20:8:   'AddShoppingCartIcon' is defined but never used              no-unused-vars
  Line 21:8:   'PlaceIcon' is defined but never used                        no-unused-vars
  Line 41:5:   'es_picante' is assigned a value but never used              no-unused-vars
  Line 48:5:   'contiene_cerdo' is assigned a value but never used          no-unused-vars
  Line 52:5:   'horario_disponibilidad' is assigned a value but never used  no-unused-vars
  Line 53:5:   'fecha_creacion' is assigned a value but never used          no-unused-vars
  Line 55:5:   'owner_email' is assigned a value but never used             no-unused-vars
  Line 58:9:   'theme' is assigned a value but never used                   no-unused-vars
  Line 59:9:   'navigate' is assigned a value but never used                no-unused-vars
  Line 60:20:  'setFavorito' is assigned a value but never used             no-unused-vars
  Line 61:20:  'setActivado' is assigned a value but never used             no-unused-vars

src\components\Food\ProductoVarianteFormDialog.jsx
  Line 100:6:  React Hook useEffect has missing dependencies: 'alergenosBase', 'imagenPredeterminadaBase', 'imagenesBase', and 'ingredientesBase'. Either include them or remove the dependency array. If 'setIngredientes' needs the current value of 'ingredientesBase', you can also switch to useReducer instead of useState and read 'ingredientesBase' in the reducer  react-hooks/exhaustive-deps

src\components\Home\Intro.jsx
  Line 36:6:  React Hook useEffect has a missing dependency: 'characters.length'. Either include it or remove the dependency array     react-hooks/exhaustive-deps
  Line 41:6:  React Hook useEffect has a missing dependency: 'rotatingInner.length'. Either include it or remove the dependency array  react-hooks/exhaustive-deps

src\components\MarketPlace\BotonVender.jsx
  Line 3:10:   'useEffect' is defined but never used          no-unused-vars
  Line 11:10:  'checking' is assigned a value but never used  no-unused-vars

src\components\MarketPlace\Buscador.jsx
  Line 6:3:   'InputAdornment' is defined but never used  no-unused-vars
  Line 11:8:  'SearchOffIcon' is defined but never used   no-unused-vars
  Line 12:8:  'SearchIcon' is defined but never used      no-unused-vars

src\components\MarketPlace\CalificarCompras.jsx
  Line 8:3:  'CardContent' is defined but never used  no-unused-vars

src\components\MarketPlace\CategoriaCard.jsx
  Line 16:9:  'handleClick' is assigned a value but never used  no-unused-vars

src\components\MarketPlace\CategoriasSlider.jsx
  Line 8:9:  'isDesktop' is assigned a value but never used  no-unused-vars

src\components\MarketPlace\ChecarPagoTienda.jsx
  Line 33:9:  'hasPago' is assigned a value but never used  no-unused-vars

src\components\MarketPlace\DetalleProducto.jsx
  Line 24:8:   'useFavoritos' is defined but never used         no-unused-vars
  Line 48:11:  'user' is assigned a value but never used        no-unused-vars
  Line 59:10:  'favoritoId' is assigned a value but never used  no-unused-vars

src\components\MarketPlace\DireccionSelector.jsx
  Line 59:10:  'mapCenter' is assigned a value but never used            no-unused-vars
  Line 60:10:  'obteniendoUbicacion' is assigned a value but never used  no-unused-vars

src\components\MarketPlace\PagoPorTienda.jsx
  Line 38:26:  'setUploadedFileId' is assigned a value but never used   no-unused-vars
  Line 39:27:  'setUploadedFileUrl' is assigned a value but never used  no-unused-vars

src\components\MarketPlace\PreguntasProductoHeader.jsx
  Line 23:8:  React Hook useEffect has a missing dependency: 'obtenerPreguntas'. Either include it or remove the dependency array  react-hooks/exhaustive-deps

src\components\MarketPlace\PreguntasProductos.jsx
  Line 5:3:   'TextField' is defined but never used    no-unused-vars
  Line 6:3:   'Button' is defined but never used       no-unused-vars
  Line 7:3:   'Divider' is defined but never used      no-unused-vars
  Line 12:3:  'Card' is defined but never used         no-unused-vars
  Line 13:3:  'Stack' is defined but never used        no-unused-vars
  Line 14:3:  'CardContent' is defined but never used  no-unused-vars
  Line 15:3:  'Chip' is defined but never used         no-unused-vars

src\components\MarketPlace\PreguntasProductosNew.jsx
  Line 54:6:  React Hook useEffect has a missing dependency: 'cargarPreguntas'. Either include it or remove the dependency array  react-hooks/exhaustive-deps

src\components\MarketPlace\ProductoCard.jsx
  Line 45:7:   'FAVORITOS_URL' is assigned a value but never used  no-unused-vars
  Line 69:9:   'theme' is assigned a value but never used          no-unused-vars
  Line 73:10:  'favoritoId' is assigned a value but never used     no-unused-vars

src\components\Membresias\MembershipCheckout.jsx
  Line 58:53:  'logout' is assigned a value but never used  no-unused-vars

src\components\Membresias\MiMembresia.jsx
  Line 3:52:  'CircularProgress' is defined but never used  no-unused-vars

src\components\Membresias\ProbarMembresia.jsx
  Line 22:10:  'plane' is assigned a value but never used  no-unused-vars

src\components\NavBar\NavBar.jsx
  Line 57:10:  'isInfoMenuOpen' is assigned a value but never used                                                            no-unused-vars
  Line 62:9:   'InfoRef' is assigned a value but never used                                                                   no-unused-vars
  Line 142:9:  'toggleTopBar' is assigned a value but never used                                                              no-unused-vars
  Line 163:6:  React Hook useEffect has a missing dependency: 'topBarOpen'. Either include it or remove the dependency array  react-hooks/exhaustive-deps
  Line 192:9:  'pushLocalNotification' is assigned a value but never used                                                     no-unused-vars

src\components\NavBar\NavButton.jsx
  Line 6:9:  'navigate' is assigned a value but never used  no-unused-vars

src\components\NavBar\NotificationsIcon.jsx
  Line 17:47:  'loading' is assigned a value but never used  no-unused-vars

src\components\NavBar\UserIcon.jsx
  Line 1:38:  'useRef' is defined but never used                                                                                                                                                                                                                                   no-unused-vars
  Line 11:5:  'isLoading' is assigned a value but never used                                                                                                                                                                                                                       no-unused-vars
  Line 14:5:  'getAccessTokenSilently' is assigned a value but never used                                                                                                                                                                                                          no-unused-vars
  Line 15:5:  'error' is assigned a value but never used                                                                                                                                                                                                                           no-unused-vars
  Line 27:6:  React Hook useEffect has a missing dependency: 'guestImage'. Either include it or remove the dependency array. If 'setImageSrc' needs the current value of 'guestImage', you can also switch to useReducer instead of useState and read 'guestImage' in the reducer  react-hooks/exhaustive-deps

src\components\ShareButton.jsx
  Line 133:11:  'text' is assigned a value but never used  no-unused-vars

src\components\Taxis\AdeudoWarning.jsx
  Line 24:11:  'phone' is assigned a value but never used  no-unused-vars

src\components\Taxis\ConductorRender.jsx
  Line 14:21:  'formatPrice' is assigned a value but never used  no-unused-vars
  Line 68:11:  'STRAPI_URL' is assigned a value but never used   no-unused-vars

src\components\Taxis\Invitado.jsx
  Line 240:9:   The href attribute requires a valid value to be accessible. Provide a valid, navigable address as the href value. If you cannot provide a valid href, but still need the element to resemble a link, use a button and change it with appropriate styles. Learn more: https://github.com/jsx-eslint/eslint-plugin-jsx-a11y/blob/HEAD/docs/rules/anchor-is-valid.md  jsx-a11y/anchor-is-valid
  Line 301:13:  The href attribute requires a valid value to be accessible. Provide a valid, navigable address as the href value. If you cannot provide a valid href, but still need the element to resemble a link, use a button and change it with appropriate styles. Learn more: https://github.com/jsx-eslint/eslint-plugin-jsx-a11y/blob/HEAD/docs/rules/anchor-is-valid.md  jsx-a11y/anchor-is-valid
  Line 320:13:  Duplicate key 'color'                                                                                                                                                                                                                                                                                                                                              no-dupe-keys
  Line 338:11:  The href attribute requires a valid value to be accessible. Provide a valid, navigable address as the href value. If you cannot provide a valid href, but still need the element to resemble a link, use a button and change it with appropriate styles. Learn more: https://github.com/jsx-eslint/eslint-plugin-jsx-a11y/blob/HEAD/docs/rules/anchor-is-valid.md  jsx-a11y/anchor-is-valid

src\components\Taxis\Pasajero.jsx
  Line 16:7:   'DEFAULT_FROM' is assigned a value but never used        no-unused-vars
  Line 51:10:  'fromMarkerPosition' is assigned a value but never used  no-unused-vars
  Line 52:10:  'toMarkerPosition' is assigned a value but never used    no-unused-vars
  Line 66:10:  'debtsError' is assigned a value but never used          no-unused-vars

src\components\Taxis\Roles.jsx
  Line 1:17:  'useState' is defined but never used   no-unused-vars
  Line 1:27:  'useEffect' is defined but never used  no-unused-vars
  Line 1:38:  'useRef' is defined but never used     no-unused-vars
  Line 2:29:  'Button' is defined but never used     no-unused-vars
  Line 2:37:  'Link' is defined but never used       no-unused-vars

src\components\Taxis\driver-verification\VerificationSidebar.jsx
  Line 5:3:   'Box' is defined but never used             no-unused-vars
  Line 7:3:   'LinearProgress' is defined but never used  no-unused-vars
  Line 12:3:  'Stack' is defined but never used           no-unused-vars

src\components\Taxiz\ConductorRender.jsx
  Line 14:21:  'formatPrice' is assigned a value but never used  no-unused-vars

src\components\Taxiz\ConfirmPayment.jsx
  Line 1:17:  'useEffect' is defined but never used  no-unused-vars

src\components\Taxiz\ConfirmarCancelar.jsx
  Line 1:28:  'useState' is defined but never used                                                                                                                                                                                                             no-unused-vars
  Line 14:8:  React Hook useEffect has missing dependencies: 'onSubmit' and 'setOpen'. Either include them or remove the dependency array. If 'onSubmit' changes too often, find the parent component that defines it and wrap that definition in useCallback  react-hooks/exhaustive-deps

src\components\Taxiz\Pasajero.jsx
  Line 24:10:  'fromMarkerPosition' is assigned a value but never used  no-unused-vars
  Line 25:10:  'toMarkerPosition' is assigned a value but never used    no-unused-vars
  Line 51:10:  'offers' is assigned a value but never used              no-unused-vars

src\components\Taxiz\PasajeroTermsModal.jsx
  Line 22:11:  Duplicate key 'position'  no-dupe-keys

src\components\Taxiz\PreRegistroConductor2.jsx
  Line 442:9:  'currentDocsList' is assigned a value but never used  no-unused-vars

src\components\Taxiz\RequisitosConductor.jsx
  Line 10:9:  'navigate' is assigned a value but never used  no-unused-vars

src\components\Taxiz\Roles.jsx
  Line 1:17:  'useState' is defined but never used   no-unused-vars
  Line 1:27:  'useEffect' is defined but never used  no-unused-vars
  Line 1:38:  'useRef' is defined but never used     no-unused-vars
  Line 2:29:  'Button' is defined but never used     no-unused-vars
  Line 2:37:  'Link' is defined but never used       no-unused-vars

src\components\Taxiz\TripView.jsx
  Line 13:8:   'guestImage' is defined but never used                         no-unused-vars
  Line 91:10:  'loadingViaje' is assigned a value but never used              no-unused-vars
  Line 92:30:  'setDriverPaymentState' is assigned a value but never used     no-unused-vars
  Line 93:33:  'setPassengerPaymentState' is assigned a value but never used  no-unused-vars

src\components\Usuarios\Favoritos.jsx
  Line 95:73:  React Hook useMemo has a missing dependency: 'tabs'. Either include it or remove the dependency array  react-hooks/exhaustive-deps

src\components\Usuarios\Perfil.jsx
  Line 400:47:  Unnecessary escape character: \:  no-useless-escape

src\components\components\Taxis\RequisitosConductor.jsx
  Line 31:11:  Duplicate key 'position'  no-dupe-keys

src\hooks\food\useProductsRestaurant.jsx
  Line 11:17:  'setError' is assigned a value but never used  no-unused-vars

src\hooks\storeAdmin\useStoreAdminPedidos.jsx
  Line 1:20:  'useEffect' is defined but never used    no-unused-vars
  Line 1:31:  'useCallback' is defined but never used  no-unused-vars

src\hooks\useAdRewards.jsx
  Line 143:6:  React Hook useCallback has a missing dependency: 'refreshSesion'. Either include it or remove the dependency array  react-hooks/exhaustive-deps
  Line 150:6:  React Hook useCallback has a missing dependency: 'refreshSesion'. Either include it or remove the dependency array  react-hooks/exhaustive-deps
  Line 175:6:  React Hook useEffect has a missing dependency: 'setEstadoItem'. Either include it or remove the dependency array    react-hooks/exhaustive-deps

src\hooks\useContenido.jsx
  Line 1:20:   'useEffect' is defined but never used                        no-unused-vars
  Line 12:15:  'getAccessTokenSilently' is assigned a value but never used  no-unused-vars
  Line 18:17:  'setTotal' is assigned a value but never used                no-unused-vars

src\hooks\useCursos.jsx
  Line 12:17:  'getAccessTokenSilently' is assigned a value but never used                                                                          no-unused-vars
  Line 25:17:  'setTotal' is assigned a value but never used                                                                                        no-unused-vars
  Line 31:6:   React Hook useEffect has missing dependencies: 'fetchCursos' and 'fetchMaestro'. Either include them or remove the dependency array  react-hooks/exhaustive-deps

src\hooks\useEventos.jsx
  Line 35:6:  React Hook useEffect has a missing dependency: 'fetchEventos'. Either include it or remove the dependency array  react-hooks/exhaustive-deps

src\hooks\useProductos.jsx
  Line 114:10:  'producto' is assigned a value but never used    no-unused-vars
  Line 124:9:   'mountedRef' is assigned a value but never used  no-unused-vars

src\hooks\useSkills\useSkills.js
  Line 24:11:  'user' is assigned a value but never used  no-unused-vars

src\hooks\useStores.jsx
  Line 2:10:  'slugify' is defined but never used  no-unused-vars

src\services\adRewards\mutationsServices.js
  Line 3:7:  'authHeaders' is assigned a value but never used  no-unused-vars

src\services\adRewards\queryServices.js
  Line 3:7:  'authHeaders' is assigned a value but never used  no-unused-vars

src\services\wikiService.ts
  Line 21:46:  Unnecessary escape character: \/  no-useless-escape

webpack compiled with 1 warning
No issues found.
Compiling...
Compiled with warnings.

[eslint] 
src\Contexts\NotificationsContext.jsx
  Line 60:6:  React Hook useCallback has a missing dependency: 'USE_AUTH'. Either include it or remove the dependency array  react-hooks/exhaustive-deps

src\Pages\AnunciosRemunerados\AnunciosRemunerados.jsx
  Line 4:70:   'Stack' is defined but never used                   no-unused-vars
  Line 18:9:   'location' is assigned a value but never used       no-unused-vars
  Line 23:40:  'indiceActual' is assigned a value but never used   no-unused-vars
  Line 25:23:  'tieneToken' is assigned a value but never used     no-unused-vars
  Line 25:35:  'authToken' is assigned a value but never used      no-unused-vars
  Line 138:9:  'intentarSalir' is assigned a value but never used  no-unused-vars

src\Pages\Anuncios\Anuncios.jsx
  Line 4:8:    'axios' is defined but never used                                                                              no-unused-vars
  Line 19:11:  'slug' is assigned a value but never used                                                                      no-unused-vars
  Line 21:11:  'user' is assigned a value but never used                                                                      no-unused-vars
  Line 54:6:   React Hook useEffect has a missing dependency: 'basePrueba'. Either include it or remove the dependency array  react-hooks/exhaustive-deps

src\Pages\Blog\AgregarContenido.jsx
  Line 20:10:   'DatePicker' is defined but never used                          no-unused-vars
  Line 50:16:   'errorHook' is assigned a value but never used                  no-unused-vars
  Line 106:12:  'videosLibresPreview' is assigned a value but never used        no-unused-vars
  Line 107:12:  'videosRestringidosPreview' is assigned a value but never used  no-unused-vars

src\Pages\Blog\AgregarCurso.jsx
  Line 43:3:  'colorControlSecundarioHoover' is defined but never used  no-unused-vars

src\Pages\Blog\EditarContenido.jsx
  Line 3:8:   'BotonEliminar' is defined but never used                 no-unused-vars
  Line 12:5:  'colorControlSecundarioHoover' is defined but never used  no-unused-vars
  Line 14:5:  'botonEditor' is defined but never used                   no-unused-vars
  Line 15:5:  'botonEditorBorde' is defined but never used              no-unused-vars
  Line 16:5:  'botonEditorFondoHoover' is defined but never used        no-unused-vars
  Line 17:5:  'botonEditorBordeHoover' is defined but never used        no-unused-vars

src\Pages\Cartera\Billetera.jsx
  Line 55:51:  React Hook useEffect has a missing dependency: 'cargarCarteraYHistorial'. Either include it or remove the dependency array  react-hooks/exhaustive-deps

src\Pages\Cartera\FreeBoocks\Catalogo.jsx
  Line 5:7:  'translateText' is assigned a value but never used  no-unused-vars

src\Pages\ComunidadPage.jsx
  Line 4:8:   'Anuncios' is defined but never used                    no-unused-vars
  Line 9:11:  'isActivaMembresia' is assigned a value but never used  no-unused-vars
  Line 11:9:  'isMobile' is assigned a value but never used           no-unused-vars

src\Pages\Comunidad\Referir.jsx
  Line 22:9:  'isMobile' is assigned a value but never used                                                                      no-unused-vars
  Line 36:6:  React Hook useMemo has an unnecessary dependency: 'isJardinero'. Either exclude it or remove the dependency array  react-hooks/exhaustive-deps

src\Pages\Coowork\Coowork.jsx
  Line 42:32:  'EmptyState' is defined but never used  no-unused-vars

src\Pages\Cursos\Curso.jsx
  Line 36:9:  'params' is assigned a value but never used  no-unused-vars

src\Pages\Cursos\EditarCurso.jsx
  Line 3:8:    'BotonEliminar' is defined but never used                 no-unused-vars
  Line 86:11:  'quillRefRestringido' is assigned a value but never used  no-unused-vars

src\Pages\Eventos\Evento.jsx
  Line 26:8:   'ContentCopyIcon' is defined but never used      no-unused-vars
  Line 105:9:  'handleCopy' is assigned a value but never used  no-unused-vars

src\Pages\Eventos\EventosGrid.jsx
  Line 15:3:   'CircularProgress' is defined but never used     no-unused-vars
  Line 40:11:  'roles' is assigned a value but never used       no-unused-vars
  Line 40:18:  'membresia' is assigned a value but never used   no-unused-vars
  Line 43:9:   'diasSemana' is assigned a value but never used  no-unused-vars

src\Pages\Food\ComidaOfertas.jsx
  Line 9:3:   'Button' is defined but never used                                                                                no-unused-vars
  Line 11:3:  'CardContent' is defined but never used                                                                           no-unused-vars
  Line 12:3:  'CardMedia' is defined but never used                                                                             no-unused-vars
  Line 17:3:  'Stack' is defined but never used                                                                                 no-unused-vars
  Line 27:3:  'Restaurant' is defined but never used                                                                            no-unused-vars
  Line 38:9:  'isMobile' is assigned a value but never used                                                                     no-unused-vars
  Line 53:6:  React Hook useEffect has a missing dependency: 'cargarOfertas'. Either include it or remove the dependency array  react-hooks/exhaustive-deps
  Line 64:6:  React Hook useEffect has a missing dependency: 'cargarOfertas'. Either include it or remove the dependency array  react-hooks/exhaustive-deps

src\Pages\Food\ComidaProducto.jsx
  Line 42:9:   'isMobilDevice' is assigned a value but never used         no-unused-vars
  Line 43:20:  'cart' is assigned a value but never used                  no-unused-vars
  Line 43:26:  'clearCart' is assigned a value but never used             no-unused-vars
  Line 52:10:  'selectedModifiers' is assigned a value but never used     no-unused-vars
  Line 52:29:  'setSelectedModifiers' is assigned a value but never used  no-unused-vars

src\Pages\Food\ComprarFoodProduct.jsx
  Line 1:107:  'Tooltip' is defined but never used                    no-unused-vars
  Line 5:10:   'AnimatePresence' is defined but never used            no-unused-vars
  Line 11:8:   'PagoPorTienda' is defined but never used              no-unused-vars
  Line 37:10:  'loading' is assigned a value but never used           no-unused-vars
  Line 37:19:  'setLoading' is assigned a value but never used        no-unused-vars
  Line 38:10:  'error' is assigned a value but never used             no-unused-vars
  Line 38:17:  'setError' is assigned a value but never used          no-unused-vars
  Line 41:25:  'setEnvioEstimado' is assigned a value but never used  no-unused-vars
  Line 42:23:  'setRankingInfo' is assigned a value but never used    no-unused-vars
  Line 43:10:  'resenasData' is assigned a value but never used       no-unused-vars
  Line 43:23:  'setResenasData' is assigned a value but never used    no-unused-vars
  Line 46:21:  'setCarritoId' is assigned a value but never used      no-unused-vars

src\Pages\Food\Food.jsx
  Line 5:8:   'ProductoCard' is defined but never used          no-unused-vars
  Line 8:8:   'useProductos' is defined but never used          no-unused-vars
  Line 16:3:  'TextField' is defined but never used             no-unused-vars
  Line 18:3:  'Pagination' is defined but never used            no-unused-vars
  Line 43:9:  'SELL_ORANGE' is assigned a value but never used  no-unused-vars
  Line 46:9:  'isDesktop' is assigned a value but never used    no-unused-vars

src\Pages\Food\RegistroRestaurante.jsx
  Line 31:9:   'location' is assigned a value but never used             no-unused-vars
  Line 61:10:  'obteniendoUbicacion' is assigned a value but never used  no-unused-vars
  Line 62:10:  'mapCenter' is assigned a value but never used            no-unused-vars

src\Pages\Food\Restaurant.jsx
  Line 2:21:  'useLocation' is defined but never used                    no-unused-vars
  Line 4:8:   'Tabs' is defined but never used                           no-unused-vars
  Line 5:8:   'Tab' is defined but never used                            no-unused-vars
  Line 6:45:  'useMediaQuery' is defined but never used                  no-unused-vars
  Line 6:60:  'useTheme' is defined but never used                       no-unused-vars
  Line 8:8:   'StoreImagePlaceholder' is defined but never used          no-unused-vars
  Line 10:8:  'ProductosRestaurante' is defined but never used           no-unused-vars
  Line 11:8:  'AgregarProducto' is defined but never used                no-unused-vars
  Line 15:7:  'restaurantSectionKey' is assigned a value but never used  no-unused-vars
  Line 17:7:  'TABS' is assigned a value but never used                  no-unused-vars

src\Pages\Food\RestaurantAdministration.jsx
  Line 34:9:   'location' is assigned a value but never used        no-unused-vars
  Line 35:9:   'navigate' is assigned a value but never used        no-unused-vars
  Line 36:11:  'user' is assigned a value but never used            no-unused-vars
  Line 39:9:   'isMobileDevice' is assigned a value but never used  no-unused-vars

src\Pages\HomeRoute.jsx
  Line 27:8:  'TokenRoundedIcon' is defined but never used  no-unused-vars

src\Pages\Info\QuienesSomos.jsx
  Line 30:8:  'TrendingUpRoundedIcon' is defined but never used  no-unused-vars
  Line 34:8:  'economyImage' is defined but never used           no-unused-vars

src\Pages\IntegrarmeComunidad.jsx
  Line 188:10:  'openFaq' is assigned a value but never used     no-unused-vars
  Line 188:19:  'setOpenFaq' is assigned a value but never used  no-unused-vars
  Line 190:9:   'irACrear' is assigned a value but never used    no-unused-vars

src\Pages\MarketPlace\AgregarProducto.jsx
  Line 10:23:  'validarPaso1' is defined but never used               no-unused-vars
  Line 10:37:  'validarPaso2' is defined but never used               no-unused-vars
  Line 28:10:  'storeCP' is assigned a value but never used           no-unused-vars
  Line 34:11:  'getStoreByEmail' is assigned a value but never used   no-unused-vars
  Line 52:5:   'setFormSubmitted' is assigned a value but never used  no-unused-vars

src\Pages\MarketPlace\Compras.jsx
  Line 2:38:   'useMemo' is defined but never used         no-unused-vars
  Line 2:60:   'useRef' is defined but never used          no-unused-vars
  Line 20:3:   'Paper' is defined but never used           no-unused-vars
  Line 29:18:  'number' is defined but never used          no-unused-vars
  Line 35:8:   'FavoriteIcon' is defined but never used    no-unused-vars
  Line 36:8:   'StarIcon' is defined but never used        no-unused-vars
  Line 37:8:   'StarBorderIcon' is defined but never used  no-unused-vars

src\Pages\MarketPlace\FinalizarCompra.jsx
  Line 77:11:  'total' is assigned a value but never used           no-unused-vars
  Line 77:18:  'updateQuantity' is assigned a value but never used  no-unused-vars
  Line 83:10:  'localItems' is assigned a value but never used      no-unused-vars
  Line 84:10:  'localTotal' is assigned a value but never used      no-unused-vars

src\Pages\MarketPlace\FinalizarCompraProducto.jsx
  Line 8:8:    'ArrowBackIcon' is defined but never used         no-unused-vars
  Line 67:10:  'loading' is assigned a value but never used      no-unused-vars
  Line 68:10:  'error' is assigned a value but never used        no-unused-vars
  Line 73:10:  'resenasData' is assigned a value but never used  no-unused-vars

src\Pages\MarketPlace\MarketPage.jsx
  Line 21:3:  'TextField' is defined but never used                      no-unused-vars
  Line 24:3:  'Pagination' is defined but never used                     no-unused-vars
  Line 33:9:  'navigate' is assigned a value but never used              no-unused-vars
  Line 34:9:  'location' is assigned a value but never used              no-unused-vars
  Line 42:5:  'calificacionPromedio' is assigned a value but never used  no-unused-vars

src\Pages\MarketPlace\MarketPlace.jsx
  Line 54:12:  'errorFiltros' is assigned a value but never used  no-unused-vars

src\Pages\MarketPlace\PagosTienda.jsx
  Line 63:11:  'slug' is assigned a value but never used  no-unused-vars

src\Pages\MarketPlace\PedidosEntregados.jsx
  Line 239:21:  'subtotal' is assigned a value but never used  no-unused-vars
  Line 240:21:  'envio' is assigned a value but never used     no-unused-vars

src\Pages\MarketPlace\PedidosPendientes.jsx
  Line 2:38:   'useCallback' is defined but never used                      no-unused-vars
  Line 57:11:  'user' is assigned a value but never used                    no-unused-vars
  Line 57:17:  'getAccessTokenSilently' is assigned a value but never used  no-unused-vars
  Line 57:41:  'isAuthenticated' is assigned a value but never used         no-unused-vars
  Line 62:10:  'pagination' is assigned a value but never used              no-unused-vars
  Line 67:9:   'conAutenticacion' is assigned a value but never used        no-unused-vars

src\Pages\MarketPlace\Producto.jsx
  Line 13:3:   'Button' is defined but never used                no-unused-vars
  Line 33:8:   'PreguntasProducto' is defined but never used     no-unused-vars
  Line 68:10:  'resenasData' is assigned a value but never used  no-unused-vars

src\Pages\MarketPlace\RegisterStoreStepper.jsx
  Line 33:9:  'location' is assigned a value but never used          no-unused-vars
  Line 64:5:  'finishStoreSetup' is assigned a value but never used  no-unused-vars

src\Pages\MarketPlace\RegistroTienda.jsx
  Line 5:3:    'Stepper' is defined but never used                    no-unused-vars
  Line 6:3:    'Step' is defined but never used                       no-unused-vars
  Line 7:3:    'StepLabel' is defined but never used                  no-unused-vars
  Line 9:3:    'TextField' is defined but never used                  no-unused-vars
  Line 10:3:   'CircularProgress' is defined but never used           no-unused-vars
  Line 15:10:  'slugify' is defined but never used                    no-unused-vars
  Line 16:10:  'GoogleMap' is defined but never used                  no-unused-vars
  Line 16:21:  'Marker' is defined but never used                     no-unused-vars
  Line 22:8:   'ActivaTuMembresia' is defined but never used          no-unused-vars
  Line 25:7:   'steps' is assigned a value but never used             no-unused-vars
  Line 28:9:   'location' is assigned a value but never used          no-unused-vars
  Line 29:9:   'navigate' is assigned a value but never used          no-unused-vars
  Line 33:10:  'activeStep' is assigned a value but never used        no-unused-vars
  Line 34:10:  'storeName' is assigned a value but never used         no-unused-vars
  Line 34:21:  'setStoreName' is assigned a value but never used      no-unused-vars
  Line 35:10:  'error' is assigned a value but never used             no-unused-vars
  Line 35:17:  'setError' is assigned a value but never used          no-unused-vars
  Line 36:10:  'loading' is assigned a value but never used           no-unused-vars
  Line 36:19:  'setLoading' is assigned a value but never used        no-unused-vars
  Line 37:10:  'laTienda' is assigned a value but never used          no-unused-vars
  Line 38:10:  'direccionData' is assigned a value but never used     no-unused-vars
  Line 48:5:   'createStore' is assigned a value but never used       no-unused-vars
  Line 49:5:   'getStoreBySlug' is assigned a value but never used    no-unused-vars
  Line 51:5:   'updateStore' is assigned a value but never used       no-unused-vars
  Line 52:5:   'onboardingStripe' is assigned a value but never used  no-unused-vars
  Line 53:5:   'createDireccion' is assigned a value but never used   no-unused-vars
  Line 54:5:   'finishStoreSetup' is assigned a value but never used  no-unused-vars

src\Pages\MiMembresia.jsx
  Line 5:11:  'roles' is assigned a value but never used  no-unused-vars

src\Pages\Notificacion.jsx
  Line 40:9:  The 'notificaciones' logical expression could make the dependencies of useMemo Hook (at line 58) change on every render. Move it inside the useMemo callback. Alternatively, wrap the initialization of 'notificaciones' in its own useMemo() Hook  react-hooks/exhaustive-deps

src\Pages\Notificacions.jsx
  Line 67:9:   The 'notificaciones' logical expression could make the dependencies of useMemo Hook (at line 148) change on every render. To fix this, wrap the initialization of 'notificaciones' in its own useMemo() Hook  react-hooks/exhaustive-deps
  Line 82:20:  'setPageSize' is assigned a value but never used                                                                                                                                                              no-unused-vars
  Line 108:6:  React Hook useEffect has a missing dependency: 'notificaciones'. Either include it or remove the dependency array                                                                                             react-hooks/exhaustive-deps
  Line 108:7:  React Hook useEffect has a complex expression in the dependency array. Extract it to a separate variable so it can be statically checked                                                                      react-hooks/exhaustive-deps

src\Pages\PreRegistroConductor.jsx
  Line 11:9:  'navigate' is assigned a value but never used  no-unused-vars

src\Pages\TaxisRoute.jsx
  Line 17:9:  The 'actualRoles' conditional could make the dependencies of useEffect Hook (at line 61) change on every render. To fix this, wrap the initialization of 'actualRoles' in its own useMemo() Hook  react-hooks/exhaustive-deps

src\Routes\index.jsx
  Line 16:8:    'MarketRoute' is defined but never used          no-unused-vars
  Line 21:8:    'GenRoute' is defined but never used             no-unused-vars
  Line 44:8:    'WikiHome' is defined but never used             no-unused-vars
  Line 60:8:    'NavBar' is defined but never used               no-unused-vars
  Line 63:8:    'LmAi' is defined but never used                 no-unused-vars
  Line 64:8:    'TTS' is defined but never used                  no-unused-vars
  Line 65:8:    'TextToSpeech' is defined but never used         no-unused-vars
  Line 111:8:   'ComunidadPage' is defined but never used        no-unused-vars
  Line 127:8:   'RegistroTiendaPage' is defined but never used   no-unused-vars
  Line 260:7:   'WikiLayout' is assigned a value but never used  no-unused-vars
  Line 295:11:  'roleValues' is assigned a value but never used  no-unused-vars

src\components\Academia\Rompecabezas.jsx
  Line 38:9:   'navigate' is assigned a value but never used                                                                no-unused-vars
  Line 40:9:   'location' is assigned a value but never used                                                                no-unused-vars
  Line 112:6:  React Hook useEffect has a missing dependency: 'controls'. Either include it or remove the dependency array  react-hooks/exhaustive-deps

src\components\Anuncios\AnunciosPorDefecto.jsx
  Line 2:28:    'useMemo' is defined but never used                                                                                                                                                                                                                                                           no-unused-vars
  Line 99:6:    React Hook useEffect has a missing dependency: 'initialPercentages'. Either include it or remove the dependency array. If 'setPositions' needs the current value of 'initialPercentages', you can also switch to useReducer instead of useState and read 'initialPercentages' in the reducer  react-hooks/exhaustive-deps
  Line 99:14:   React Hook useEffect has a complex expression in the dependency array. Extract it to a separate variable so it can be statically checked                                                                                                                                                      react-hooks/exhaustive-deps
  Line 216:10:  'updatingAdId' is assigned a value but never used                                                                                                                                                                                                                                             no-unused-vars

src\components\Anuncios\AnunciosProgramados.jsx
  Line 10:11:  'userData' is assigned a value but never used  no-unused-vars

src\components\AuthGate.jsx
  Line 37:9:  'navigate' is assigned a value but never used  no-unused-vars

src\components\Blog\BotonEliminar.jsx
  Line 6:11:  'isAuthenticated' is assigned a value but never used  no-unused-vars
  Line 6:39:  'user' is assigned a value but never used             no-unused-vars

src\components\Blog\Contenidos.jsx
  Line 34:9:   'esEditor' is assigned a value but never used                                                                       no-unused-vars
  Line 49:9:   'titulo' is already defined                                                                                         no-redeclare
  Line 53:9:   'titulo' is already defined                                                                                         no-redeclare
  Line 54:9:   'mostrarCategorias' is already defined                                                                              no-redeclare
  Line 58:9:   'titulo' is already defined                                                                                         no-redeclare
  Line 59:9:   'mostrarCategorias' is already defined                                                                              no-redeclare
  Line 65:9:   'clasifica' is assigned a value but never used                                                                      no-unused-vars
  Line 84:9:   'isDesktop' is assigned a value but never used                                                                      no-unused-vars
  Line 101:6:  React Hook useEffect has a missing dependency: 'getCategorias'. Either include it or remove the dependency array    react-hooks/exhaustive-deps
  Line 119:6:  React Hook useEffect has a missing dependency: 'fetchContenidos'. Either include it or remove the dependency array  react-hooks/exhaustive-deps
  Line 148:4:  React Hook useEffect has a missing dependency: 'toRender'. Either include it or remove the dependency array         react-hooks/exhaustive-deps

src\components\BottomSheet.jsx
  Line 1:38:  'useRef' is defined but never used  no-unused-vars

src\components\Cursos\Cursos.jsx
  Line 19:3:   'CircularProgress' is defined but never used           no-unused-vars
  Line 48:9:   'titulo' is already defined                            no-redeclare
  Line 52:9:   'titulo' is already defined                            no-redeclare
  Line 53:9:   'mostrarCategorias' is already defined                 no-redeclare
  Line 56:9:   'titulo' is already defined                            no-redeclare
  Line 57:9:   'mostrarCategorias' is already defined                 no-redeclare
  Line 61:9:   'clasifica' is assigned a value but never used         no-unused-vars
  Line 80:9:   'isDesktop' is assigned a value but never used         no-unused-vars
  Line 89:10:  'loadingMisCursos' is assigned a value but never used  no-unused-vars

src\components\Eventos\UbicacionEvento.jsx
  Line 59:10:  'direccion' is assigned a value but never used  no-unused-vars

src\components\Eventos\index.jsx
  Line 3:15:  'Typography' is defined but never used  no-unused-vars

src\components\Food\AgregarProducto.jsx
  Line 116:3:  Duplicate key 'calorias'  no-dupe-keys

src\components\Food\DetalleFoodProduct.jsx
  Line 2:17:   'useEffect' is defined but never used                no-unused-vars
  Line 13:3:   'IconButton' is defined but never used               no-unused-vars
  Line 21:8:   'FavoriteBorderIcon' is defined but never used       no-unused-vars
  Line 22:8:   'FavoriteIcon' is defined but never used             no-unused-vars
  Line 32:7:   'STRAPI_URL' is assigned a value but never used      no-unused-vars
  Line 62:7:   'usa_stock' is assigned a value but never used       no-unused-vars
  Line 71:10:  'costoEnvio' is assigned a value but never used      no-unused-vars
  Line 71:22:  'setCostoEnvio' is assigned a value but never used   no-unused-vars
  Line 77:10:  'favAdded' is assigned a value but never used        no-unused-vars
  Line 80:24:  'existeFavorito' is assigned a value but never used  no-unused-vars

src\components\Food\FoodCheckout.jsx
  Line 52:14:  'uberLoading' is assigned a value but never used       no-unused-vars
  Line 53:12:  'uberError' is assigned a value but never used         no-unused-vars
  Line 56:5:   'getRestaurantFee' is assigned a value but never used  no-unused-vars
  Line 66:10:  'errorCotizacion' is assigned a value but never used   no-unused-vars

src\components\Food\FoodCheckoutPago.jsx
  Line 12:3:  'CardContent' is defined but never used  no-unused-vars

src\components\Food\FoodOrderDetailModal.jsx
  Line 16:3:  'Payment' is defined but never used  no-unused-vars

src\components\Food\FoodProductCard.jsx
  Line 30:5:   'calificaciones' is assigned a value but never used          no-unused-vars
  Line 31:5:   'vendidos' is assigned a value but never used                no-unused-vars
  Line 33:5:   'descripcion' is assigned a value but never used             no-unused-vars
  Line 36:5:   'calorias' is assigned a value but never used                no-unused-vars
  Line 38:5:   'porciones' is assigned a value but never used               no-unused-vars
  Line 39:5:   'es_picante' is assigned a value but never used              no-unused-vars
  Line 40:5:   'nivel_picante' is assigned a value but never used           no-unused-vars
  Line 47:5:   'ingredientes' is assigned a value but never used            no-unused-vars
  Line 48:5:   'alergenos' is assigned a value but never used               no-unused-vars
  Line 49:5:   'temperatura' is assigned a value but never used             no-unused-vars
  Line 50:5:   'horario_disponibilidad' is assigned a value but never used  no-unused-vars
  Line 51:5:   'fecha_creacion' is assigned a value but never used          no-unused-vars
  Line 53:5:   'owner_email' is assigned a value but never used             no-unused-vars
  Line 57:9:   'theme' is assigned a value but never used                   no-unused-vars
  Line 59:20:  'setFavorito' is assigned a value but never used             no-unused-vars
  Line 60:10:  'activado' is assigned a value but never used                no-unused-vars
  Line 60:20:  'setActivado' is assigned a value but never used             no-unused-vars
  Line 65:9:   'promedioDisplay' is assigned a value but never used         no-unused-vars

src\components\Food\ModificadoresOferta.jsx
  Line 1:17:  'useMemo' is defined but never used  no-unused-vars

src\components\Food\ModificadoresRestaurante.jsx
  Line 28:3:  'Delete' is defined but never used  no-unused-vars

src\components\Food\OfertasRestaurante.jsx
  Line 1:28:  'useMemo' is defined but never used                      no-unused-vars
  Line 19:3:  'Select' is defined but never used                       no-unused-vars
  Line 29:3:  'Edit' is defined but never used                         no-unused-vars
  Line 31:3:  'Restaurant' is defined but never used                   no-unused-vars
  Line 40:5:  'loading' is assigned a value but never used             no-unused-vars
  Line 41:5:  'error' is assigned a value but never used               no-unused-vars
  Line 64:9:  'handleEditarOferta' is assigned a value but never used  no-unused-vars

src\components\Food\PagoPedidoRestaurante.jsx
  Line 29:26:  'setUploadedFileId' is assigned a value but never used   no-unused-vars
  Line 30:27:  'setUploadedFileUrl' is assigned a value but never used  no-unused-vars

src\components\Food\PedidoDetalleModal.jsx
  Line 18:8:  'LocalShippingIcon' is defined but never used  no-unused-vars

src\components\Food\PedidosRestaurante.jsx
  Line 9:3:   'IconButton' is defined but never used                          no-unused-vars
  Line 13:3:  'Tooltip' is defined but never used                             no-unused-vars
  Line 21:8:  'CheckCircleOutlineOutlinedIcon' is defined but never used      no-unused-vars
  Line 69:5:  'updatingPedido' is assigned a value but never used             no-unused-vars
  Line 70:5:  'error' is assigned a value but never used                      no-unused-vars
  Line 74:5:  'marcarEntregado' is assigned a value but never used            no-unused-vars
  Line 75:5:  'cancelar' is assigned a value but never used                   no-unused-vars
  Line 79:5:  'limpiarPedidoSeleccionado' is assigned a value but never used  no-unused-vars

src\components\Food\ProductoCardOwner.jsx
  Line 1:17:   'useEffect' is defined but never used                        no-unused-vars
  Line 19:8:   'LocalShippingIcon' is defined but never used                no-unused-vars
  Line 20:8:   'AddShoppingCartIcon' is defined but never used              no-unused-vars
  Line 21:8:   'PlaceIcon' is defined but never used                        no-unused-vars
  Line 41:5:   'es_picante' is assigned a value but never used              no-unused-vars
  Line 48:5:   'contiene_cerdo' is assigned a value but never used          no-unused-vars
  Line 52:5:   'horario_disponibilidad' is assigned a value but never used  no-unused-vars
  Line 53:5:   'fecha_creacion' is assigned a value but never used          no-unused-vars
  Line 55:5:   'owner_email' is assigned a value but never used             no-unused-vars
  Line 58:9:   'theme' is assigned a value but never used                   no-unused-vars
  Line 59:9:   'navigate' is assigned a value but never used                no-unused-vars
  Line 60:20:  'setFavorito' is assigned a value but never used             no-unused-vars
  Line 61:20:  'setActivado' is assigned a value but never used             no-unused-vars

src\components\Food\ProductoVarianteFormDialog.jsx
  Line 100:6:  React Hook useEffect has missing dependencies: 'alergenosBase', 'imagenPredeterminadaBase', 'imagenesBase', and 'ingredientesBase'. Either include them or remove the dependency array. If 'setIngredientes' needs the current value of 'ingredientesBase', you can also switch to useReducer instead of useState and read 'ingredientesBase' in the reducer  react-hooks/exhaustive-deps

src\components\Home\Intro.jsx
  Line 36:6:  React Hook useEffect has a missing dependency: 'characters.length'. Either include it or remove the dependency array     react-hooks/exhaustive-deps
  Line 41:6:  React Hook useEffect has a missing dependency: 'rotatingInner.length'. Either include it or remove the dependency array  react-hooks/exhaustive-deps

src\components\MarketPlace\BotonVender.jsx
  Line 3:10:   'useEffect' is defined but never used          no-unused-vars
  Line 11:10:  'checking' is assigned a value but never used  no-unused-vars

src\components\MarketPlace\Buscador.jsx
  Line 6:3:   'InputAdornment' is defined but never used  no-unused-vars
  Line 11:8:  'SearchOffIcon' is defined but never used   no-unused-vars
  Line 12:8:  'SearchIcon' is defined but never used      no-unused-vars

src\components\MarketPlace\CalificarCompras.jsx
  Line 8:3:  'CardContent' is defined but never used  no-unused-vars

src\components\MarketPlace\CategoriaCard.jsx
  Line 16:9:  'handleClick' is assigned a value but never used  no-unused-vars

src\components\MarketPlace\CategoriasSlider.jsx
  Line 8:9:  'isDesktop' is assigned a value but never used  no-unused-vars

src\components\MarketPlace\ChecarPagoTienda.jsx
  Line 33:9:  'hasPago' is assigned a value but never used  no-unused-vars

src\components\MarketPlace\DetalleProducto.jsx
  Line 24:8:   'useFavoritos' is defined but never used         no-unused-vars
  Line 48:11:  'user' is assigned a value but never used        no-unused-vars
  Line 59:10:  'favoritoId' is assigned a value but never used  no-unused-vars

src\components\MarketPlace\DireccionSelector.jsx
  Line 59:10:  'mapCenter' is assigned a value but never used            no-unused-vars
  Line 60:10:  'obteniendoUbicacion' is assigned a value but never used  no-unused-vars

src\components\MarketPlace\PagoPorTienda.jsx
  Line 38:26:  'setUploadedFileId' is assigned a value but never used   no-unused-vars
  Line 39:27:  'setUploadedFileUrl' is assigned a value but never used  no-unused-vars

src\components\MarketPlace\PreguntasProductoHeader.jsx
  Line 23:8:  React Hook useEffect has a missing dependency: 'obtenerPreguntas'. Either include it or remove the dependency array  react-hooks/exhaustive-deps

src\components\MarketPlace\PreguntasProductos.jsx
  Line 5:3:   'TextField' is defined but never used    no-unused-vars
  Line 6:3:   'Button' is defined but never used       no-unused-vars
  Line 7:3:   'Divider' is defined but never used      no-unused-vars
  Line 12:3:  'Card' is defined but never used         no-unused-vars
  Line 13:3:  'Stack' is defined but never used        no-unused-vars
  Line 14:3:  'CardContent' is defined but never used  no-unused-vars
  Line 15:3:  'Chip' is defined but never used         no-unused-vars

src\components\MarketPlace\PreguntasProductosNew.jsx
  Line 54:6:  React Hook useEffect has a missing dependency: 'cargarPreguntas'. Either include it or remove the dependency array  react-hooks/exhaustive-deps

src\components\MarketPlace\ProductoCard.jsx
  Line 45:7:   'FAVORITOS_URL' is assigned a value but never used  no-unused-vars
  Line 69:9:   'theme' is assigned a value but never used          no-unused-vars
  Line 73:10:  'favoritoId' is assigned a value but never used     no-unused-vars

src\components\Membresias\MembershipCheckout.jsx
  Line 58:53:  'logout' is assigned a value but never used  no-unused-vars

src\components\Membresias\MiMembresia.jsx
  Line 3:52:  'CircularProgress' is defined but never used  no-unused-vars

src\components\Membresias\ProbarMembresia.jsx
  Line 22:10:  'plane' is assigned a value but never used  no-unused-vars

src\components\NavBar\NavBar.jsx
  Line 57:10:  'isInfoMenuOpen' is assigned a value but never used                                                            no-unused-vars
  Line 62:9:   'InfoRef' is assigned a value but never used                                                                   no-unused-vars
  Line 142:9:  'toggleTopBar' is assigned a value but never used                                                              no-unused-vars
  Line 163:6:  React Hook useEffect has a missing dependency: 'topBarOpen'. Either include it or remove the dependency array  react-hooks/exhaustive-deps
  Line 192:9:  'pushLocalNotification' is assigned a value but never used                                                     no-unused-vars

src\components\NavBar\NavButton.jsx
  Line 6:9:  'navigate' is assigned a value but never used  no-unused-vars

src\components\NavBar\NotificationsIcon.jsx
  Line 17:47:  'loading' is assigned a value but never used  no-unused-vars

src\components\NavBar\UserIcon.jsx
  Line 1:38:  'useRef' is defined but never used                                                                                                                                                                                                                                   no-unused-vars
  Line 11:5:  'isLoading' is assigned a value but never used                                                                                                                                                                                                                       no-unused-vars
  Line 14:5:  'getAccessTokenSilently' is assigned a value but never used                                                                                                                                                                                                          no-unused-vars
  Line 15:5:  'error' is assigned a value but never used                                                                                                                                                                                                                           no-unused-vars
  Line 27:6:  React Hook useEffect has a missing dependency: 'guestImage'. Either include it or remove the dependency array. If 'setImageSrc' needs the current value of 'guestImage', you can also switch to useReducer instead of useState and read 'guestImage' in the reducer  react-hooks/exhaustive-deps

src\components\ShareButton.jsx
  Line 133:11:  'text' is assigned a value but never used  no-unused-vars

src\components\Taxis\AdeudoWarning.jsx
  Line 24:11:  'phone' is assigned a value but never used  no-unused-vars

src\components\Taxis\ConductorRender.jsx
  Line 14:21:  'formatPrice' is assigned a value but never used  no-unused-vars
  Line 68:11:  'STRAPI_URL' is assigned a value but never used   no-unused-vars

src\components\Taxis\Invitado.jsx
  Line 240:9:   The href attribute requires a valid value to be accessible. Provide a valid, navigable address as the href value. If you cannot provide a valid href, but still need the element to resemble a link, use a button and change it with appropriate styles. Learn more: https://github.com/jsx-eslint/eslint-plugin-jsx-a11y/blob/HEAD/docs/rules/anchor-is-valid.md  jsx-a11y/anchor-is-valid
  Line 301:13:  The href attribute requires a valid value to be accessible. Provide a valid, navigable address as the href value. If you cannot provide a valid href, but still need the element to resemble a link, use a button and change it with appropriate styles. Learn more: https://github.com/jsx-eslint/eslint-plugin-jsx-a11y/blob/HEAD/docs/rules/anchor-is-valid.md  jsx-a11y/anchor-is-valid
  Line 320:13:  Duplicate key 'color'                                                                                                                                                                                                                                                                                                                                              no-dupe-keys
  Line 338:11:  The href attribute requires a valid value to be accessible. Provide a valid, navigable address as the href value. If you cannot provide a valid href, but still need the element to resemble a link, use a button and change it with appropriate styles. Learn more: https://github.com/jsx-eslint/eslint-plugin-jsx-a11y/blob/HEAD/docs/rules/anchor-is-valid.md  jsx-a11y/anchor-is-valid

src\components\Taxis\Pasajero.jsx
  Line 16:7:   'DEFAULT_FROM' is assigned a value but never used        no-unused-vars
  Line 51:10:  'fromMarkerPosition' is assigned a value but never used  no-unused-vars
  Line 52:10:  'toMarkerPosition' is assigned a value but never used    no-unused-vars
  Line 66:10:  'debtsError' is assigned a value but never used          no-unused-vars

src\components\Taxis\Roles.jsx
  Line 1:17:  'useState' is defined but never used   no-unused-vars
  Line 1:27:  'useEffect' is defined but never used  no-unused-vars
  Line 1:38:  'useRef' is defined but never used     no-unused-vars
  Line 2:29:  'Button' is defined but never used     no-unused-vars
  Line 2:37:  'Link' is defined but never used       no-unused-vars

src\components\Taxis\driver-verification\VerificationSidebar.jsx
  Line 5:3:   'Box' is defined but never used             no-unused-vars
  Line 7:3:   'LinearProgress' is defined but never used  no-unused-vars
  Line 12:3:  'Stack' is defined but never used           no-unused-vars

src\components\Taxiz\ConductorRender.jsx
  Line 14:21:  'formatPrice' is assigned a value but never used  no-unused-vars

src\components\Taxiz\ConfirmPayment.jsx
  Line 1:17:  'useEffect' is defined but never used  no-unused-vars

src\components\Taxiz\ConfirmarCancelar.jsx
  Line 1:28:  'useState' is defined but never used                                                                                                                                                                                                             no-unused-vars
  Line 14:8:  React Hook useEffect has missing dependencies: 'onSubmit' and 'setOpen'. Either include them or remove the dependency array. If 'onSubmit' changes too often, find the parent component that defines it and wrap that definition in useCallback  react-hooks/exhaustive-deps

src\components\Taxiz\Pasajero.jsx
  Line 24:10:  'fromMarkerPosition' is assigned a value but never used  no-unused-vars
  Line 25:10:  'toMarkerPosition' is assigned a value but never used    no-unused-vars
  Line 51:10:  'offers' is assigned a value but never used              no-unused-vars

src\components\Taxiz\PasajeroTermsModal.jsx
  Line 22:11:  Duplicate key 'position'  no-dupe-keys

src\components\Taxiz\PreRegistroConductor2.jsx
  Line 442:9:  'currentDocsList' is assigned a value but never used  no-unused-vars

src\components\Taxiz\RequisitosConductor.jsx
  Line 10:9:  'navigate' is assigned a value but never used  no-unused-vars

src\components\Taxiz\Roles.jsx
  Line 1:17:  'useState' is defined but never used   no-unused-vars
  Line 1:27:  'useEffect' is defined but never used  no-unused-vars
  Line 1:38:  'useRef' is defined but never used     no-unused-vars
  Line 2:29:  'Button' is defined but never used     no-unused-vars
  Line 2:37:  'Link' is defined but never used       no-unused-vars

src\components\Taxiz\TripView.jsx
  Line 13:8:   'guestImage' is defined but never used                         no-unused-vars
  Line 91:10:  'loadingViaje' is assigned a value but never used              no-unused-vars
  Line 92:30:  'setDriverPaymentState' is assigned a value but never used     no-unused-vars
  Line 93:33:  'setPassengerPaymentState' is assigned a value but never used  no-unused-vars

src\components\Usuarios\Favoritos.jsx
  Line 95:73:  React Hook useMemo has a missing dependency: 'tabs'. Either include it or remove the dependency array  react-hooks/exhaustive-deps

src\components\Usuarios\Perfil.jsx
  Line 400:47:  Unnecessary escape character: \:  no-useless-escape

src\components\components\Taxis\RequisitosConductor.jsx
  Line 31:11:  Duplicate key 'position'  no-dupe-keys

src\hooks\food\useProductsRestaurant.jsx
  Line 11:17:  'setError' is assigned a value but never used  no-unused-vars

src\hooks\storeAdmin\useStoreAdminPedidos.jsx
  Line 1:20:  'useEffect' is defined but never used    no-unused-vars
  Line 1:31:  'useCallback' is defined but never used  no-unused-vars

src\hooks\useAdRewards.jsx
  Line 143:6:  React Hook useCallback has a missing dependency: 'refreshSesion'. Either include it or remove the dependency array  react-hooks/exhaustive-deps
  Line 150:6:  React Hook useCallback has a missing dependency: 'refreshSesion'. Either include it or remove the dependency array  react-hooks/exhaustive-deps
  Line 175:6:  React Hook useEffect has a missing dependency: 'setEstadoItem'. Either include it or remove the dependency array    react-hooks/exhaustive-deps

src\hooks\useContenido.jsx
  Line 1:20:   'useEffect' is defined but never used                        no-unused-vars
  Line 12:15:  'getAccessTokenSilently' is assigned a value but never used  no-unused-vars
  Line 18:17:  'setTotal' is assigned a value but never used                no-unused-vars

src\hooks\useCursos.jsx
  Line 12:17:  'getAccessTokenSilently' is assigned a value but never used                                                                          no-unused-vars
  Line 25:17:  'setTotal' is assigned a value but never used                                                                                        no-unused-vars
  Line 31:6:   React Hook useEffect has missing dependencies: 'fetchCursos' and 'fetchMaestro'. Either include them or remove the dependency array  react-hooks/exhaustive-deps

src\hooks\useEventos.jsx
  Line 35:6:  React Hook useEffect has a missing dependency: 'fetchEventos'. Either include it or remove the dependency array  react-hooks/exhaustive-deps

src\hooks\useProductos.jsx
  Line 114:10:  'producto' is assigned a value but never used    no-unused-vars
  Line 124:9:   'mountedRef' is assigned a value but never used  no-unused-vars

src\hooks\useSkills\useSkills.js
  Line 24:11:  'user' is assigned a value but never used  no-unused-vars

src\hooks\useStores.jsx
  Line 2:10:  'slugify' is defined but never used  no-unused-vars

src\services\adRewards\mutationsServices.js
  Line 3:7:  'authHeaders' is assigned a value but never used  no-unused-vars

src\services\adRewards\queryServices.js
  Line 3:7:  'authHeaders' is assigned a value but never used  no-unused-vars

src\services\wikiService.ts
  Line 21:46:  Unnecessary escape character: \/  no-useless-escape

Search for the keywords to learn more about each warning.
To ignore, add // eslint-disable-next-line to the line before.

WARNING in [eslint] 
src\Contexts\NotificationsContext.jsx
  Line 60:6:  React Hook useCallback has a missing dependency: 'USE_AUTH'. Either include it or remove the dependency array  react-hooks/exhaustive-deps

src\Pages\AnunciosRemunerados\AnunciosRemunerados.jsx
  Line 4:70:   'Stack' is defined but never used                   no-unused-vars
  Line 18:9:   'location' is assigned a value but never used       no-unused-vars
  Line 23:40:  'indiceActual' is assigned a value but never used   no-unused-vars
  Line 25:23:  'tieneToken' is assigned a value but never used     no-unused-vars
  Line 25:35:  'authToken' is assigned a value but never used      no-unused-vars
  Line 138:9:  'intentarSalir' is assigned a value but never used  no-unused-vars

src\Pages\Anuncios\Anuncios.jsx
  Line 4:8:    'axios' is defined but never used                                                                              no-unused-vars
  Line 19:11:  'slug' is assigned a value but never used                                                                      no-unused-vars
  Line 21:11:  'user' is assigned a value but never used                                                                      no-unused-vars
  Line 54:6:   React Hook useEffect has a missing dependency: 'basePrueba'. Either include it or remove the dependency array  react-hooks/exhaustive-deps

src\Pages\Blog\AgregarContenido.jsx
  Line 20:10:   'DatePicker' is defined but never used                          no-unused-vars
  Line 50:16:   'errorHook' is assigned a value but never used                  no-unused-vars
  Line 106:12:  'videosLibresPreview' is assigned a value but never used        no-unused-vars
  Line 107:12:  'videosRestringidosPreview' is assigned a value but never used  no-unused-vars

src\Pages\Blog\AgregarCurso.jsx
  Line 43:3:  'colorControlSecundarioHoover' is defined but never used  no-unused-vars

src\Pages\Blog\EditarContenido.jsx
  Line 3:8:   'BotonEliminar' is defined but never used                 no-unused-vars
  Line 12:5:  'colorControlSecundarioHoover' is defined but never used  no-unused-vars
  Line 14:5:  'botonEditor' is defined but never used                   no-unused-vars
  Line 15:5:  'botonEditorBorde' is defined but never used              no-unused-vars
  Line 16:5:  'botonEditorFondoHoover' is defined but never used        no-unused-vars
  Line 17:5:  'botonEditorBordeHoover' is defined but never used        no-unused-vars

src\Pages\Cartera\Billetera.jsx
  Line 55:51:  React Hook useEffect has a missing dependency: 'cargarCarteraYHistorial'. Either include it or remove the dependency array  react-hooks/exhaustive-deps

src\Pages\Cartera\FreeBoocks\Catalogo.jsx
  Line 5:7:  'translateText' is assigned a value but never used  no-unused-vars

src\Pages\ComunidadPage.jsx
  Line 4:8:   'Anuncios' is defined but never used                    no-unused-vars
  Line 9:11:  'isActivaMembresia' is assigned a value but never used  no-unused-vars
  Line 11:9:  'isMobile' is assigned a value but never used           no-unused-vars

src\Pages\Comunidad\Referir.jsx
  Line 22:9:  'isMobile' is assigned a value but never used                                                                      no-unused-vars
  Line 36:6:  React Hook useMemo has an unnecessary dependency: 'isJardinero'. Either exclude it or remove the dependency array  react-hooks/exhaustive-deps

src\Pages\Coowork\Coowork.jsx
  Line 42:32:  'EmptyState' is defined but never used  no-unused-vars

src\Pages\Cursos\Curso.jsx
  Line 36:9:  'params' is assigned a value but never used  no-unused-vars

src\Pages\Cursos\EditarCurso.jsx
  Line 3:8:    'BotonEliminar' is defined but never used                 no-unused-vars
  Line 86:11:  'quillRefRestringido' is assigned a value but never used  no-unused-vars

src\Pages\Eventos\Evento.jsx
  Line 26:8:   'ContentCopyIcon' is defined but never used      no-unused-vars
  Line 105:9:  'handleCopy' is assigned a value but never used  no-unused-vars

src\Pages\Eventos\EventosGrid.jsx
  Line 15:3:   'CircularProgress' is defined but never used     no-unused-vars
  Line 40:11:  'roles' is assigned a value but never used       no-unused-vars
  Line 40:18:  'membresia' is assigned a value but never used   no-unused-vars
  Line 43:9:   'diasSemana' is assigned a value but never used  no-unused-vars

src\Pages\Food\ComidaOfertas.jsx
  Line 9:3:   'Button' is defined but never used                                                                                no-unused-vars
  Line 11:3:  'CardContent' is defined but never used                                                                           no-unused-vars
  Line 12:3:  'CardMedia' is defined but never used                                                                             no-unused-vars
  Line 17:3:  'Stack' is defined but never used                                                                                 no-unused-vars
  Line 27:3:  'Restaurant' is defined but never used                                                                            no-unused-vars
  Line 38:9:  'isMobile' is assigned a value but never used                                                                     no-unused-vars
  Line 53:6:  React Hook useEffect has a missing dependency: 'cargarOfertas'. Either include it or remove the dependency array  react-hooks/exhaustive-deps
  Line 64:6:  React Hook useEffect has a missing dependency: 'cargarOfertas'. Either include it or remove the dependency array  react-hooks/exhaustive-deps

src\Pages\Food\ComidaProducto.jsx
  Line 42:9:   'isMobilDevice' is assigned a value but never used         no-unused-vars
  Line 43:20:  'cart' is assigned a value but never used                  no-unused-vars
  Line 43:26:  'clearCart' is assigned a value but never used             no-unused-vars
  Line 52:10:  'selectedModifiers' is assigned a value but never used     no-unused-vars
  Line 52:29:  'setSelectedModifiers' is assigned a value but never used  no-unused-vars

src\Pages\Food\ComprarFoodProduct.jsx
  Line 1:107:  'Tooltip' is defined but never used                    no-unused-vars
  Line 5:10:   'AnimatePresence' is defined but never used            no-unused-vars
  Line 11:8:   'PagoPorTienda' is defined but never used              no-unused-vars
  Line 37:10:  'loading' is assigned a value but never used           no-unused-vars
  Line 37:19:  'setLoading' is assigned a value but never used        no-unused-vars
  Line 38:10:  'error' is assigned a value but never used             no-unused-vars
  Line 38:17:  'setError' is assigned a value but never used          no-unused-vars
  Line 41:25:  'setEnvioEstimado' is assigned a value but never used  no-unused-vars
  Line 42:23:  'setRankingInfo' is assigned a value but never used    no-unused-vars
  Line 43:10:  'resenasData' is assigned a value but never used       no-unused-vars
  Line 43:23:  'setResenasData' is assigned a value but never used    no-unused-vars
  Line 46:21:  'setCarritoId' is assigned a value but never used      no-unused-vars

src\Pages\Food\Food.jsx
  Line 5:8:   'ProductoCard' is defined but never used          no-unused-vars
  Line 8:8:   'useProductos' is defined but never used          no-unused-vars
  Line 16:3:  'TextField' is defined but never used             no-unused-vars
  Line 18:3:  'Pagination' is defined but never used            no-unused-vars
  Line 43:9:  'SELL_ORANGE' is assigned a value but never used  no-unused-vars
  Line 46:9:  'isDesktop' is assigned a value but never used    no-unused-vars

src\Pages\Food\RegistroRestaurante.jsx
  Line 31:9:   'location' is assigned a value but never used             no-unused-vars
  Line 61:10:  'obteniendoUbicacion' is assigned a value but never used  no-unused-vars
  Line 62:10:  'mapCenter' is assigned a value but never used            no-unused-vars

src\Pages\Food\Restaurant.jsx
  Line 2:21:  'useLocation' is defined but never used                    no-unused-vars
  Line 4:8:   'Tabs' is defined but never used                           no-unused-vars
  Line 5:8:   'Tab' is defined but never used                            no-unused-vars
  Line 6:45:  'useMediaQuery' is defined but never used                  no-unused-vars
  Line 6:60:  'useTheme' is defined but never used                       no-unused-vars
  Line 8:8:   'StoreImagePlaceholder' is defined but never used          no-unused-vars
  Line 10:8:  'ProductosRestaurante' is defined but never used           no-unused-vars
  Line 11:8:  'AgregarProducto' is defined but never used                no-unused-vars
  Line 15:7:  'restaurantSectionKey' is assigned a value but never used  no-unused-vars
  Line 17:7:  'TABS' is assigned a value but never used                  no-unused-vars

src\Pages\Food\RestaurantAdministration.jsx
  Line 34:9:   'location' is assigned a value but never used        no-unused-vars
  Line 35:9:   'navigate' is assigned a value but never used        no-unused-vars
  Line 36:11:  'user' is assigned a value but never used            no-unused-vars
  Line 39:9:   'isMobileDevice' is assigned a value but never used  no-unused-vars

src\Pages\HomeRoute.jsx
  Line 27:8:  'TokenRoundedIcon' is defined but never used  no-unused-vars

src\Pages\Info\QuienesSomos.jsx
  Line 30:8:  'TrendingUpRoundedIcon' is defined but never used  no-unused-vars
  Line 34:8:  'economyImage' is defined but never used           no-unused-vars

src\Pages\IntegrarmeComunidad.jsx
  Line 188:10:  'openFaq' is assigned a value but never used     no-unused-vars
  Line 188:19:  'setOpenFaq' is assigned a value but never used  no-unused-vars
  Line 190:9:   'irACrear' is assigned a value but never used    no-unused-vars

src\Pages\MarketPlace\AgregarProducto.jsx
  Line 10:23:  'validarPaso1' is defined but never used               no-unused-vars
  Line 10:37:  'validarPaso2' is defined but never used               no-unused-vars
  Line 28:10:  'storeCP' is assigned a value but never used           no-unused-vars
  Line 34:11:  'getStoreByEmail' is assigned a value but never used   no-unused-vars
  Line 52:5:   'setFormSubmitted' is assigned a value but never used  no-unused-vars

src\Pages\MarketPlace\Compras.jsx
  Line 2:38:   'useMemo' is defined but never used         no-unused-vars
  Line 2:60:   'useRef' is defined but never used          no-unused-vars
  Line 20:3:   'Paper' is defined but never used           no-unused-vars
  Line 29:18:  'number' is defined but never used          no-unused-vars
  Line 35:8:   'FavoriteIcon' is defined but never used    no-unused-vars
  Line 36:8:   'StarIcon' is defined but never used        no-unused-vars
  Line 37:8:   'StarBorderIcon' is defined but never used  no-unused-vars

src\Pages\MarketPlace\FinalizarCompra.jsx
  Line 77:11:  'total' is assigned a value but never used           no-unused-vars
  Line 77:18:  'updateQuantity' is assigned a value but never used  no-unused-vars
  Line 83:10:  'localItems' is assigned a value but never used      no-unused-vars
  Line 84:10:  'localTotal' is assigned a value but never used      no-unused-vars

src\Pages\MarketPlace\FinalizarCompraProducto.jsx
  Line 8:8:    'ArrowBackIcon' is defined but never used         no-unused-vars
  Line 67:10:  'loading' is assigned a value but never used      no-unused-vars
  Line 68:10:  'error' is assigned a value but never used        no-unused-vars
  Line 73:10:  'resenasData' is assigned a value but never used  no-unused-vars

src\Pages\MarketPlace\MarketPage.jsx
  Line 21:3:  'TextField' is defined but never used                      no-unused-vars
  Line 24:3:  'Pagination' is defined but never used                     no-unused-vars
  Line 33:9:  'navigate' is assigned a value but never used              no-unused-vars
  Line 34:9:  'location' is assigned a value but never used              no-unused-vars
  Line 42:5:  'calificacionPromedio' is assigned a value but never used  no-unused-vars

src\Pages\MarketPlace\MarketPlace.jsx
  Line 54:12:  'errorFiltros' is assigned a value but never used  no-unused-vars

src\Pages\MarketPlace\PagosTienda.jsx
  Line 63:11:  'slug' is assigned a value but never used  no-unused-vars

src\Pages\MarketPlace\PedidosEntregados.jsx
  Line 239:21:  'subtotal' is assigned a value but never used  no-unused-vars
  Line 240:21:  'envio' is assigned a value but never used     no-unused-vars

src\Pages\MarketPlace\PedidosPendientes.jsx
  Line 2:38:   'useCallback' is defined but never used                      no-unused-vars
  Line 57:11:  'user' is assigned a value but never used                    no-unused-vars
  Line 57:17:  'getAccessTokenSilently' is assigned a value but never used  no-unused-vars
  Line 57:41:  'isAuthenticated' is assigned a value but never used         no-unused-vars
  Line 62:10:  'pagination' is assigned a value but never used              no-unused-vars
  Line 67:9:   'conAutenticacion' is assigned a value but never used        no-unused-vars

src\Pages\MarketPlace\Producto.jsx
  Line 13:3:   'Button' is defined but never used                no-unused-vars
  Line 33:8:   'PreguntasProducto' is defined but never used     no-unused-vars
  Line 68:10:  'resenasData' is assigned a value but never used  no-unused-vars

src\Pages\MarketPlace\RegisterStoreStepper.jsx
  Line 33:9:  'location' is assigned a value but never used          no-unused-vars
  Line 64:5:  'finishStoreSetup' is assigned a value but never used  no-unused-vars

src\Pages\MarketPlace\RegistroTienda.jsx
  Line 5:3:    'Stepper' is defined but never used                    no-unused-vars
  Line 6:3:    'Step' is defined but never used                       no-unused-vars
  Line 7:3:    'StepLabel' is defined but never used                  no-unused-vars
  Line 9:3:    'TextField' is defined but never used                  no-unused-vars
  Line 10:3:   'CircularProgress' is defined but never used           no-unused-vars
  Line 15:10:  'slugify' is defined but never used                    no-unused-vars
  Line 16:10:  'GoogleMap' is defined but never used                  no-unused-vars
  Line 16:21:  'Marker' is defined but never used                     no-unused-vars
  Line 22:8:   'ActivaTuMembresia' is defined but never used          no-unused-vars
  Line 25:7:   'steps' is assigned a value but never used             no-unused-vars
  Line 28:9:   'location' is assigned a value but never used          no-unused-vars
  Line 29:9:   'navigate' is assigned a value but never used          no-unused-vars
  Line 33:10:  'activeStep' is assigned a value but never used        no-unused-vars
  Line 34:10:  'storeName' is assigned a value but never used         no-unused-vars
  Line 34:21:  'setStoreName' is assigned a value but never used      no-unused-vars
  Line 35:10:  'error' is assigned a value but never used             no-unused-vars
  Line 35:17:  'setError' is assigned a value but never used          no-unused-vars
  Line 36:10:  'loading' is assigned a value but never used           no-unused-vars
  Line 36:19:  'setLoading' is assigned a value but never used        no-unused-vars
  Line 37:10:  'laTienda' is assigned a value but never used          no-unused-vars
  Line 38:10:  'direccionData' is assigned a value but never used     no-unused-vars
  Line 48:5:   'createStore' is assigned a value but never used       no-unused-vars
  Line 49:5:   'getStoreBySlug' is assigned a value but never used    no-unused-vars
  Line 51:5:   'updateStore' is assigned a value but never used       no-unused-vars
  Line 52:5:   'onboardingStripe' is assigned a value but never used  no-unused-vars
  Line 53:5:   'createDireccion' is assigned a value but never used   no-unused-vars
  Line 54:5:   'finishStoreSetup' is assigned a value but never used  no-unused-vars

src\Pages\MiMembresia.jsx
  Line 5:11:  'roles' is assigned a value but never used  no-unused-vars

src\Pages\Notificacion.jsx
  Line 40:9:  The 'notificaciones' logical expression could make the dependencies of useMemo Hook (at line 58) change on every render. Move it inside the useMemo callback. Alternatively, wrap the initialization of 'notificaciones' in its own useMemo() Hook  react-hooks/exhaustive-deps

src\Pages\Notificacions.jsx
  Line 67:9:   The 'notificaciones' logical expression could make the dependencies of useMemo Hook (at line 148) change on every render. To fix this, wrap the initialization of 'notificaciones' in its own useMemo() Hook  react-hooks/exhaustive-deps
  Line 82:20:  'setPageSize' is assigned a value but never used                                                                                                                                                              no-unused-vars
  Line 108:6:  React Hook useEffect has a missing dependency: 'notificaciones'. Either include it or remove the dependency array                                                                                             react-hooks/exhaustive-deps
  Line 108:7:  React Hook useEffect has a complex expression in the dependency array. Extract it to a separate variable so it can be statically checked                                                                      react-hooks/exhaustive-deps

src\Pages\PreRegistroConductor.jsx
  Line 11:9:  'navigate' is assigned a value but never used  no-unused-vars

src\Pages\TaxisRoute.jsx
  Line 17:9:  The 'actualRoles' conditional could make the dependencies of useEffect Hook (at line 61) change on every render. To fix this, wrap the initialization of 'actualRoles' in its own useMemo() Hook  react-hooks/exhaustive-deps

src\Routes\index.jsx
  Line 16:8:    'MarketRoute' is defined but never used          no-unused-vars
  Line 21:8:    'GenRoute' is defined but never used             no-unused-vars
  Line 44:8:    'WikiHome' is defined but never used             no-unused-vars
  Line 60:8:    'NavBar' is defined but never used               no-unused-vars
  Line 63:8:    'LmAi' is defined but never used                 no-unused-vars
  Line 64:8:    'TTS' is defined but never used                  no-unused-vars
  Line 65:8:    'TextToSpeech' is defined but never used         no-unused-vars
  Line 111:8:   'ComunidadPage' is defined but never used        no-unused-vars
  Line 127:8:   'RegistroTiendaPage' is defined but never used   no-unused-vars
  Line 260:7:   'WikiLayout' is assigned a value but never used  no-unused-vars
  Line 295:11:  'roleValues' is assigned a value but never used  no-unused-vars

src\components\Academia\Rompecabezas.jsx
  Line 38:9:   'navigate' is assigned a value but never used                                                                no-unused-vars
  Line 40:9:   'location' is assigned a value but never used                                                                no-unused-vars
  Line 112:6:  React Hook useEffect has a missing dependency: 'controls'. Either include it or remove the dependency array  react-hooks/exhaustive-deps

src\components\Anuncios\AnunciosPorDefecto.jsx
  Line 2:28:    'useMemo' is defined but never used                                                                                                                                                                                                                                                           no-unused-vars
  Line 99:6:    React Hook useEffect has a missing dependency: 'initialPercentages'. Either include it or remove the dependency array. If 'setPositions' needs the current value of 'initialPercentages', you can also switch to useReducer instead of useState and read 'initialPercentages' in the reducer  react-hooks/exhaustive-deps
  Line 99:14:   React Hook useEffect has a complex expression in the dependency array. Extract it to a separate variable so it can be statically checked                                                                                                                                                      react-hooks/exhaustive-deps
  Line 216:10:  'updatingAdId' is assigned a value but never used                                                                                                                                                                                                                                             no-unused-vars

src\components\Anuncios\AnunciosProgramados.jsx
  Line 10:11:  'userData' is assigned a value but never used  no-unused-vars

src\components\AuthGate.jsx
  Line 37:9:  'navigate' is assigned a value but never used  no-unused-vars

src\components\Blog\BotonEliminar.jsx
  Line 6:11:  'isAuthenticated' is assigned a value but never used  no-unused-vars
  Line 6:39:  'user' is assigned a value but never used             no-unused-vars

src\components\Blog\Contenidos.jsx
  Line 34:9:   'esEditor' is assigned a value but never used                                                                       no-unused-vars
  Line 49:9:   'titulo' is already defined                                                                                         no-redeclare
  Line 53:9:   'titulo' is already defined                                                                                         no-redeclare
  Line 54:9:   'mostrarCategorias' is already defined                                                                              no-redeclare
  Line 58:9:   'titulo' is already defined                                                                                         no-redeclare
  Line 59:9:   'mostrarCategorias' is already defined                                                                              no-redeclare
  Line 65:9:   'clasifica' is assigned a value but never used                                                                      no-unused-vars
  Line 84:9:   'isDesktop' is assigned a value but never used                                                                      no-unused-vars
  Line 101:6:  React Hook useEffect has a missing dependency: 'getCategorias'. Either include it or remove the dependency array    react-hooks/exhaustive-deps
  Line 119:6:  React Hook useEffect has a missing dependency: 'fetchContenidos'. Either include it or remove the dependency array  react-hooks/exhaustive-deps
  Line 148:4:  React Hook useEffect has a missing dependency: 'toRender'. Either include it or remove the dependency array         react-hooks/exhaustive-deps

src\components\BottomSheet.jsx
  Line 1:38:  'useRef' is defined but never used  no-unused-vars

src\components\Cursos\Cursos.jsx
  Line 19:3:   'CircularProgress' is defined but never used           no-unused-vars
  Line 48:9:   'titulo' is already defined                            no-redeclare
  Line 52:9:   'titulo' is already defined                            no-redeclare
  Line 53:9:   'mostrarCategorias' is already defined                 no-redeclare
  Line 56:9:   'titulo' is already defined                            no-redeclare
  Line 57:9:   'mostrarCategorias' is already defined                 no-redeclare
  Line 61:9:   'clasifica' is assigned a value but never used         no-unused-vars
  Line 80:9:   'isDesktop' is assigned a value but never used         no-unused-vars
  Line 89:10:  'loadingMisCursos' is assigned a value but never used  no-unused-vars

src\components\Eventos\UbicacionEvento.jsx
  Line 59:10:  'direccion' is assigned a value but never used  no-unused-vars

src\components\Eventos\index.jsx
  Line 3:15:  'Typography' is defined but never used  no-unused-vars

src\components\Food\AgregarProducto.jsx
  Line 116:3:  Duplicate key 'calorias'  no-dupe-keys

src\components\Food\DetalleFoodProduct.jsx
  Line 2:17:   'useEffect' is defined but never used                no-unused-vars
  Line 13:3:   'IconButton' is defined but never used               no-unused-vars
  Line 21:8:   'FavoriteBorderIcon' is defined but never used       no-unused-vars
  Line 22:8:   'FavoriteIcon' is defined but never used             no-unused-vars
  Line 32:7:   'STRAPI_URL' is assigned a value but never used      no-unused-vars
  Line 62:7:   'usa_stock' is assigned a value but never used       no-unused-vars
  Line 71:10:  'costoEnvio' is assigned a value but never used      no-unused-vars
  Line 71:22:  'setCostoEnvio' is assigned a value but never used   no-unused-vars
  Line 77:10:  'favAdded' is assigned a value but never used        no-unused-vars
  Line 80:24:  'existeFavorito' is assigned a value but never used  no-unused-vars

src\components\Food\FoodCheckout.jsx
  Line 52:14:  'uberLoading' is assigned a value but never used       no-unused-vars
  Line 53:12:  'uberError' is assigned a value but never used         no-unused-vars
  Line 56:5:   'getRestaurantFee' is assigned a value but never used  no-unused-vars
  Line 66:10:  'errorCotizacion' is assigned a value but never used   no-unused-vars

src\components\Food\FoodCheckoutPago.jsx
  Line 12:3:  'CardContent' is defined but never used  no-unused-vars

src\components\Food\FoodOrderDetailModal.jsx
  Line 16:3:  'Payment' is defined but never used  no-unused-vars

src\components\Food\FoodProductCard.jsx
  Line 30:5:   'calificaciones' is assigned a value but never used          no-unused-vars
  Line 31:5:   'vendidos' is assigned a value but never used                no-unused-vars
  Line 33:5:   'descripcion' is assigned a value but never used             no-unused-vars
  Line 36:5:   'calorias' is assigned a value but never used                no-unused-vars
  Line 38:5:   'porciones' is assigned a value but never used               no-unused-vars
  Line 39:5:   'es_picante' is assigned a value but never used              no-unused-vars
  Line 40:5:   'nivel_picante' is assigned a value but never used           no-unused-vars
  Line 47:5:   'ingredientes' is assigned a value but never used            no-unused-vars
  Line 48:5:   'alergenos' is assigned a value but never used               no-unused-vars
  Line 49:5:   'temperatura' is assigned a value but never used             no-unused-vars
  Line 50:5:   'horario_disponibilidad' is assigned a value but never used  no-unused-vars
  Line 51:5:   'fecha_creacion' is assigned a value but never used          no-unused-vars
  Line 53:5:   'owner_email' is assigned a value but never used             no-unused-vars
  Line 57:9:   'theme' is assigned a value but never used                   no-unused-vars
  Line 59:20:  'setFavorito' is assigned a value but never used             no-unused-vars
  Line 60:10:  'activado' is assigned a value but never used                no-unused-vars
  Line 60:20:  'setActivado' is assigned a value but never used             no-unused-vars
  Line 65:9:   'promedioDisplay' is assigned a value but never used         no-unused-vars

src\components\Food\ModificadoresOferta.jsx
  Line 1:17:  'useMemo' is defined but never used  no-unused-vars

src\components\Food\ModificadoresRestaurante.jsx
  Line 28:3:  'Delete' is defined but never used  no-unused-vars

src\components\Food\OfertasRestaurante.jsx
  Line 1:28:  'useMemo' is defined but never used                      no-unused-vars
  Line 19:3:  'Select' is defined but never used                       no-unused-vars
  Line 29:3:  'Edit' is defined but never used                         no-unused-vars
  Line 31:3:  'Restaurant' is defined but never used                   no-unused-vars
  Line 40:5:  'loading' is assigned a value but never used             no-unused-vars
  Line 41:5:  'error' is assigned a value but never used               no-unused-vars
  Line 64:9:  'handleEditarOferta' is assigned a value but never used  no-unused-vars

src\components\Food\PagoPedidoRestaurante.jsx
  Line 29:26:  'setUploadedFileId' is assigned a value but never used   no-unused-vars
  Line 30:27:  'setUploadedFileUrl' is assigned a value but never used  no-unused-vars

src\components\Food\PedidoDetalleModal.jsx
  Line 18:8:  'LocalShippingIcon' is defined but never used  no-unused-vars

src\components\Food\PedidosRestaurante.jsx
  Line 9:3:   'IconButton' is defined but never used                          no-unused-vars
  Line 13:3:  'Tooltip' is defined but never used                             no-unused-vars
  Line 21:8:  'CheckCircleOutlineOutlinedIcon' is defined but never used      no-unused-vars
  Line 69:5:  'updatingPedido' is assigned a value but never used             no-unused-vars
  Line 70:5:  'error' is assigned a value but never used                      no-unused-vars
  Line 74:5:  'marcarEntregado' is assigned a value but never used            no-unused-vars
  Line 75:5:  'cancelar' is assigned a value but never used                   no-unused-vars
  Line 79:5:  'limpiarPedidoSeleccionado' is assigned a value but never used  no-unused-vars

src\components\Food\ProductoCardOwner.jsx
  Line 1:17:   'useEffect' is defined but never used                        no-unused-vars
  Line 19:8:   'LocalShippingIcon' is defined but never used                no-unused-vars
  Line 20:8:   'AddShoppingCartIcon' is defined but never used              no-unused-vars
  Line 21:8:   'PlaceIcon' is defined but never used                        no-unused-vars
  Line 41:5:   'es_picante' is assigned a value but never used              no-unused-vars
  Line 48:5:   'contiene_cerdo' is assigned a value but never used          no-unused-vars
  Line 52:5:   'horario_disponibilidad' is assigned a value but never used  no-unused-vars
  Line 53:5:   'fecha_creacion' is assigned a value but never used          no-unused-vars
  Line 55:5:   'owner_email' is assigned a value but never used             no-unused-vars
  Line 58:9:   'theme' is assigned a value but never used                   no-unused-vars
  Line 59:9:   'navigate' is assigned a value but never used                no-unused-vars
  Line 60:20:  'setFavorito' is assigned a value but never used             no-unused-vars
  Line 61:20:  'setActivado' is assigned a value but never used             no-unused-vars

src\components\Food\ProductoVarianteFormDialog.jsx
  Line 100:6:  React Hook useEffect has missing dependencies: 'alergenosBase', 'imagenPredeterminadaBase', 'imagenesBase', and 'ingredientesBase'. Either include them or remove the dependency array. If 'setIngredientes' needs the current value of 'ingredientesBase', you can also switch to useReducer instead of useState and read 'ingredientesBase' in the reducer  react-hooks/exhaustive-deps

src\components\Home\Intro.jsx
  Line 36:6:  React Hook useEffect has a missing dependency: 'characters.length'. Either include it or remove the dependency array     react-hooks/exhaustive-deps
  Line 41:6:  React Hook useEffect has a missing dependency: 'rotatingInner.length'. Either include it or remove the dependency array  react-hooks/exhaustive-deps

src\components\MarketPlace\BotonVender.jsx
  Line 3:10:   'useEffect' is defined but never used          no-unused-vars
  Line 11:10:  'checking' is assigned a value but never used  no-unused-vars

src\components\MarketPlace\Buscador.jsx
  Line 6:3:   'InputAdornment' is defined but never used  no-unused-vars
  Line 11:8:  'SearchOffIcon' is defined but never used   no-unused-vars
  Line 12:8:  'SearchIcon' is defined but never used      no-unused-vars

src\components\MarketPlace\CalificarCompras.jsx
  Line 8:3:  'CardContent' is defined but never used  no-unused-vars

src\components\MarketPlace\CategoriaCard.jsx
  Line 16:9:  'handleClick' is assigned a value but never used  no-unused-vars

src\components\MarketPlace\CategoriasSlider.jsx
  Line 8:9:  'isDesktop' is assigned a value but never used  no-unused-vars

src\components\MarketPlace\ChecarPagoTienda.jsx
  Line 33:9:  'hasPago' is assigned a value but never used  no-unused-vars

src\components\MarketPlace\DetalleProducto.jsx
  Line 24:8:   'useFavoritos' is defined but never used         no-unused-vars
  Line 48:11:  'user' is assigned a value but never used        no-unused-vars
  Line 59:10:  'favoritoId' is assigned a value but never used  no-unused-vars

src\components\MarketPlace\DireccionSelector.jsx
  Line 59:10:  'mapCenter' is assigned a value but never used            no-unused-vars
  Line 60:10:  'obteniendoUbicacion' is assigned a value but never used  no-unused-vars

src\components\MarketPlace\PagoPorTienda.jsx
  Line 38:26:  'setUploadedFileId' is assigned a value but never used   no-unused-vars
  Line 39:27:  'setUploadedFileUrl' is assigned a value but never used  no-unused-vars

src\components\MarketPlace\PreguntasProductoHeader.jsx
  Line 23:8:  React Hook useEffect has a missing dependency: 'obtenerPreguntas'. Either include it or remove the dependency array  react-hooks/exhaustive-deps

src\components\MarketPlace\PreguntasProductos.jsx
  Line 5:3:   'TextField' is defined but never used    no-unused-vars
  Line 6:3:   'Button' is defined but never used       no-unused-vars
  Line 7:3:   'Divider' is defined but never used      no-unused-vars
  Line 12:3:  'Card' is defined but never used         no-unused-vars
  Line 13:3:  'Stack' is defined but never used        no-unused-vars
  Line 14:3:  'CardContent' is defined but never used  no-unused-vars
  Line 15:3:  'Chip' is defined but never used         no-unused-vars

src\components\MarketPlace\PreguntasProductosNew.jsx
  Line 54:6:  React Hook useEffect has a missing dependency: 'cargarPreguntas'. Either include it or remove the dependency array  react-hooks/exhaustive-deps

src\components\MarketPlace\ProductoCard.jsx
  Line 45:7:   'FAVORITOS_URL' is assigned a value but never used  no-unused-vars
  Line 69:9:   'theme' is assigned a value but never used          no-unused-vars
  Line 73:10:  'favoritoId' is assigned a value but never used     no-unused-vars

src\components\Membresias\MembershipCheckout.jsx
  Line 58:53:  'logout' is assigned a value but never used  no-unused-vars

src\components\Membresias\MiMembresia.jsx
  Line 3:52:  'CircularProgress' is defined but never used  no-unused-vars

src\components\Membresias\ProbarMembresia.jsx
  Line 22:10:  'plane' is assigned a value but never used  no-unused-vars

src\components\NavBar\NavBar.jsx
  Line 57:10:  'isInfoMenuOpen' is assigned a value but never used                                                            no-unused-vars
  Line 62:9:   'InfoRef' is assigned a value but never used                                                                   no-unused-vars
  Line 142:9:  'toggleTopBar' is assigned a value but never used                                                              no-unused-vars
  Line 163:6:  React Hook useEffect has a missing dependency: 'topBarOpen'. Either include it or remove the dependency array  react-hooks/exhaustive-deps
  Line 192:9:  'pushLocalNotification' is assigned a value but never used                                                     no-unused-vars

src\components\NavBar\NavButton.jsx
  Line 6:9:  'navigate' is assigned a value but never used  no-unused-vars

src\components\NavBar\NotificationsIcon.jsx
  Line 17:47:  'loading' is assigned a value but never used  no-unused-vars

src\components\NavBar\UserIcon.jsx
  Line 1:38:  'useRef' is defined but never used                                                                                                                                                                                                                                   no-unused-vars
  Line 11:5:  'isLoading' is assigned a value but never used                                                                                                                                                                                                                       no-unused-vars
  Line 14:5:  'getAccessTokenSilently' is assigned a value but never used                                                                                                                                                                                                          no-unused-vars
  Line 15:5:  'error' is assigned a value but never used                                                                                                                                                                                                                           no-unused-vars
  Line 27:6:  React Hook useEffect has a missing dependency: 'guestImage'. Either include it or remove the dependency array. If 'setImageSrc' needs the current value of 'guestImage', you can also switch to useReducer instead of useState and read 'guestImage' in the reducer  react-hooks/exhaustive-deps

src\components\ShareButton.jsx
  Line 133:11:  'text' is assigned a value but never used  no-unused-vars

src\components\Taxis\AdeudoWarning.jsx
  Line 24:11:  'phone' is assigned a value but never used  no-unused-vars

src\components\Taxis\ConductorRender.jsx
  Line 14:21:  'formatPrice' is assigned a value but never used  no-unused-vars
  Line 68:11:  'STRAPI_URL' is assigned a value but never used   no-unused-vars

src\components\Taxis\Invitado.jsx
  Line 240:9:   The href attribute requires a valid value to be accessible. Provide a valid, navigable address as the href value. If you cannot provide a valid href, but still need the element to resemble a link, use a button and change it with appropriate styles. Learn more: https://github.com/jsx-eslint/eslint-plugin-jsx-a11y/blob/HEAD/docs/rules/anchor-is-valid.md  jsx-a11y/anchor-is-valid
  Line 301:13:  The href attribute requires a valid value to be accessible. Provide a valid, navigable address as the href value. If you cannot provide a valid href, but still need the element to resemble a link, use a button and change it with appropriate styles. Learn more: https://github.com/jsx-eslint/eslint-plugin-jsx-a11y/blob/HEAD/docs/rules/anchor-is-valid.md  jsx-a11y/anchor-is-valid
  Line 320:13:  Duplicate key 'color'                                                                                                                                                                                                                                                                                                                                              no-dupe-keys
  Line 338:11:  The href attribute requires a valid value to be accessible. Provide a valid, navigable address as the href value. If you cannot provide a valid href, but still need the element to resemble a link, use a button and change it with appropriate styles. Learn more: https://github.com/jsx-eslint/eslint-plugin-jsx-a11y/blob/HEAD/docs/rules/anchor-is-valid.md  jsx-a11y/anchor-is-valid

src\components\Taxis\Pasajero.jsx
  Line 16:7:   'DEFAULT_FROM' is assigned a value but never used        no-unused-vars
  Line 51:10:  'fromMarkerPosition' is assigned a value but never used  no-unused-vars
  Line 52:10:  'toMarkerPosition' is assigned a value but never used    no-unused-vars
  Line 66:10:  'debtsError' is assigned a value but never used          no-unused-vars

src\components\Taxis\Roles.jsx
  Line 1:17:  'useState' is defined but never used   no-unused-vars
  Line 1:27:  'useEffect' is defined but never used  no-unused-vars
  Line 1:38:  'useRef' is defined but never used     no-unused-vars
  Line 2:29:  'Button' is defined but never used     no-unused-vars
  Line 2:37:  'Link' is defined but never used       no-unused-vars

src\components\Taxis\driver-verification\VerificationSidebar.jsx
  Line 5:3:   'Box' is defined but never used             no-unused-vars
  Line 7:3:   'LinearProgress' is defined but never used  no-unused-vars
  Line 12:3:  'Stack' is defined but never used           no-unused-vars

src\components\Taxiz\ConductorRender.jsx
  Line 14:21:  'formatPrice' is assigned a value but never used  no-unused-vars

src\components\Taxiz\ConfirmPayment.jsx
  Line 1:17:  'useEffect' is defined but never used  no-unused-vars

src\components\Taxiz\ConfirmarCancelar.jsx
  Line 1:28:  'useState' is defined but never used                                                                                                                                                                                                             no-unused-vars
  Line 14:8:  React Hook useEffect has missing dependencies: 'onSubmit' and 'setOpen'. Either include them or remove the dependency array. If 'onSubmit' changes too often, find the parent component that defines it and wrap that definition in useCallback  react-hooks/exhaustive-deps

src\components\Taxiz\Pasajero.jsx
  Line 24:10:  'fromMarkerPosition' is assigned a value but never used  no-unused-vars
  Line 25:10:  'toMarkerPosition' is assigned a value but never used    no-unused-vars
  Line 51:10:  'offers' is assigned a value but never used              no-unused-vars

src\components\Taxiz\PasajeroTermsModal.jsx
  Line 22:11:  Duplicate key 'position'  no-dupe-keys

src\components\Taxiz\PreRegistroConductor2.jsx
  Line 442:9:  'currentDocsList' is assigned a value but never used  no-unused-vars

src\components\Taxiz\RequisitosConductor.jsx
  Line 10:9:  'navigate' is assigned a value but never used  no-unused-vars

src\components\Taxiz\Roles.jsx
  Line 1:17:  'useState' is defined but never used   no-unused-vars
  Line 1:27:  'useEffect' is defined but never used  no-unused-vars
  Line 1:38:  'useRef' is defined but never used     no-unused-vars
  Line 2:29:  'Button' is defined but never used     no-unused-vars
  Line 2:37:  'Link' is defined but never used       no-unused-vars

src\components\Taxiz\TripView.jsx
  Line 13:8:   'guestImage' is defined but never used                         no-unused-vars
  Line 91:10:  'loadingViaje' is assigned a value but never used              no-unused-vars
  Line 92:30:  'setDriverPaymentState' is assigned a value but never used     no-unused-vars
  Line 93:33:  'setPassengerPaymentState' is assigned a value but never used  no-unused-vars

src\components\Usuarios\Favoritos.jsx
  Line 95:73:  React Hook useMemo has a missing dependency: 'tabs'. Either include it or remove the dependency array  react-hooks/exhaustive-deps

src\components\Usuarios\Perfil.jsx
  Line 400:47:  Unnecessary escape character: \:  no-useless-escape

src\components\components\Taxis\RequisitosConductor.jsx
  Line 31:11:  Duplicate key 'position'  no-dupe-keys

src\hooks\food\useProductsRestaurant.jsx
  Line 11:17:  'setError' is assigned a value but never used  no-unused-vars

src\hooks\storeAdmin\useStoreAdminPedidos.jsx
  Line 1:20:  'useEffect' is defined but never used    no-unused-vars
  Line 1:31:  'useCallback' is defined but never used  no-unused-vars

src\hooks\useAdRewards.jsx
  Line 143:6:  React Hook useCallback has a missing dependency: 'refreshSesion'. Either include it or remove the dependency array  react-hooks/exhaustive-deps
  Line 150:6:  React Hook useCallback has a missing dependency: 'refreshSesion'. Either include it or remove the dependency array  react-hooks/exhaustive-deps
  Line 175:6:  React Hook useEffect has a missing dependency: 'setEstadoItem'. Either include it or remove the dependency array    react-hooks/exhaustive-deps

src\hooks\useContenido.jsx
  Line 1:20:   'useEffect' is defined but never used                        no-unused-vars
  Line 12:15:  'getAccessTokenSilently' is assigned a value but never used  no-unused-vars
  Line 18:17:  'setTotal' is assigned a value but never used                no-unused-vars

src\hooks\useCursos.jsx
  Line 12:17:  'getAccessTokenSilently' is assigned a value but never used                                                                          no-unused-vars
  Line 25:17:  'setTotal' is assigned a value but never used                                                                                        no-unused-vars
  Line 31:6:   React Hook useEffect has missing dependencies: 'fetchCursos' and 'fetchMaestro'. Either include them or remove the dependency array  react-hooks/exhaustive-deps

src\hooks\useEventos.jsx
  Line 35:6:  React Hook useEffect has a missing dependency: 'fetchEventos'. Either include it or remove the dependency array  react-hooks/exhaustive-deps

src\hooks\useProductos.jsx
  Line 114:10:  'producto' is assigned a value but never used    no-unused-vars
  Line 124:9:   'mountedRef' is assigned a value but never used  no-unused-vars

src\hooks\useSkills\useSkills.js
  Line 24:11:  'user' is assigned a value but never used  no-unused-vars

src\hooks\useStores.jsx
  Line 2:10:  'slugify' is defined but never used  no-unused-vars

src\services\adRewards\mutationsServices.js
  Line 3:7:  'authHeaders' is assigned a value but never used  no-unused-vars

src\services\adRewards\queryServices.js
  Line 3:7:  'authHeaders' is assigned a value but never used  no-unused-vars

src\services\wikiService.ts
  Line 21:46:  Unnecessary escape character: \/  no-useless-escape

webpack compiled with 1 warning
Compiling...
No issues found.
Compiled with warnings.

[eslint] 
src\Contexts\NotificationsContext.jsx
  Line 60:6:  React Hook useCallback has a missing dependency: 'USE_AUTH'. Either include it or remove the dependency array  react-hooks/exhaustive-deps

src\Pages\AnunciosRemunerados\AnunciosRemunerados.jsx
  Line 4:70:   'Stack' is defined but never used                   no-unused-vars
  Line 18:9:   'location' is assigned a value but never used       no-unused-vars
  Line 23:40:  'indiceActual' is assigned a value but never used   no-unused-vars
  Line 25:23:  'tieneToken' is assigned a value but never used     no-unused-vars
  Line 25:35:  'authToken' is assigned a value but never used      no-unused-vars
  Line 138:9:  'intentarSalir' is assigned a value but never used  no-unused-vars

src\Pages\Anuncios\Anuncios.jsx
  Line 4:8:    'axios' is defined but never used                                                                              no-unused-vars
  Line 19:11:  'slug' is assigned a value but never used                                                                      no-unused-vars
  Line 21:11:  'user' is assigned a value but never used                                                                      no-unused-vars
  Line 54:6:   React Hook useEffect has a missing dependency: 'basePrueba'. Either include it or remove the dependency array  react-hooks/exhaustive-deps

src\Pages\Blog\AgregarContenido.jsx
  Line 20:10:   'DatePicker' is defined but never used                          no-unused-vars
  Line 50:16:   'errorHook' is assigned a value but never used                  no-unused-vars
  Line 106:12:  'videosLibresPreview' is assigned a value but never used        no-unused-vars
  Line 107:12:  'videosRestringidosPreview' is assigned a value but never used  no-unused-vars

src\Pages\Blog\AgregarCurso.jsx
  Line 43:3:  'colorControlSecundarioHoover' is defined but never used  no-unused-vars

src\Pages\Blog\EditarContenido.jsx
  Line 3:8:   'BotonEliminar' is defined but never used                 no-unused-vars
  Line 12:5:  'colorControlSecundarioHoover' is defined but never used  no-unused-vars
  Line 14:5:  'botonEditor' is defined but never used                   no-unused-vars
  Line 15:5:  'botonEditorBorde' is defined but never used              no-unused-vars
  Line 16:5:  'botonEditorFondoHoover' is defined but never used        no-unused-vars
  Line 17:5:  'botonEditorBordeHoover' is defined but never used        no-unused-vars

src\Pages\Cartera\Billetera.jsx
  Line 55:51:  React Hook useEffect has a missing dependency: 'cargarCarteraYHistorial'. Either include it or remove the dependency array  react-hooks/exhaustive-deps

src\Pages\Cartera\FreeBoocks\Catalogo.jsx
  Line 5:7:  'translateText' is assigned a value but never used  no-unused-vars

src\Pages\ComunidadPage.jsx
  Line 4:8:   'Anuncios' is defined but never used                    no-unused-vars
  Line 9:11:  'isActivaMembresia' is assigned a value but never used  no-unused-vars
  Line 11:9:  'isMobile' is assigned a value but never used           no-unused-vars

src\Pages\Comunidad\Referir.jsx
  Line 22:9:  'isMobile' is assigned a value but never used                                                                      no-unused-vars
  Line 36:6:  React Hook useMemo has an unnecessary dependency: 'isJardinero'. Either exclude it or remove the dependency array  react-hooks/exhaustive-deps

src\Pages\Coowork\Coowork.jsx
  Line 42:32:  'EmptyState' is defined but never used  no-unused-vars

src\Pages\Cursos\Curso.jsx
  Line 36:9:  'params' is assigned a value but never used  no-unused-vars

src\Pages\Cursos\EditarCurso.jsx
  Line 3:8:    'BotonEliminar' is defined but never used                 no-unused-vars
  Line 86:11:  'quillRefRestringido' is assigned a value but never used  no-unused-vars

src\Pages\Eventos\Evento.jsx
  Line 26:8:   'ContentCopyIcon' is defined but never used      no-unused-vars
  Line 105:9:  'handleCopy' is assigned a value but never used  no-unused-vars

src\Pages\Eventos\EventosGrid.jsx
  Line 15:3:   'CircularProgress' is defined but never used     no-unused-vars
  Line 40:11:  'roles' is assigned a value but never used       no-unused-vars
  Line 40:18:  'membresia' is assigned a value but never used   no-unused-vars
  Line 43:9:   'diasSemana' is assigned a value but never used  no-unused-vars

src\Pages\Food\ComidaOfertas.jsx
  Line 9:3:   'Button' is defined but never used                                                                                no-unused-vars
  Line 11:3:  'CardContent' is defined but never used                                                                           no-unused-vars
  Line 12:3:  'CardMedia' is defined but never used                                                                             no-unused-vars
  Line 17:3:  'Stack' is defined but never used                                                                                 no-unused-vars
  Line 27:3:  'Restaurant' is defined but never used                                                                            no-unused-vars
  Line 38:9:  'isMobile' is assigned a value but never used                                                                     no-unused-vars
  Line 53:6:  React Hook useEffect has a missing dependency: 'cargarOfertas'. Either include it or remove the dependency array  react-hooks/exhaustive-deps
  Line 64:6:  React Hook useEffect has a missing dependency: 'cargarOfertas'. Either include it or remove the dependency array  react-hooks/exhaustive-deps

src\Pages\Food\ComidaProducto.jsx
  Line 42:9:   'isMobilDevice' is assigned a value but never used         no-unused-vars
  Line 43:20:  'cart' is assigned a value but never used                  no-unused-vars
  Line 43:26:  'clearCart' is assigned a value but never used             no-unused-vars
  Line 52:10:  'selectedModifiers' is assigned a value but never used     no-unused-vars
  Line 52:29:  'setSelectedModifiers' is assigned a value but never used  no-unused-vars

src\Pages\Food\ComprarFoodProduct.jsx
  Line 1:107:  'Tooltip' is defined but never used                    no-unused-vars
  Line 5:10:   'AnimatePresence' is defined but never used            no-unused-vars
  Line 11:8:   'PagoPorTienda' is defined but never used              no-unused-vars
  Line 37:10:  'loading' is assigned a value but never used           no-unused-vars
  Line 37:19:  'setLoading' is assigned a value but never used        no-unused-vars
  Line 38:10:  'error' is assigned a value but never used             no-unused-vars
  Line 38:17:  'setError' is assigned a value but never used          no-unused-vars
  Line 41:25:  'setEnvioEstimado' is assigned a value but never used  no-unused-vars
  Line 42:23:  'setRankingInfo' is assigned a value but never used    no-unused-vars
  Line 43:10:  'resenasData' is assigned a value but never used       no-unused-vars
  Line 43:23:  'setResenasData' is assigned a value but never used    no-unused-vars
  Line 46:21:  'setCarritoId' is assigned a value but never used      no-unused-vars

src\Pages\Food\Food.jsx
  Line 5:8:   'ProductoCard' is defined but never used          no-unused-vars
  Line 8:8:   'useProductos' is defined but never used          no-unused-vars
  Line 16:3:  'TextField' is defined but never used             no-unused-vars
  Line 18:3:  'Pagination' is defined but never used            no-unused-vars
  Line 43:9:  'SELL_ORANGE' is assigned a value but never used  no-unused-vars
  Line 46:9:  'isDesktop' is assigned a value but never used    no-unused-vars

src\Pages\Food\RegistroRestaurante.jsx
  Line 31:9:   'location' is assigned a value but never used             no-unused-vars
  Line 61:10:  'obteniendoUbicacion' is assigned a value but never used  no-unused-vars
  Line 62:10:  'mapCenter' is assigned a value but never used            no-unused-vars

src\Pages\Food\Restaurant.jsx
  Line 2:21:  'useLocation' is defined but never used                    no-unused-vars
  Line 4:8:   'Tabs' is defined but never used                           no-unused-vars
  Line 5:8:   'Tab' is defined but never used                            no-unused-vars
  Line 6:45:  'useMediaQuery' is defined but never used                  no-unused-vars
  Line 6:60:  'useTheme' is defined but never used                       no-unused-vars
  Line 8:8:   'StoreImagePlaceholder' is defined but never used          no-unused-vars
  Line 10:8:  'ProductosRestaurante' is defined but never used           no-unused-vars
  Line 11:8:  'AgregarProducto' is defined but never used                no-unused-vars
  Line 15:7:  'restaurantSectionKey' is assigned a value but never used  no-unused-vars
  Line 17:7:  'TABS' is assigned a value but never used                  no-unused-vars

src\Pages\Food\RestaurantAdministration.jsx
  Line 34:9:   'location' is assigned a value but never used        no-unused-vars
  Line 35:9:   'navigate' is assigned a value but never used        no-unused-vars
  Line 36:11:  'user' is assigned a value but never used            no-unused-vars
  Line 39:9:   'isMobileDevice' is assigned a value but never used  no-unused-vars

src\Pages\HomeRoute.jsx
  Line 27:8:  'TokenRoundedIcon' is defined but never used  no-unused-vars

src\Pages\Info\QuienesSomos.jsx
  Line 30:8:  'TrendingUpRoundedIcon' is defined but never used  no-unused-vars
  Line 34:8:  'economyImage' is defined but never used           no-unused-vars

src\Pages\IntegrarmeComunidad.jsx
  Line 188:10:  'openFaq' is assigned a value but never used     no-unused-vars
  Line 188:19:  'setOpenFaq' is assigned a value but never used  no-unused-vars
  Line 190:9:   'irACrear' is assigned a value but never used    no-unused-vars

src\Pages\MarketPlace\AgregarProducto.jsx
  Line 10:23:  'validarPaso1' is defined but never used               no-unused-vars
  Line 10:37:  'validarPaso2' is defined but never used               no-unused-vars
  Line 28:10:  'storeCP' is assigned a value but never used           no-unused-vars
  Line 34:11:  'getStoreByEmail' is assigned a value but never used   no-unused-vars
  Line 52:5:   'setFormSubmitted' is assigned a value but never used  no-unused-vars

src\Pages\MarketPlace\Compras.jsx
  Line 2:38:   'useMemo' is defined but never used         no-unused-vars
  Line 2:60:   'useRef' is defined but never used          no-unused-vars
  Line 20:3:   'Paper' is defined but never used           no-unused-vars
  Line 29:18:  'number' is defined but never used          no-unused-vars
  Line 35:8:   'FavoriteIcon' is defined but never used    no-unused-vars
  Line 36:8:   'StarIcon' is defined but never used        no-unused-vars
  Line 37:8:   'StarBorderIcon' is defined but never used  no-unused-vars

src\Pages\MarketPlace\FinalizarCompra.jsx
  Line 77:11:  'total' is assigned a value but never used           no-unused-vars
  Line 77:18:  'updateQuantity' is assigned a value but never used  no-unused-vars
  Line 83:10:  'localItems' is assigned a value but never used      no-unused-vars
  Line 84:10:  'localTotal' is assigned a value but never used      no-unused-vars

src\Pages\MarketPlace\FinalizarCompraProducto.jsx
  Line 8:8:    'ArrowBackIcon' is defined but never used         no-unused-vars
  Line 67:10:  'loading' is assigned a value but never used      no-unused-vars
  Line 68:10:  'error' is assigned a value but never used        no-unused-vars
  Line 73:10:  'resenasData' is assigned a value but never used  no-unused-vars

src\Pages\MarketPlace\MarketPage.jsx
  Line 21:3:  'TextField' is defined but never used                      no-unused-vars
  Line 24:3:  'Pagination' is defined but never used                     no-unused-vars
  Line 33:9:  'navigate' is assigned a value but never used              no-unused-vars
  Line 34:9:  'location' is assigned a value but never used              no-unused-vars
  Line 42:5:  'calificacionPromedio' is assigned a value but never used  no-unused-vars

src\Pages\MarketPlace\MarketPlace.jsx
  Line 54:12:  'errorFiltros' is assigned a value but never used  no-unused-vars

src\Pages\MarketPlace\PagosTienda.jsx
  Line 63:11:  'slug' is assigned a value but never used  no-unused-vars

src\Pages\MarketPlace\PedidosEntregados.jsx
  Line 239:21:  'subtotal' is assigned a value but never used  no-unused-vars
  Line 240:21:  'envio' is assigned a value but never used     no-unused-vars

src\Pages\MarketPlace\PedidosPendientes.jsx
  Line 2:38:   'useCallback' is defined but never used                      no-unused-vars
  Line 57:11:  'user' is assigned a value but never used                    no-unused-vars
  Line 57:17:  'getAccessTokenSilently' is assigned a value but never used  no-unused-vars
  Line 57:41:  'isAuthenticated' is assigned a value but never used         no-unused-vars
  Line 62:10:  'pagination' is assigned a value but never used              no-unused-vars
  Line 67:9:   'conAutenticacion' is assigned a value but never used        no-unused-vars

src\Pages\MarketPlace\Producto.jsx
  Line 13:3:   'Button' is defined but never used                no-unused-vars
  Line 33:8:   'PreguntasProducto' is defined but never used     no-unused-vars
  Line 68:10:  'resenasData' is assigned a value but never used  no-unused-vars

src\Pages\MarketPlace\RegisterStoreStepper.jsx
  Line 33:9:  'location' is assigned a value but never used          no-unused-vars
  Line 64:5:  'finishStoreSetup' is assigned a value but never used  no-unused-vars

src\Pages\MarketPlace\RegistroTienda.jsx
  Line 5:3:    'Stepper' is defined but never used                    no-unused-vars
  Line 6:3:    'Step' is defined but never used                       no-unused-vars
  Line 7:3:    'StepLabel' is defined but never used                  no-unused-vars
  Line 9:3:    'TextField' is defined but never used                  no-unused-vars
  Line 10:3:   'CircularProgress' is defined but never used           no-unused-vars
  Line 15:10:  'slugify' is defined but never used                    no-unused-vars
  Line 16:10:  'GoogleMap' is defined but never used                  no-unused-vars
  Line 16:21:  'Marker' is defined but never used                     no-unused-vars
  Line 22:8:   'ActivaTuMembresia' is defined but never used          no-unused-vars
  Line 25:7:   'steps' is assigned a value but never used             no-unused-vars
  Line 28:9:   'location' is assigned a value but never used          no-unused-vars
  Line 29:9:   'navigate' is assigned a value but never used          no-unused-vars
  Line 33:10:  'activeStep' is assigned a value but never used        no-unused-vars
  Line 34:10:  'storeName' is assigned a value but never used         no-unused-vars
  Line 34:21:  'setStoreName' is assigned a value but never used      no-unused-vars
  Line 35:10:  'error' is assigned a value but never used             no-unused-vars
  Line 35:17:  'setError' is assigned a value but never used          no-unused-vars
  Line 36:10:  'loading' is assigned a value but never used           no-unused-vars
  Line 36:19:  'setLoading' is assigned a value but never used        no-unused-vars
  Line 37:10:  'laTienda' is assigned a value but never used          no-unused-vars
  Line 38:10:  'direccionData' is assigned a value but never used     no-unused-vars
  Line 48:5:   'createStore' is assigned a value but never used       no-unused-vars
  Line 49:5:   'getStoreBySlug' is assigned a value but never used    no-unused-vars
  Line 51:5:   'updateStore' is assigned a value but never used       no-unused-vars
  Line 52:5:   'onboardingStripe' is assigned a value but never used  no-unused-vars
  Line 53:5:   'createDireccion' is assigned a value but never used   no-unused-vars
  Line 54:5:   'finishStoreSetup' is assigned a value but never used  no-unused-vars

src\Pages\MiMembresia.jsx
  Line 5:11:  'roles' is assigned a value but never used  no-unused-vars

src\Pages\Notificacion.jsx
  Line 40:9:  The 'notificaciones' logical expression could make the dependencies of useMemo Hook (at line 58) change on every render. Move it inside the useMemo callback. Alternatively, wrap the initialization of 'notificaciones' in its own useMemo() Hook  react-hooks/exhaustive-deps

src\Pages\Notificacions.jsx
  Line 67:9:   The 'notificaciones' logical expression could make the dependencies of useMemo Hook (at line 148) change on every render. To fix this, wrap the initialization of 'notificaciones' in its own useMemo() Hook  react-hooks/exhaustive-deps
  Line 82:20:  'setPageSize' is assigned a value but never used                                                                                                                                                              no-unused-vars
  Line 108:6:  React Hook useEffect has a missing dependency: 'notificaciones'. Either include it or remove the dependency array                                                                                             react-hooks/exhaustive-deps
  Line 108:7:  React Hook useEffect has a complex expression in the dependency array. Extract it to a separate variable so it can be statically checked                                                                      react-hooks/exhaustive-deps

src\Pages\PreRegistroConductor.jsx
  Line 11:9:  'navigate' is assigned a value but never used  no-unused-vars

src\Pages\TaxisRoute.jsx
  Line 17:9:  The 'actualRoles' conditional could make the dependencies of useEffect Hook (at line 61) change on every render. To fix this, wrap the initialization of 'actualRoles' in its own useMemo() Hook  react-hooks/exhaustive-deps

src\Routes\index.jsx
  Line 16:8:    'MarketRoute' is defined but never used          no-unused-vars
  Line 21:8:    'GenRoute' is defined but never used             no-unused-vars
  Line 44:8:    'WikiHome' is defined but never used             no-unused-vars
  Line 60:8:    'NavBar' is defined but never used               no-unused-vars
  Line 63:8:    'LmAi' is defined but never used                 no-unused-vars
  Line 64:8:    'TTS' is defined but never used                  no-unused-vars
  Line 65:8:    'TextToSpeech' is defined but never used         no-unused-vars
  Line 111:8:   'ComunidadPage' is defined but never used        no-unused-vars
  Line 127:8:   'RegistroTiendaPage' is defined but never used   no-unused-vars
  Line 260:7:   'WikiLayout' is assigned a value but never used  no-unused-vars
  Line 295:11:  'roleValues' is assigned a value but never used  no-unused-vars

src\components\Academia\Rompecabezas.jsx
  Line 38:9:   'navigate' is assigned a value but never used                                                                no-unused-vars
  Line 40:9:   'location' is assigned a value but never used                                                                no-unused-vars
  Line 112:6:  React Hook useEffect has a missing dependency: 'controls'. Either include it or remove the dependency array  react-hooks/exhaustive-deps

src\components\Anuncios\AnunciosPorDefecto.jsx
  Line 2:28:    'useMemo' is defined but never used                                                                                                                                                                                                                                                           no-unused-vars
  Line 99:6:    React Hook useEffect has a missing dependency: 'initialPercentages'. Either include it or remove the dependency array. If 'setPositions' needs the current value of 'initialPercentages', you can also switch to useReducer instead of useState and read 'initialPercentages' in the reducer  react-hooks/exhaustive-deps
  Line 99:14:   React Hook useEffect has a complex expression in the dependency array. Extract it to a separate variable so it can be statically checked                                                                                                                                                      react-hooks/exhaustive-deps
  Line 216:10:  'updatingAdId' is assigned a value but never used                                                                                                                                                                                                                                             no-unused-vars

src\components\Anuncios\AnunciosProgramados.jsx
  Line 10:11:  'userData' is assigned a value but never used  no-unused-vars

src\components\AuthGate.jsx
  Line 37:9:  'navigate' is assigned a value but never used  no-unused-vars

src\components\Blog\BotonEliminar.jsx
  Line 6:11:  'isAuthenticated' is assigned a value but never used  no-unused-vars
  Line 6:39:  'user' is assigned a value but never used             no-unused-vars

src\components\Blog\Contenidos.jsx
  Line 34:9:   'esEditor' is assigned a value but never used                                                                       no-unused-vars
  Line 49:9:   'titulo' is already defined                                                                                         no-redeclare
  Line 53:9:   'titulo' is already defined                                                                                         no-redeclare
  Line 54:9:   'mostrarCategorias' is already defined                                                                              no-redeclare
  Line 58:9:   'titulo' is already defined                                                                                         no-redeclare
  Line 59:9:   'mostrarCategorias' is already defined                                                                              no-redeclare
  Line 65:9:   'clasifica' is assigned a value but never used                                                                      no-unused-vars
  Line 84:9:   'isDesktop' is assigned a value but never used                                                                      no-unused-vars
  Line 101:6:  React Hook useEffect has a missing dependency: 'getCategorias'. Either include it or remove the dependency array    react-hooks/exhaustive-deps
  Line 119:6:  React Hook useEffect has a missing dependency: 'fetchContenidos'. Either include it or remove the dependency array  react-hooks/exhaustive-deps
  Line 148:4:  React Hook useEffect has a missing dependency: 'toRender'. Either include it or remove the dependency array         react-hooks/exhaustive-deps

src\components\BottomSheet.jsx
  Line 1:38:  'useRef' is defined but never used  no-unused-vars

src\components\Cursos\Cursos.jsx
  Line 19:3:   'CircularProgress' is defined but never used           no-unused-vars
  Line 48:9:   'titulo' is already defined                            no-redeclare
  Line 52:9:   'titulo' is already defined                            no-redeclare
  Line 53:9:   'mostrarCategorias' is already defined                 no-redeclare
  Line 56:9:   'titulo' is already defined                            no-redeclare
  Line 57:9:   'mostrarCategorias' is already defined                 no-redeclare
  Line 61:9:   'clasifica' is assigned a value but never used         no-unused-vars
  Line 80:9:   'isDesktop' is assigned a value but never used         no-unused-vars
  Line 89:10:  'loadingMisCursos' is assigned a value but never used  no-unused-vars

src\components\Eventos\UbicacionEvento.jsx
  Line 59:10:  'direccion' is assigned a value but never used  no-unused-vars

src\components\Eventos\index.jsx
  Line 3:15:  'Typography' is defined but never used  no-unused-vars

src\components\Food\AgregarProducto.jsx
  Line 116:3:  Duplicate key 'calorias'  no-dupe-keys

src\components\Food\DetalleFoodProduct.jsx
  Line 2:17:   'useEffect' is defined but never used                no-unused-vars
  Line 13:3:   'IconButton' is defined but never used               no-unused-vars
  Line 21:8:   'FavoriteBorderIcon' is defined but never used       no-unused-vars
  Line 22:8:   'FavoriteIcon' is defined but never used             no-unused-vars
  Line 32:7:   'STRAPI_URL' is assigned a value but never used      no-unused-vars
  Line 62:7:   'usa_stock' is assigned a value but never used       no-unused-vars
  Line 71:10:  'costoEnvio' is assigned a value but never used      no-unused-vars
  Line 71:22:  'setCostoEnvio' is assigned a value but never used   no-unused-vars
  Line 77:10:  'favAdded' is assigned a value but never used        no-unused-vars
  Line 80:24:  'existeFavorito' is assigned a value but never used  no-unused-vars

src\components\Food\FoodCheckout.jsx
  Line 52:14:  'uberLoading' is assigned a value but never used       no-unused-vars
  Line 53:12:  'uberError' is assigned a value but never used         no-unused-vars
  Line 56:5:   'getRestaurantFee' is assigned a value but never used  no-unused-vars
  Line 66:10:  'errorCotizacion' is assigned a value but never used   no-unused-vars

src\components\Food\FoodCheckoutPago.jsx
  Line 12:3:  'CardContent' is defined but never used  no-unused-vars

src\components\Food\FoodOrderDetailModal.jsx
  Line 16:3:  'Payment' is defined but never used  no-unused-vars

src\components\Food\FoodProductCard.jsx
  Line 30:5:   'calificaciones' is assigned a value but never used          no-unused-vars
  Line 31:5:   'vendidos' is assigned a value but never used                no-unused-vars
  Line 33:5:   'descripcion' is assigned a value but never used             no-unused-vars
  Line 36:5:   'calorias' is assigned a value but never used                no-unused-vars
  Line 38:5:   'porciones' is assigned a value but never used               no-unused-vars
  Line 39:5:   'es_picante' is assigned a value but never used              no-unused-vars
  Line 40:5:   'nivel_picante' is assigned a value but never used           no-unused-vars
  Line 47:5:   'ingredientes' is assigned a value but never used            no-unused-vars
  Line 48:5:   'alergenos' is assigned a value but never used               no-unused-vars
  Line 49:5:   'temperatura' is assigned a value but never used             no-unused-vars
  Line 50:5:   'horario_disponibilidad' is assigned a value but never used  no-unused-vars
  Line 51:5:   'fecha_creacion' is assigned a value but never used          no-unused-vars
  Line 53:5:   'owner_email' is assigned a value but never used             no-unused-vars
  Line 57:9:   'theme' is assigned a value but never used                   no-unused-vars
  Line 59:20:  'setFavorito' is assigned a value but never used             no-unused-vars
  Line 60:10:  'activado' is assigned a value but never used                no-unused-vars
  Line 60:20:  'setActivado' is assigned a value but never used             no-unused-vars
  Line 65:9:   'promedioDisplay' is assigned a value but never used         no-unused-vars

src\components\Food\ModificadoresOferta.jsx
  Line 1:17:  'useMemo' is defined but never used  no-unused-vars

src\components\Food\ModificadoresRestaurante.jsx
  Line 28:3:  'Delete' is defined but never used  no-unused-vars

src\components\Food\OfertasRestaurante.jsx
  Line 1:28:  'useMemo' is defined but never used                      no-unused-vars
  Line 19:3:  'Select' is defined but never used                       no-unused-vars
  Line 29:3:  'Edit' is defined but never used                         no-unused-vars
  Line 31:3:  'Restaurant' is defined but never used                   no-unused-vars
  Line 40:5:  'loading' is assigned a value but never used             no-unused-vars
  Line 41:5:  'error' is assigned a value but never used               no-unused-vars
  Line 64:9:  'handleEditarOferta' is assigned a value but never used  no-unused-vars

src\components\Food\PagoPedidoRestaurante.jsx
  Line 29:26:  'setUploadedFileId' is assigned a value but never used   no-unused-vars
  Line 30:27:  'setUploadedFileUrl' is assigned a value but never used  no-unused-vars

src\components\Food\PedidoDetalleModal.jsx
  Line 18:8:  'LocalShippingIcon' is defined but never used  no-unused-vars

src\components\Food\PedidosRestaurante.jsx
  Line 9:3:   'IconButton' is defined but never used                          no-unused-vars
  Line 13:3:  'Tooltip' is defined but never used                             no-unused-vars
  Line 21:8:  'CheckCircleOutlineOutlinedIcon' is defined but never used      no-unused-vars
  Line 69:5:  'updatingPedido' is assigned a value but never used             no-unused-vars
  Line 70:5:  'error' is assigned a value but never used                      no-unused-vars
  Line 74:5:  'marcarEntregado' is assigned a value but never used            no-unused-vars
  Line 75:5:  'cancelar' is assigned a value but never used                   no-unused-vars
  Line 79:5:  'limpiarPedidoSeleccionado' is assigned a value but never used  no-unused-vars

src\components\Food\ProductoCardOwner.jsx
  Line 1:17:   'useEffect' is defined but never used                        no-unused-vars
  Line 19:8:   'LocalShippingIcon' is defined but never used                no-unused-vars
  Line 20:8:   'AddShoppingCartIcon' is defined but never used              no-unused-vars
  Line 21:8:   'PlaceIcon' is defined but never used                        no-unused-vars
  Line 41:5:   'es_picante' is assigned a value but never used              no-unused-vars
  Line 48:5:   'contiene_cerdo' is assigned a value but never used          no-unused-vars
  Line 52:5:   'horario_disponibilidad' is assigned a value but never used  no-unused-vars
  Line 53:5:   'fecha_creacion' is assigned a value but never used          no-unused-vars
  Line 55:5:   'owner_email' is assigned a value but never used             no-unused-vars
  Line 58:9:   'theme' is assigned a value but never used                   no-unused-vars
  Line 59:9:   'navigate' is assigned a value but never used                no-unused-vars
  Line 60:20:  'setFavorito' is assigned a value but never used             no-unused-vars
  Line 61:20:  'setActivado' is assigned a value but never used             no-unused-vars

src\components\Food\ProductoVarianteFormDialog.jsx
  Line 100:6:  React Hook useEffect has missing dependencies: 'alergenosBase', 'imagenPredeterminadaBase', 'imagenesBase', and 'ingredientesBase'. Either include them or remove the dependency array. If 'setIngredientes' needs the current value of 'ingredientesBase', you can also switch to useReducer instead of useState and read 'ingredientesBase' in the reducer  react-hooks/exhaustive-deps

src\components\Home\Intro.jsx
  Line 36:6:  React Hook useEffect has a missing dependency: 'characters.length'. Either include it or remove the dependency array     react-hooks/exhaustive-deps
  Line 41:6:  React Hook useEffect has a missing dependency: 'rotatingInner.length'. Either include it or remove the dependency array  react-hooks/exhaustive-deps

src\components\MarketPlace\BotonVender.jsx
  Line 3:10:   'useEffect' is defined but never used          no-unused-vars
  Line 11:10:  'checking' is assigned a value but never used  no-unused-vars

src\components\MarketPlace\Buscador.jsx
  Line 6:3:   'InputAdornment' is defined but never used  no-unused-vars
  Line 11:8:  'SearchOffIcon' is defined but never used   no-unused-vars
  Line 12:8:  'SearchIcon' is defined but never used      no-unused-vars

src\components\MarketPlace\CalificarCompras.jsx
  Line 8:3:  'CardContent' is defined but never used  no-unused-vars

src\components\MarketPlace\CategoriaCard.jsx
  Line 16:9:  'handleClick' is assigned a value but never used  no-unused-vars

src\components\MarketPlace\CategoriasSlider.jsx
  Line 8:9:  'isDesktop' is assigned a value but never used  no-unused-vars

src\components\MarketPlace\ChecarPagoTienda.jsx
  Line 33:9:  'hasPago' is assigned a value but never used  no-unused-vars

src\components\MarketPlace\DetalleProducto.jsx
  Line 24:8:   'useFavoritos' is defined but never used         no-unused-vars
  Line 48:11:  'user' is assigned a value but never used        no-unused-vars
  Line 59:10:  'favoritoId' is assigned a value but never used  no-unused-vars

src\components\MarketPlace\DireccionSelector.jsx
  Line 59:10:  'mapCenter' is assigned a value but never used            no-unused-vars
  Line 60:10:  'obteniendoUbicacion' is assigned a value but never used  no-unused-vars

src\components\MarketPlace\PagoPorTienda.jsx
  Line 38:26:  'setUploadedFileId' is assigned a value but never used   no-unused-vars
  Line 39:27:  'setUploadedFileUrl' is assigned a value but never used  no-unused-vars

src\components\MarketPlace\PreguntasProductoHeader.jsx
  Line 23:8:  React Hook useEffect has a missing dependency: 'obtenerPreguntas'. Either include it or remove the dependency array  react-hooks/exhaustive-deps

src\components\MarketPlace\PreguntasProductos.jsx
  Line 5:3:   'TextField' is defined but never used    no-unused-vars
  Line 6:3:   'Button' is defined but never used       no-unused-vars
  Line 7:3:   'Divider' is defined but never used      no-unused-vars
  Line 12:3:  'Card' is defined but never used         no-unused-vars
  Line 13:3:  'Stack' is defined but never used        no-unused-vars
  Line 14:3:  'CardContent' is defined but never used  no-unused-vars
  Line 15:3:  'Chip' is defined but never used         no-unused-vars

src\components\MarketPlace\PreguntasProductosNew.jsx
  Line 54:6:  React Hook useEffect has a missing dependency: 'cargarPreguntas'. Either include it or remove the dependency array  react-hooks/exhaustive-deps

src\components\MarketPlace\ProductoCard.jsx
  Line 45:7:   'FAVORITOS_URL' is assigned a value but never used  no-unused-vars
  Line 69:9:   'theme' is assigned a value but never used          no-unused-vars
  Line 73:10:  'favoritoId' is assigned a value but never used     no-unused-vars

src\components\Membresias\MembershipCheckout.jsx
  Line 58:53:  'logout' is assigned a value but never used  no-unused-vars

src\components\Membresias\MiMembresia.jsx
  Line 3:52:  'CircularProgress' is defined but never used  no-unused-vars

src\components\Membresias\ProbarMembresia.jsx
  Line 22:10:  'plane' is assigned a value but never used  no-unused-vars

src\components\NavBar\NavBar.jsx
  Line 57:10:  'isInfoMenuOpen' is assigned a value but never used                                                            no-unused-vars
  Line 62:9:   'InfoRef' is assigned a value but never used                                                                   no-unused-vars
  Line 142:9:  'toggleTopBar' is assigned a value but never used                                                              no-unused-vars
  Line 163:6:  React Hook useEffect has a missing dependency: 'topBarOpen'. Either include it or remove the dependency array  react-hooks/exhaustive-deps
  Line 192:9:  'pushLocalNotification' is assigned a value but never used                                                     no-unused-vars

src\components\NavBar\NavButton.jsx
  Line 6:9:  'navigate' is assigned a value but never used  no-unused-vars

src\components\NavBar\NotificationsIcon.jsx
  Line 17:47:  'loading' is assigned a value but never used  no-unused-vars

src\components\NavBar\UserIcon.jsx
  Line 1:38:  'useRef' is defined but never used                                                                                                                                                                                                                                   no-unused-vars
  Line 11:5:  'isLoading' is assigned a value but never used                                                                                                                                                                                                                       no-unused-vars
  Line 14:5:  'getAccessTokenSilently' is assigned a value but never used                                                                                                                                                                                                          no-unused-vars
  Line 15:5:  'error' is assigned a value but never used                                                                                                                                                                                                                           no-unused-vars
  Line 27:6:  React Hook useEffect has a missing dependency: 'guestImage'. Either include it or remove the dependency array. If 'setImageSrc' needs the current value of 'guestImage', you can also switch to useReducer instead of useState and read 'guestImage' in the reducer  react-hooks/exhaustive-deps

src\components\ShareButton.jsx
  Line 133:11:  'text' is assigned a value but never used  no-unused-vars

src\components\Taxis\AdeudoWarning.jsx
  Line 24:11:  'phone' is assigned a value but never used  no-unused-vars

src\components\Taxis\ConductorRender.jsx
  Line 14:21:  'formatPrice' is assigned a value but never used  no-unused-vars
  Line 68:11:  'STRAPI_URL' is assigned a value but never used   no-unused-vars

src\components\Taxis\Invitado.jsx
  Line 240:9:   The href attribute requires a valid value to be accessible. Provide a valid, navigable address as the href value. If you cannot provide a valid href, but still need the element to resemble a link, use a button and change it with appropriate styles. Learn more: https://github.com/jsx-eslint/eslint-plugin-jsx-a11y/blob/HEAD/docs/rules/anchor-is-valid.md  jsx-a11y/anchor-is-valid
  Line 301:13:  The href attribute requires a valid value to be accessible. Provide a valid, navigable address as the href value. If you cannot provide a valid href, but still need the element to resemble a link, use a button and change it with appropriate styles. Learn more: https://github.com/jsx-eslint/eslint-plugin-jsx-a11y/blob/HEAD/docs/rules/anchor-is-valid.md  jsx-a11y/anchor-is-valid
  Line 320:13:  Duplicate key 'color'                                                                                                                                                                                                                                                                                                                                              no-dupe-keys
  Line 338:11:  The href attribute requires a valid value to be accessible. Provide a valid, navigable address as the href value. If you cannot provide a valid href, but still need the element to resemble a link, use a button and change it with appropriate styles. Learn more: https://github.com/jsx-eslint/eslint-plugin-jsx-a11y/blob/HEAD/docs/rules/anchor-is-valid.md  jsx-a11y/anchor-is-valid

src\components\Taxis\Pasajero.jsx
  Line 16:7:   'DEFAULT_FROM' is assigned a value but never used        no-unused-vars
  Line 51:10:  'fromMarkerPosition' is assigned a value but never used  no-unused-vars
  Line 52:10:  'toMarkerPosition' is assigned a value but never used    no-unused-vars
  Line 66:10:  'debtsError' is assigned a value but never used          no-unused-vars

src\components\Taxis\Roles.jsx
  Line 1:17:  'useState' is defined but never used   no-unused-vars
  Line 1:27:  'useEffect' is defined but never used  no-unused-vars
  Line 1:38:  'useRef' is defined but never used     no-unused-vars
  Line 2:29:  'Button' is defined but never used     no-unused-vars
  Line 2:37:  'Link' is defined but never used       no-unused-vars

src\components\Taxis\driver-verification\VerificationSidebar.jsx
  Line 5:3:   'Box' is defined but never used             no-unused-vars
  Line 7:3:   'LinearProgress' is defined but never used  no-unused-vars
  Line 12:3:  'Stack' is defined but never used           no-unused-vars

src\components\Taxiz\ConductorRender.jsx
  Line 14:21:  'formatPrice' is assigned a value but never used  no-unused-vars

src\components\Taxiz\ConfirmPayment.jsx
  Line 1:17:  'useEffect' is defined but never used  no-unused-vars

src\components\Taxiz\ConfirmarCancelar.jsx
  Line 1:28:  'useState' is defined but never used                                                                                                                                                                                                             no-unused-vars
  Line 14:8:  React Hook useEffect has missing dependencies: 'onSubmit' and 'setOpen'. Either include them or remove the dependency array. If 'onSubmit' changes too often, find the parent component that defines it and wrap that definition in useCallback  react-hooks/exhaustive-deps

src\components\Taxiz\Pasajero.jsx
  Line 24:10:  'fromMarkerPosition' is assigned a value but never used  no-unused-vars
  Line 25:10:  'toMarkerPosition' is assigned a value but never used    no-unused-vars
  Line 51:10:  'offers' is assigned a value but never used              no-unused-vars

src\components\Taxiz\PasajeroTermsModal.jsx
  Line 22:11:  Duplicate key 'position'  no-dupe-keys

src\components\Taxiz\PreRegistroConductor2.jsx
  Line 442:9:  'currentDocsList' is assigned a value but never used  no-unused-vars

src\components\Taxiz\RequisitosConductor.jsx
  Line 10:9:  'navigate' is assigned a value but never used  no-unused-vars

src\components\Taxiz\Roles.jsx
  Line 1:17:  'useState' is defined but never used   no-unused-vars
  Line 1:27:  'useEffect' is defined but never used  no-unused-vars
  Line 1:38:  'useRef' is defined but never used     no-unused-vars
  Line 2:29:  'Button' is defined but never used     no-unused-vars
  Line 2:37:  'Link' is defined but never used       no-unused-vars

src\components\Taxiz\TripView.jsx
  Line 13:8:   'guestImage' is defined but never used                         no-unused-vars
  Line 91:10:  'loadingViaje' is assigned a value but never used              no-unused-vars
  Line 92:30:  'setDriverPaymentState' is assigned a value but never used     no-unused-vars
  Line 93:33:  'setPassengerPaymentState' is assigned a value but never used  no-unused-vars

src\components\Usuarios\Favoritos.jsx
  Line 95:73:  React Hook useMemo has a missing dependency: 'tabs'. Either include it or remove the dependency array  react-hooks/exhaustive-deps

src\components\Usuarios\Perfil.jsx
  Line 400:47:  Unnecessary escape character: \:  no-useless-escape

src\components\components\Taxis\RequisitosConductor.jsx
  Line 31:11:  Duplicate key 'position'  no-dupe-keys

src\hooks\food\useProductsRestaurant.jsx
  Line 11:17:  'setError' is assigned a value but never used  no-unused-vars

src\hooks\storeAdmin\useStoreAdminPedidos.jsx
  Line 1:20:  'useEffect' is defined but never used    no-unused-vars
  Line 1:31:  'useCallback' is defined but never used  no-unused-vars

src\hooks\useAdRewards.jsx
  Line 143:6:  React Hook useCallback has a missing dependency: 'refreshSesion'. Either include it or remove the dependency array  react-hooks/exhaustive-deps
  Line 150:6:  React Hook useCallback has a missing dependency: 'refreshSesion'. Either include it or remove the dependency array  react-hooks/exhaustive-deps
  Line 175:6:  React Hook useEffect has a missing dependency: 'setEstadoItem'. Either include it or remove the dependency array    react-hooks/exhaustive-deps

src\hooks\useContenido.jsx
  Line 1:20:   'useEffect' is defined but never used                        no-unused-vars
  Line 12:15:  'getAccessTokenSilently' is assigned a value but never used  no-unused-vars
  Line 18:17:  'setTotal' is assigned a value but never used                no-unused-vars

src\hooks\useCursos.jsx
  Line 12:17:  'getAccessTokenSilently' is assigned a value but never used                                                                          no-unused-vars
  Line 25:17:  'setTotal' is assigned a value but never used                                                                                        no-unused-vars
  Line 31:6:   React Hook useEffect has missing dependencies: 'fetchCursos' and 'fetchMaestro'. Either include them or remove the dependency array  react-hooks/exhaustive-deps

src\hooks\useEventos.jsx
  Line 35:6:  React Hook useEffect has a missing dependency: 'fetchEventos'. Either include it or remove the dependency array  react-hooks/exhaustive-deps

src\hooks\useProductos.jsx
  Line 114:10:  'producto' is assigned a value but never used    no-unused-vars
  Line 124:9:   'mountedRef' is assigned a value but never used  no-unused-vars

src\hooks\useSkills\useSkills.js
  Line 24:11:  'user' is assigned a value but never used  no-unused-vars

src\hooks\useStores.jsx
  Line 2:10:  'slugify' is defined but never used  no-unused-vars

src\services\adRewards\mutationsServices.js
  Line 3:7:  'authHeaders' is assigned a value but never used  no-unused-vars

src\services\adRewards\queryServices.js
  Line 3:7:  'authHeaders' is assigned a value but never used  no-unused-vars

src\services\wikiService.ts
  Line 21:46:  Unnecessary escape character: \/  no-useless-escape

Search for the keywords to learn more about each warning.
To ignore, add // eslint-disable-next-line to the line before.

WARNING in [eslint] 
src\Contexts\NotificationsContext.jsx
  Line 60:6:  React Hook useCallback has a missing dependency: 'USE_AUTH'. Either include it or remove the dependency array  react-hooks/exhaustive-deps

src\Pages\AnunciosRemunerados\AnunciosRemunerados.jsx
  Line 4:70:   'Stack' is defined but never used                   no-unused-vars
  Line 18:9:   'location' is assigned a value but never used       no-unused-vars
  Line 23:40:  'indiceActual' is assigned a value but never used   no-unused-vars
  Line 25:23:  'tieneToken' is assigned a value but never used     no-unused-vars
  Line 25:35:  'authToken' is assigned a value but never used      no-unused-vars
  Line 138:9:  'intentarSalir' is assigned a value but never used  no-unused-vars

src\Pages\Anuncios\Anuncios.jsx
  Line 4:8:    'axios' is defined but never used                                                                              no-unused-vars
  Line 19:11:  'slug' is assigned a value but never used                                                                      no-unused-vars
  Line 21:11:  'user' is assigned a value but never used                                                                      no-unused-vars
  Line 54:6:   React Hook useEffect has a missing dependency: 'basePrueba'. Either include it or remove the dependency array  react-hooks/exhaustive-deps

src\Pages\Blog\AgregarContenido.jsx
  Line 20:10:   'DatePicker' is defined but never used                          no-unused-vars
  Line 50:16:   'errorHook' is assigned a value but never used                  no-unused-vars
  Line 106:12:  'videosLibresPreview' is assigned a value but never used        no-unused-vars
  Line 107:12:  'videosRestringidosPreview' is assigned a value but never used  no-unused-vars

src\Pages\Blog\AgregarCurso.jsx
  Line 43:3:  'colorControlSecundarioHoover' is defined but never used  no-unused-vars

src\Pages\Blog\EditarContenido.jsx
  Line 3:8:   'BotonEliminar' is defined but never used                 no-unused-vars
  Line 12:5:  'colorControlSecundarioHoover' is defined but never used  no-unused-vars
  Line 14:5:  'botonEditor' is defined but never used                   no-unused-vars
  Line 15:5:  'botonEditorBorde' is defined but never used              no-unused-vars
  Line 16:5:  'botonEditorFondoHoover' is defined but never used        no-unused-vars
  Line 17:5:  'botonEditorBordeHoover' is defined but never used        no-unused-vars

src\Pages\Cartera\Billetera.jsx
  Line 55:51:  React Hook useEffect has a missing dependency: 'cargarCarteraYHistorial'. Either include it or remove the dependency array  react-hooks/exhaustive-deps

src\Pages\Cartera\FreeBoocks\Catalogo.jsx
  Line 5:7:  'translateText' is assigned a value but never used  no-unused-vars

src\Pages\ComunidadPage.jsx
  Line 4:8:   'Anuncios' is defined but never used                    no-unused-vars
  Line 9:11:  'isActivaMembresia' is assigned a value but never used  no-unused-vars
  Line 11:9:  'isMobile' is assigned a value but never used           no-unused-vars

src\Pages\Comunidad\Referir.jsx
  Line 22:9:  'isMobile' is assigned a value but never used                                                                      no-unused-vars
  Line 36:6:  React Hook useMemo has an unnecessary dependency: 'isJardinero'. Either exclude it or remove the dependency array  react-hooks/exhaustive-deps

src\Pages\Coowork\Coowork.jsx
  Line 42:32:  'EmptyState' is defined but never used  no-unused-vars

src\Pages\Cursos\Curso.jsx
  Line 36:9:  'params' is assigned a value but never used  no-unused-vars

src\Pages\Cursos\EditarCurso.jsx
  Line 3:8:    'BotonEliminar' is defined but never used                 no-unused-vars
  Line 86:11:  'quillRefRestringido' is assigned a value but never used  no-unused-vars

src\Pages\Eventos\Evento.jsx
  Line 26:8:   'ContentCopyIcon' is defined but never used      no-unused-vars
  Line 105:9:  'handleCopy' is assigned a value but never used  no-unused-vars

src\Pages\Eventos\EventosGrid.jsx
  Line 15:3:   'CircularProgress' is defined but never used     no-unused-vars
  Line 40:11:  'roles' is assigned a value but never used       no-unused-vars
  Line 40:18:  'membresia' is assigned a value but never used   no-unused-vars
  Line 43:9:   'diasSemana' is assigned a value but never used  no-unused-vars

src\Pages\Food\ComidaOfertas.jsx
  Line 9:3:   'Button' is defined but never used                                                                                no-unused-vars
  Line 11:3:  'CardContent' is defined but never used                                                                           no-unused-vars
  Line 12:3:  'CardMedia' is defined but never used                                                                             no-unused-vars
  Line 17:3:  'Stack' is defined but never used                                                                                 no-unused-vars
  Line 27:3:  'Restaurant' is defined but never used                                                                            no-unused-vars
  Line 38:9:  'isMobile' is assigned a value but never used                                                                     no-unused-vars
  Line 53:6:  React Hook useEffect has a missing dependency: 'cargarOfertas'. Either include it or remove the dependency array  react-hooks/exhaustive-deps
  Line 64:6:  React Hook useEffect has a missing dependency: 'cargarOfertas'. Either include it or remove the dependency array  react-hooks/exhaustive-deps

src\Pages\Food\ComidaProducto.jsx
  Line 42:9:   'isMobilDevice' is assigned a value but never used         no-unused-vars
  Line 43:20:  'cart' is assigned a value but never used                  no-unused-vars
  Line 43:26:  'clearCart' is assigned a value but never used             no-unused-vars
  Line 52:10:  'selectedModifiers' is assigned a value but never used     no-unused-vars
  Line 52:29:  'setSelectedModifiers' is assigned a value but never used  no-unused-vars

src\Pages\Food\ComprarFoodProduct.jsx
  Line 1:107:  'Tooltip' is defined but never used                    no-unused-vars
  Line 5:10:   'AnimatePresence' is defined but never used            no-unused-vars
  Line 11:8:   'PagoPorTienda' is defined but never used              no-unused-vars
  Line 37:10:  'loading' is assigned a value but never used           no-unused-vars
  Line 37:19:  'setLoading' is assigned a value but never used        no-unused-vars
  Line 38:10:  'error' is assigned a value but never used             no-unused-vars
  Line 38:17:  'setError' is assigned a value but never used          no-unused-vars
  Line 41:25:  'setEnvioEstimado' is assigned a value but never used  no-unused-vars
  Line 42:23:  'setRankingInfo' is assigned a value but never used    no-unused-vars
  Line 43:10:  'resenasData' is assigned a value but never used       no-unused-vars
  Line 43:23:  'setResenasData' is assigned a value but never used    no-unused-vars
  Line 46:21:  'setCarritoId' is assigned a value but never used      no-unused-vars

src\Pages\Food\Food.jsx
  Line 5:8:   'ProductoCard' is defined but never used          no-unused-vars
  Line 8:8:   'useProductos' is defined but never used          no-unused-vars
  Line 16:3:  'TextField' is defined but never used             no-unused-vars
  Line 18:3:  'Pagination' is defined but never used            no-unused-vars
  Line 43:9:  'SELL_ORANGE' is assigned a value but never used  no-unused-vars
  Line 46:9:  'isDesktop' is assigned a value but never used    no-unused-vars

src\Pages\Food\RegistroRestaurante.jsx
  Line 31:9:   'location' is assigned a value but never used             no-unused-vars
  Line 61:10:  'obteniendoUbicacion' is assigned a value but never used  no-unused-vars
  Line 62:10:  'mapCenter' is assigned a value but never used            no-unused-vars

src\Pages\Food\Restaurant.jsx
  Line 2:21:  'useLocation' is defined but never used                    no-unused-vars
  Line 4:8:   'Tabs' is defined but never used                           no-unused-vars
  Line 5:8:   'Tab' is defined but never used                            no-unused-vars
  Line 6:45:  'useMediaQuery' is defined but never used                  no-unused-vars
  Line 6:60:  'useTheme' is defined but never used                       no-unused-vars
  Line 8:8:   'StoreImagePlaceholder' is defined but never used          no-unused-vars
  Line 10:8:  'ProductosRestaurante' is defined but never used           no-unused-vars
  Line 11:8:  'AgregarProducto' is defined but never used                no-unused-vars
  Line 15:7:  'restaurantSectionKey' is assigned a value but never used  no-unused-vars
  Line 17:7:  'TABS' is assigned a value but never used                  no-unused-vars

src\Pages\Food\RestaurantAdministration.jsx
  Line 34:9:   'location' is assigned a value but never used        no-unused-vars
  Line 35:9:   'navigate' is assigned a value but never used        no-unused-vars
  Line 36:11:  'user' is assigned a value but never used            no-unused-vars
  Line 39:9:   'isMobileDevice' is assigned a value but never used  no-unused-vars

src\Pages\HomeRoute.jsx
  Line 27:8:  'TokenRoundedIcon' is defined but never used  no-unused-vars

src\Pages\Info\QuienesSomos.jsx
  Line 30:8:  'TrendingUpRoundedIcon' is defined but never used  no-unused-vars
  Line 34:8:  'economyImage' is defined but never used           no-unused-vars

src\Pages\IntegrarmeComunidad.jsx
  Line 188:10:  'openFaq' is assigned a value but never used     no-unused-vars
  Line 188:19:  'setOpenFaq' is assigned a value but never used  no-unused-vars
  Line 190:9:   'irACrear' is assigned a value but never used    no-unused-vars

src\Pages\MarketPlace\AgregarProducto.jsx
  Line 10:23:  'validarPaso1' is defined but never used               no-unused-vars
  Line 10:37:  'validarPaso2' is defined but never used               no-unused-vars
  Line 28:10:  'storeCP' is assigned a value but never used           no-unused-vars
  Line 34:11:  'getStoreByEmail' is assigned a value but never used   no-unused-vars
  Line 52:5:   'setFormSubmitted' is assigned a value but never used  no-unused-vars

src\Pages\MarketPlace\Compras.jsx
  Line 2:38:   'useMemo' is defined but never used         no-unused-vars
  Line 2:60:   'useRef' is defined but never used          no-unused-vars
  Line 20:3:   'Paper' is defined but never used           no-unused-vars
  Line 29:18:  'number' is defined but never used          no-unused-vars
  Line 35:8:   'FavoriteIcon' is defined but never used    no-unused-vars
  Line 36:8:   'StarIcon' is defined but never used        no-unused-vars
  Line 37:8:   'StarBorderIcon' is defined but never used  no-unused-vars

src\Pages\MarketPlace\FinalizarCompra.jsx
  Line 77:11:  'total' is assigned a value but never used           no-unused-vars
  Line 77:18:  'updateQuantity' is assigned a value but never used  no-unused-vars
  Line 83:10:  'localItems' is assigned a value but never used      no-unused-vars
  Line 84:10:  'localTotal' is assigned a value but never used      no-unused-vars

src\Pages\MarketPlace\FinalizarCompraProducto.jsx
  Line 8:8:    'ArrowBackIcon' is defined but never used         no-unused-vars
  Line 67:10:  'loading' is assigned a value but never used      no-unused-vars
  Line 68:10:  'error' is assigned a value but never used        no-unused-vars
  Line 73:10:  'resenasData' is assigned a value but never used  no-unused-vars

src\Pages\MarketPlace\MarketPage.jsx
  Line 21:3:  'TextField' is defined but never used                      no-unused-vars
  Line 24:3:  'Pagination' is defined but never used                     no-unused-vars
  Line 33:9:  'navigate' is assigned a value but never used              no-unused-vars
  Line 34:9:  'location' is assigned a value but never used              no-unused-vars
  Line 42:5:  'calificacionPromedio' is assigned a value but never used  no-unused-vars

src\Pages\MarketPlace\MarketPlace.jsx
  Line 54:12:  'errorFiltros' is assigned a value but never used  no-unused-vars

src\Pages\MarketPlace\PagosTienda.jsx
  Line 63:11:  'slug' is assigned a value but never used  no-unused-vars

src\Pages\MarketPlace\PedidosEntregados.jsx
  Line 239:21:  'subtotal' is assigned a value but never used  no-unused-vars
  Line 240:21:  'envio' is assigned a value but never used     no-unused-vars

src\Pages\MarketPlace\PedidosPendientes.jsx
  Line 2:38:   'useCallback' is defined but never used                      no-unused-vars
  Line 57:11:  'user' is assigned a value but never used                    no-unused-vars
  Line 57:17:  'getAccessTokenSilently' is assigned a value but never used  no-unused-vars
  Line 57:41:  'isAuthenticated' is assigned a value but never used         no-unused-vars
  Line 62:10:  'pagination' is assigned a value but never used              no-unused-vars
  Line 67:9:   'conAutenticacion' is assigned a value but never used        no-unused-vars

src\Pages\MarketPlace\Producto.jsx
  Line 13:3:   'Button' is defined but never used                no-unused-vars
  Line 33:8:   'PreguntasProducto' is defined but never used     no-unused-vars
  Line 68:10:  'resenasData' is assigned a value but never used  no-unused-vars

src\Pages\MarketPlace\RegisterStoreStepper.jsx
  Line 33:9:  'location' is assigned a value but never used          no-unused-vars
  Line 64:5:  'finishStoreSetup' is assigned a value but never used  no-unused-vars

src\Pages\MarketPlace\RegistroTienda.jsx
  Line 5:3:    'Stepper' is defined but never used                    no-unused-vars
  Line 6:3:    'Step' is defined but never used                       no-unused-vars
  Line 7:3:    'StepLabel' is defined but never used                  no-unused-vars
  Line 9:3:    'TextField' is defined but never used                  no-unused-vars
  Line 10:3:   'CircularProgress' is defined but never used           no-unused-vars
  Line 15:10:  'slugify' is defined but never used                    no-unused-vars
  Line 16:10:  'GoogleMap' is defined but never used                  no-unused-vars
  Line 16:21:  'Marker' is defined but never used                     no-unused-vars
  Line 22:8:   'ActivaTuMembresia' is defined but never used          no-unused-vars
  Line 25:7:   'steps' is assigned a value but never used             no-unused-vars
  Line 28:9:   'location' is assigned a value but never used          no-unused-vars
  Line 29:9:   'navigate' is assigned a value but never used          no-unused-vars
  Line 33:10:  'activeStep' is assigned a value but never used        no-unused-vars
  Line 34:10:  'storeName' is assigned a value but never used         no-unused-vars
  Line 34:21:  'setStoreName' is assigned a value but never used      no-unused-vars
  Line 35:10:  'error' is assigned a value but never used             no-unused-vars
  Line 35:17:  'setError' is assigned a value but never used          no-unused-vars
  Line 36:10:  'loading' is assigned a value but never used           no-unused-vars
  Line 36:19:  'setLoading' is assigned a value but never used        no-unused-vars
  Line 37:10:  'laTienda' is assigned a value but never used          no-unused-vars
  Line 38:10:  'direccionData' is assigned a value but never used     no-unused-vars
  Line 48:5:   'createStore' is assigned a value but never used       no-unused-vars
  Line 49:5:   'getStoreBySlug' is assigned a value but never used    no-unused-vars
  Line 51:5:   'updateStore' is assigned a value but never used       no-unused-vars
  Line 52:5:   'onboardingStripe' is assigned a value but never used  no-unused-vars
  Line 53:5:   'createDireccion' is assigned a value but never used   no-unused-vars
  Line 54:5:   'finishStoreSetup' is assigned a value but never used  no-unused-vars

src\Pages\MiMembresia.jsx
  Line 5:11:  'roles' is assigned a value but never used  no-unused-vars

src\Pages\Notificacion.jsx
  Line 40:9:  The 'notificaciones' logical expression could make the dependencies of useMemo Hook (at line 58) change on every render. Move it inside the useMemo callback. Alternatively, wrap the initialization of 'notificaciones' in its own useMemo() Hook  react-hooks/exhaustive-deps

src\Pages\Notificacions.jsx
  Line 67:9:   The 'notificaciones' logical expression could make the dependencies of useMemo Hook (at line 148) change on every render. To fix this, wrap the initialization of 'notificaciones' in its own useMemo() Hook  react-hooks/exhaustive-deps
  Line 82:20:  'setPageSize' is assigned a value but never used                                                                                                                                                              no-unused-vars
  Line 108:6:  React Hook useEffect has a missing dependency: 'notificaciones'. Either include it or remove the dependency array                                                                                             react-hooks/exhaustive-deps
  Line 108:7:  React Hook useEffect has a complex expression in the dependency array. Extract it to a separate variable so it can be statically checked                                                                      react-hooks/exhaustive-deps

src\Pages\PreRegistroConductor.jsx
  Line 11:9:  'navigate' is assigned a value but never used  no-unused-vars

src\Pages\TaxisRoute.jsx
  Line 17:9:  The 'actualRoles' conditional could make the dependencies of useEffect Hook (at line 61) change on every render. To fix this, wrap the initialization of 'actualRoles' in its own useMemo() Hook  react-hooks/exhaustive-deps

src\Routes\index.jsx
  Line 16:8:    'MarketRoute' is defined but never used          no-unused-vars
  Line 21:8:    'GenRoute' is defined but never used             no-unused-vars
  Line 44:8:    'WikiHome' is defined but never used             no-unused-vars
  Line 60:8:    'NavBar' is defined but never used               no-unused-vars
  Line 63:8:    'LmAi' is defined but never used                 no-unused-vars
  Line 64:8:    'TTS' is defined but never used                  no-unused-vars
  Line 65:8:    'TextToSpeech' is defined but never used         no-unused-vars
  Line 111:8:   'ComunidadPage' is defined but never used        no-unused-vars
  Line 127:8:   'RegistroTiendaPage' is defined but never used   no-unused-vars
  Line 260:7:   'WikiLayout' is assigned a value but never used  no-unused-vars
  Line 295:11:  'roleValues' is assigned a value but never used  no-unused-vars

src\components\Academia\Rompecabezas.jsx
  Line 38:9:   'navigate' is assigned a value but never used                                                                no-unused-vars
  Line 40:9:   'location' is assigned a value but never used                                                                no-unused-vars
  Line 112:6:  React Hook useEffect has a missing dependency: 'controls'. Either include it or remove the dependency array  react-hooks/exhaustive-deps

src\components\Anuncios\AnunciosPorDefecto.jsx
  Line 2:28:    'useMemo' is defined but never used                                                                                                                                                                                                                                                           no-unused-vars
  Line 99:6:    React Hook useEffect has a missing dependency: 'initialPercentages'. Either include it or remove the dependency array. If 'setPositions' needs the current value of 'initialPercentages', you can also switch to useReducer instead of useState and read 'initialPercentages' in the reducer  react-hooks/exhaustive-deps
  Line 99:14:   React Hook useEffect has a complex expression in the dependency array. Extract it to a separate variable so it can be statically checked                                                                                                                                                      react-hooks/exhaustive-deps
  Line 216:10:  'updatingAdId' is assigned a value but never used                                                                                                                                                                                                                                             no-unused-vars

src\components\Anuncios\AnunciosProgramados.jsx
  Line 10:11:  'userData' is assigned a value but never used  no-unused-vars

src\components\AuthGate.jsx
  Line 37:9:  'navigate' is assigned a value but never used  no-unused-vars

src\components\Blog\BotonEliminar.jsx
  Line 6:11:  'isAuthenticated' is assigned a value but never used  no-unused-vars
  Line 6:39:  'user' is assigned a value but never used             no-unused-vars

src\components\Blog\Contenidos.jsx
  Line 34:9:   'esEditor' is assigned a value but never used                                                                       no-unused-vars
  Line 49:9:   'titulo' is already defined                                                                                         no-redeclare
  Line 53:9:   'titulo' is already defined                                                                                         no-redeclare
  Line 54:9:   'mostrarCategorias' is already defined                                                                              no-redeclare
  Line 58:9:   'titulo' is already defined                                                                                         no-redeclare
  Line 59:9:   'mostrarCategorias' is already defined                                                                              no-redeclare
  Line 65:9:   'clasifica' is assigned a value but never used                                                                      no-unused-vars
  Line 84:9:   'isDesktop' is assigned a value but never used                                                                      no-unused-vars
  Line 101:6:  React Hook useEffect has a missing dependency: 'getCategorias'. Either include it or remove the dependency array    react-hooks/exhaustive-deps
  Line 119:6:  React Hook useEffect has a missing dependency: 'fetchContenidos'. Either include it or remove the dependency array  react-hooks/exhaustive-deps
  Line 148:4:  React Hook useEffect has a missing dependency: 'toRender'. Either include it or remove the dependency array         react-hooks/exhaustive-deps

src\components\BottomSheet.jsx
  Line 1:38:  'useRef' is defined but never used  no-unused-vars

src\components\Cursos\Cursos.jsx
  Line 19:3:   'CircularProgress' is defined but never used           no-unused-vars
  Line 48:9:   'titulo' is already defined                            no-redeclare
  Line 52:9:   'titulo' is already defined                            no-redeclare
  Line 53:9:   'mostrarCategorias' is already defined                 no-redeclare
  Line 56:9:   'titulo' is already defined                            no-redeclare
  Line 57:9:   'mostrarCategorias' is already defined                 no-redeclare
  Line 61:9:   'clasifica' is assigned a value but never used         no-unused-vars
  Line 80:9:   'isDesktop' is assigned a value but never used         no-unused-vars
  Line 89:10:  'loadingMisCursos' is assigned a value but never used  no-unused-vars

src\components\Eventos\UbicacionEvento.jsx
  Line 59:10:  'direccion' is assigned a value but never used  no-unused-vars

src\components\Eventos\index.jsx
  Line 3:15:  'Typography' is defined but never used  no-unused-vars

src\components\Food\AgregarProducto.jsx
  Line 116:3:  Duplicate key 'calorias'  no-dupe-keys

src\components\Food\DetalleFoodProduct.jsx
  Line 2:17:   'useEffect' is defined but never used                no-unused-vars
  Line 13:3:   'IconButton' is defined but never used               no-unused-vars
  Line 21:8:   'FavoriteBorderIcon' is defined but never used       no-unused-vars
  Line 22:8:   'FavoriteIcon' is defined but never used             no-unused-vars
  Line 32:7:   'STRAPI_URL' is assigned a value but never used      no-unused-vars
  Line 62:7:   'usa_stock' is assigned a value but never used       no-unused-vars
  Line 71:10:  'costoEnvio' is assigned a value but never used      no-unused-vars
  Line 71:22:  'setCostoEnvio' is assigned a value but never used   no-unused-vars
  Line 77:10:  'favAdded' is assigned a value but never used        no-unused-vars
  Line 80:24:  'existeFavorito' is assigned a value but never used  no-unused-vars

src\components\Food\FoodCheckout.jsx
  Line 52:14:  'uberLoading' is assigned a value but never used       no-unused-vars
  Line 53:12:  'uberError' is assigned a value but never used         no-unused-vars
  Line 56:5:   'getRestaurantFee' is assigned a value but never used  no-unused-vars
  Line 66:10:  'errorCotizacion' is assigned a value but never used   no-unused-vars

src\components\Food\FoodCheckoutPago.jsx
  Line 12:3:  'CardContent' is defined but never used  no-unused-vars

src\components\Food\FoodOrderDetailModal.jsx
  Line 16:3:  'Payment' is defined but never used  no-unused-vars

src\components\Food\FoodProductCard.jsx
  Line 30:5:   'calificaciones' is assigned a value but never used          no-unused-vars
  Line 31:5:   'vendidos' is assigned a value but never used                no-unused-vars
  Line 33:5:   'descripcion' is assigned a value but never used             no-unused-vars
  Line 36:5:   'calorias' is assigned a value but never used                no-unused-vars
  Line 38:5:   'porciones' is assigned a value but never used               no-unused-vars
  Line 39:5:   'es_picante' is assigned a value but never used              no-unused-vars
  Line 40:5:   'nivel_picante' is assigned a value but never used           no-unused-vars
  Line 47:5:   'ingredientes' is assigned a value but never used            no-unused-vars
  Line 48:5:   'alergenos' is assigned a value but never used               no-unused-vars
  Line 49:5:   'temperatura' is assigned a value but never used             no-unused-vars
  Line 50:5:   'horario_disponibilidad' is assigned a value but never used  no-unused-vars
  Line 51:5:   'fecha_creacion' is assigned a value but never used          no-unused-vars
  Line 53:5:   'owner_email' is assigned a value but never used             no-unused-vars
  Line 57:9:   'theme' is assigned a value but never used                   no-unused-vars
  Line 59:20:  'setFavorito' is assigned a value but never used             no-unused-vars
  Line 60:10:  'activado' is assigned a value but never used                no-unused-vars
  Line 60:20:  'setActivado' is assigned a value but never used             no-unused-vars
  Line 65:9:   'promedioDisplay' is assigned a value but never used         no-unused-vars

src\components\Food\ModificadoresOferta.jsx
  Line 1:17:  'useMemo' is defined but never used  no-unused-vars

src\components\Food\ModificadoresRestaurante.jsx
  Line 28:3:  'Delete' is defined but never used  no-unused-vars

src\components\Food\OfertasRestaurante.jsx
  Line 1:28:  'useMemo' is defined but never used                      no-unused-vars
  Line 19:3:  'Select' is defined but never used                       no-unused-vars
  Line 29:3:  'Edit' is defined but never used                         no-unused-vars
  Line 31:3:  'Restaurant' is defined but never used                   no-unused-vars
  Line 40:5:  'loading' is assigned a value but never used             no-unused-vars
  Line 41:5:  'error' is assigned a value but never used               no-unused-vars
  Line 64:9:  'handleEditarOferta' is assigned a value but never used  no-unused-vars

src\components\Food\PagoPedidoRestaurante.jsx
  Line 29:26:  'setUploadedFileId' is assigned a value but never used   no-unused-vars
  Line 30:27:  'setUploadedFileUrl' is assigned a value but never used  no-unused-vars

src\components\Food\PedidoDetalleModal.jsx
  Line 18:8:  'LocalShippingIcon' is defined but never used  no-unused-vars

src\components\Food\PedidosRestaurante.jsx
  Line 9:3:   'IconButton' is defined but never used                          no-unused-vars
  Line 13:3:  'Tooltip' is defined but never used                             no-unused-vars
  Line 21:8:  'CheckCircleOutlineOutlinedIcon' is defined but never used      no-unused-vars
  Line 69:5:  'updatingPedido' is assigned a value but never used             no-unused-vars
  Line 70:5:  'error' is assigned a value but never used                      no-unused-vars
  Line 74:5:  'marcarEntregado' is assigned a value but never used            no-unused-vars
  Line 75:5:  'cancelar' is assigned a value but never used                   no-unused-vars
  Line 79:5:  'limpiarPedidoSeleccionado' is assigned a value but never used  no-unused-vars

src\components\Food\ProductoCardOwner.jsx
  Line 1:17:   'useEffect' is defined but never used                        no-unused-vars
  Line 19:8:   'LocalShippingIcon' is defined but never used                no-unused-vars
  Line 20:8:   'AddShoppingCartIcon' is defined but never used              no-unused-vars
  Line 21:8:   'PlaceIcon' is defined but never used                        no-unused-vars
  Line 41:5:   'es_picante' is assigned a value but never used              no-unused-vars
  Line 48:5:   'contiene_cerdo' is assigned a value but never used          no-unused-vars
  Line 52:5:   'horario_disponibilidad' is assigned a value but never used  no-unused-vars
  Line 53:5:   'fecha_creacion' is assigned a value but never used          no-unused-vars
  Line 55:5:   'owner_email' is assigned a value but never used             no-unused-vars
  Line 58:9:   'theme' is assigned a value but never used                   no-unused-vars
  Line 59:9:   'navigate' is assigned a value but never used                no-unused-vars
  Line 60:20:  'setFavorito' is assigned a value but never used             no-unused-vars
  Line 61:20:  'setActivado' is assigned a value but never used             no-unused-vars

src\components\Food\ProductoVarianteFormDialog.jsx
  Line 100:6:  React Hook useEffect has missing dependencies: 'alergenosBase', 'imagenPredeterminadaBase', 'imagenesBase', and 'ingredientesBase'. Either include them or remove the dependency array. If 'setIngredientes' needs the current value of 'ingredientesBase', you can also switch to useReducer instead of useState and read 'ingredientesBase' in the reducer  react-hooks/exhaustive-deps

src\components\Home\Intro.jsx
  Line 36:6:  React Hook useEffect has a missing dependency: 'characters.length'. Either include it or remove the dependency array     react-hooks/exhaustive-deps
  Line 41:6:  React Hook useEffect has a missing dependency: 'rotatingInner.length'. Either include it or remove the dependency array  react-hooks/exhaustive-deps

src\components\MarketPlace\BotonVender.jsx
  Line 3:10:   'useEffect' is defined but never used          no-unused-vars
  Line 11:10:  'checking' is assigned a value but never used  no-unused-vars

src\components\MarketPlace\Buscador.jsx
  Line 6:3:   'InputAdornment' is defined but never used  no-unused-vars
  Line 11:8:  'SearchOffIcon' is defined but never used   no-unused-vars
  Line 12:8:  'SearchIcon' is defined but never used      no-unused-vars

src\components\MarketPlace\CalificarCompras.jsx
  Line 8:3:  'CardContent' is defined but never used  no-unused-vars

src\components\MarketPlace\CategoriaCard.jsx
  Line 16:9:  'handleClick' is assigned a value but never used  no-unused-vars

src\components\MarketPlace\CategoriasSlider.jsx
  Line 8:9:  'isDesktop' is assigned a value but never used  no-unused-vars

src\components\MarketPlace\ChecarPagoTienda.jsx
  Line 33:9:  'hasPago' is assigned a value but never used  no-unused-vars

src\components\MarketPlace\DetalleProducto.jsx
  Line 24:8:   'useFavoritos' is defined but never used         no-unused-vars
  Line 48:11:  'user' is assigned a value but never used        no-unused-vars
  Line 59:10:  'favoritoId' is assigned a value but never used  no-unused-vars

src\components\MarketPlace\DireccionSelector.jsx
  Line 59:10:  'mapCenter' is assigned a value but never used            no-unused-vars
  Line 60:10:  'obteniendoUbicacion' is assigned a value but never used  no-unused-vars

src\components\MarketPlace\PagoPorTienda.jsx
  Line 38:26:  'setUploadedFileId' is assigned a value but never used   no-unused-vars
  Line 39:27:  'setUploadedFileUrl' is assigned a value but never used  no-unused-vars

src\components\MarketPlace\PreguntasProductoHeader.jsx
  Line 23:8:  React Hook useEffect has a missing dependency: 'obtenerPreguntas'. Either include it or remove the dependency array  react-hooks/exhaustive-deps

src\components\MarketPlace\PreguntasProductos.jsx
  Line 5:3:   'TextField' is defined but never used    no-unused-vars
  Line 6:3:   'Button' is defined but never used       no-unused-vars
  Line 7:3:   'Divider' is defined but never used      no-unused-vars
  Line 12:3:  'Card' is defined but never used         no-unused-vars
  Line 13:3:  'Stack' is defined but never used        no-unused-vars
  Line 14:3:  'CardContent' is defined but never used  no-unused-vars
  Line 15:3:  'Chip' is defined but never used         no-unused-vars

src\components\MarketPlace\PreguntasProductosNew.jsx
  Line 54:6:  React Hook useEffect has a missing dependency: 'cargarPreguntas'. Either include it or remove the dependency array  react-hooks/exhaustive-deps

src\components\MarketPlace\ProductoCard.jsx
  Line 45:7:   'FAVORITOS_URL' is assigned a value but never used  no-unused-vars
  Line 69:9:   'theme' is assigned a value but never used          no-unused-vars
  Line 73:10:  'favoritoId' is assigned a value but never used     no-unused-vars

src\components\Membresias\MembershipCheckout.jsx
  Line 58:53:  'logout' is assigned a value but never used  no-unused-vars

src\components\Membresias\MiMembresia.jsx
  Line 3:52:  'CircularProgress' is defined but never used  no-unused-vars

src\components\Membresias\ProbarMembresia.jsx
  Line 22:10:  'plane' is assigned a value but never used  no-unused-vars

src\components\NavBar\NavBar.jsx
  Line 57:10:  'isInfoMenuOpen' is assigned a value but never used                                                            no-unused-vars
  Line 62:9:   'InfoRef' is assigned a value but never used                                                                   no-unused-vars
  Line 142:9:  'toggleTopBar' is assigned a value but never used                                                              no-unused-vars
  Line 163:6:  React Hook useEffect has a missing dependency: 'topBarOpen'. Either include it or remove the dependency array  react-hooks/exhaustive-deps
  Line 192:9:  'pushLocalNotification' is assigned a value but never used                                                     no-unused-vars

src\components\NavBar\NavButton.jsx
  Line 6:9:  'navigate' is assigned a value but never used  no-unused-vars

src\components\NavBar\NotificationsIcon.jsx
  Line 17:47:  'loading' is assigned a value but never used  no-unused-vars

src\components\NavBar\UserIcon.jsx
  Line 1:38:  'useRef' is defined but never used                                                                                                                                                                                                                                   no-unused-vars
  Line 11:5:  'isLoading' is assigned a value but never used                                                                                                                                                                                                                       no-unused-vars
  Line 14:5:  'getAccessTokenSilently' is assigned a value but never used                                                                                                                                                                                                          no-unused-vars
  Line 15:5:  'error' is assigned a value but never used                                                                                                                                                                                                                           no-unused-vars
  Line 27:6:  React Hook useEffect has a missing dependency: 'guestImage'. Either include it or remove the dependency array. If 'setImageSrc' needs the current value of 'guestImage', you can also switch to useReducer instead of useState and read 'guestImage' in the reducer  react-hooks/exhaustive-deps

src\components\ShareButton.jsx
  Line 133:11:  'text' is assigned a value but never used  no-unused-vars

src\components\Taxis\AdeudoWarning.jsx
  Line 24:11:  'phone' is assigned a value but never used  no-unused-vars

src\components\Taxis\ConductorRender.jsx
  Line 14:21:  'formatPrice' is assigned a value but never used  no-unused-vars
  Line 68:11:  'STRAPI_URL' is assigned a value but never used   no-unused-vars

src\components\Taxis\Invitado.jsx
  Line 240:9:   The href attribute requires a valid value to be accessible. Provide a valid, navigable address as the href value. If you cannot provide a valid href, but still need the element to resemble a link, use a button and change it with appropriate styles. Learn more: https://github.com/jsx-eslint/eslint-plugin-jsx-a11y/blob/HEAD/docs/rules/anchor-is-valid.md  jsx-a11y/anchor-is-valid
  Line 301:13:  The href attribute requires a valid value to be accessible. Provide a valid, navigable address as the href value. If you cannot provide a valid href, but still need the element to resemble a link, use a button and change it with appropriate styles. Learn more: https://github.com/jsx-eslint/eslint-plugin-jsx-a11y/blob/HEAD/docs/rules/anchor-is-valid.md  jsx-a11y/anchor-is-valid
  Line 320:13:  Duplicate key 'color'                                                                                                                                                                                                                                                                                                                                              no-dupe-keys
  Line 338:11:  The href attribute requires a valid value to be accessible. Provide a valid, navigable address as the href value. If you cannot provide a valid href, but still need the element to resemble a link, use a button and change it with appropriate styles. Learn more: https://github.com/jsx-eslint/eslint-plugin-jsx-a11y/blob/HEAD/docs/rules/anchor-is-valid.md  jsx-a11y/anchor-is-valid

src\components\Taxis\Pasajero.jsx
  Line 16:7:   'DEFAULT_FROM' is assigned a value but never used        no-unused-vars
  Line 51:10:  'fromMarkerPosition' is assigned a value but never used  no-unused-vars
  Line 52:10:  'toMarkerPosition' is assigned a value but never used    no-unused-vars
  Line 66:10:  'debtsError' is assigned a value but never used          no-unused-vars

src\components\Taxis\Roles.jsx
  Line 1:17:  'useState' is defined but never used   no-unused-vars
  Line 1:27:  'useEffect' is defined but never used  no-unused-vars
  Line 1:38:  'useRef' is defined but never used     no-unused-vars
  Line 2:29:  'Button' is defined but never used     no-unused-vars
  Line 2:37:  'Link' is defined but never used       no-unused-vars

src\components\Taxis\driver-verification\VerificationSidebar.jsx
  Line 5:3:   'Box' is defined but never used             no-unused-vars
  Line 7:3:   'LinearProgress' is defined but never used  no-unused-vars
  Line 12:3:  'Stack' is defined but never used           no-unused-vars

src\components\Taxiz\ConductorRender.jsx
  Line 14:21:  'formatPrice' is assigned a value but never used  no-unused-vars

src\components\Taxiz\ConfirmPayment.jsx
  Line 1:17:  'useEffect' is defined but never used  no-unused-vars

src\components\Taxiz\ConfirmarCancelar.jsx
  Line 1:28:  'useState' is defined but never used                                                                                                                                                                                                             no-unused-vars
  Line 14:8:  React Hook useEffect has missing dependencies: 'onSubmit' and 'setOpen'. Either include them or remove the dependency array. If 'onSubmit' changes too often, find the parent component that defines it and wrap that definition in useCallback  react-hooks/exhaustive-deps

src\components\Taxiz\Pasajero.jsx
  Line 24:10:  'fromMarkerPosition' is assigned a value but never used  no-unused-vars
  Line 25:10:  'toMarkerPosition' is assigned a value but never used    no-unused-vars
  Line 51:10:  'offers' is assigned a value but never used              no-unused-vars

src\components\Taxiz\PasajeroTermsModal.jsx
  Line 22:11:  Duplicate key 'position'  no-dupe-keys

src\components\Taxiz\PreRegistroConductor2.jsx
  Line 442:9:  'currentDocsList' is assigned a value but never used  no-unused-vars

src\components\Taxiz\RequisitosConductor.jsx
  Line 10:9:  'navigate' is assigned a value but never used  no-unused-vars

src\components\Taxiz\Roles.jsx
  Line 1:17:  'useState' is defined but never used   no-unused-vars
  Line 1:27:  'useEffect' is defined but never used  no-unused-vars
  Line 1:38:  'useRef' is defined but never used     no-unused-vars
  Line 2:29:  'Button' is defined but never used     no-unused-vars
  Line 2:37:  'Link' is defined but never used       no-unused-vars

src\components\Taxiz\TripView.jsx
  Line 13:8:   'guestImage' is defined but never used                         no-unused-vars
  Line 91:10:  'loadingViaje' is assigned a value but never used              no-unused-vars
  Line 92:30:  'setDriverPaymentState' is assigned a value but never used     no-unused-vars
  Line 93:33:  'setPassengerPaymentState' is assigned a value but never used  no-unused-vars

src\components\Usuarios\Favoritos.jsx
  Line 95:73:  React Hook useMemo has a missing dependency: 'tabs'. Either include it or remove the dependency array  react-hooks/exhaustive-deps

src\components\Usuarios\Perfil.jsx
  Line 400:47:  Unnecessary escape character: \:  no-useless-escape

src\components\components\Taxis\RequisitosConductor.jsx
  Line 31:11:  Duplicate key 'position'  no-dupe-keys

src\hooks\food\useProductsRestaurant.jsx
  Line 11:17:  'setError' is assigned a value but never used  no-unused-vars

src\hooks\storeAdmin\useStoreAdminPedidos.jsx
  Line 1:20:  'useEffect' is defined but never used    no-unused-vars
  Line 1:31:  'useCallback' is defined but never used  no-unused-vars

src\hooks\useAdRewards.jsx
  Line 143:6:  React Hook useCallback has a missing dependency: 'refreshSesion'. Either include it or remove the dependency array  react-hooks/exhaustive-deps
  Line 150:6:  React Hook useCallback has a missing dependency: 'refreshSesion'. Either include it or remove the dependency array  react-hooks/exhaustive-deps
  Line 175:6:  React Hook useEffect has a missing dependency: 'setEstadoItem'. Either include it or remove the dependency array    react-hooks/exhaustive-deps

src\hooks\useContenido.jsx
  Line 1:20:   'useEffect' is defined but never used                        no-unused-vars
  Line 12:15:  'getAccessTokenSilently' is assigned a value but never used  no-unused-vars
  Line 18:17:  'setTotal' is assigned a value but never used                no-unused-vars

src\hooks\useCursos.jsx
  Line 12:17:  'getAccessTokenSilently' is assigned a value but never used                                                                          no-unused-vars
  Line 25:17:  'setTotal' is assigned a value but never used                                                                                        no-unused-vars
  Line 31:6:   React Hook useEffect has missing dependencies: 'fetchCursos' and 'fetchMaestro'. Either include them or remove the dependency array  react-hooks/exhaustive-deps

src\hooks\useEventos.jsx
  Line 35:6:  React Hook useEffect has a missing dependency: 'fetchEventos'. Either include it or remove the dependency array  react-hooks/exhaustive-deps

src\hooks\useProductos.jsx
  Line 114:10:  'producto' is assigned a value but never used    no-unused-vars
  Line 124:9:   'mountedRef' is assigned a value but never used  no-unused-vars

src\hooks\useSkills\useSkills.js
  Line 24:11:  'user' is assigned a value but never used  no-unused-vars

src\hooks\useStores.jsx
  Line 2:10:  'slugify' is defined but never used  no-unused-vars

src\services\adRewards\mutationsServices.js
  Line 3:7:  'authHeaders' is assigned a value but never used  no-unused-vars

src\services\adRewards\queryServices.js
  Line 3:7:  'authHeaders' is assigned a value but never used  no-unused-vars

src\services\wikiService.ts
  Line 21:46:  Unnecessary escape character: \/  no-useless-escape

webpack compiled with 1 warning
No issues found.
